address,tx,block,log_index,from,received_tokens,priced_tokens,execution_cost_usd,execution_cost_eth,method
0x5c3e5b6780dc15b705f606f19b6a9206fea39cdf,0x83ce85ef98b74efb96b0d9d7723b1747ae98d0a0b16182fe25fe8d489e6e8045,50397732,5,0x7692acc1cdd771d09ebcae3663e1843b2911bec7,15739557.585596579817272101,15739557.585596579817272101,1246.1238387675,0.495,same_tx_swap_flow_allocation
0x461d5072f3eef08dedc4a7d74fb6d79f99e25e73,0x460d6450a63be4286439d60bd63a2abb5fcf92f649e22d82ae6f9efadfb1ffc1,50397733,819,0xb92fe925dc43a0ecde6c8b1a2709c170ec4fff4f,8516840.763547261105763895,8516840.7635472611057638950000000000000000000000,847.11372790853482363499492053662485575082402529309715338268562076,0.33650050040729627999999996048998569427944277249321889871099944203,same_tx_swap_flow_allocation
0xfc90fd5e560471fab35e3703bf5ea4c54acee766,0x98dda106ff59a501124d40ea5240c60f9b9132d8a04b110b4c06c0a7eb8f1d30,50397734,547,0xb92fe925dc43a0ecde6c8b1a2709c170ec4fff4f,14678767.45592116512727801,14678767.455921165127278009000000000000000000000000068125610886806,1816.3932581386590466024203347570996786275198827221185392627598609,0.72152914085001446899999995084538650696030437213690078796164942347,same_tx_swap_flow_allocation
0x9622a7905307abe9686999c400b85a7b30775345,0x4b3e4a627a07149539e2b3f23c2a52ba63af13ac5299e3a3634d8b149c1cf9e5,50397736,529,0x7692acc1cdd771d09ebcae3663e1843b2911bec7,3041130.464383892559765671,3041130.464383892559765671,483.496049441790,0.19206,same_tx_swap_flow_allocation
0x211c8e97a504d2d142bc945334d4a88bd3270b4d,0x0234eec5fa8bfeea135c00ad5a0821158556f7acb59f720f70a32238d1bb9999,50397740,977,0xb92fe925dc43a0ecde6c8b1a2709c170ec4fff4f,4904697.55563910291815693,4904697.5556391029181569290000000000000000000000002038861700759234,940.08256156584872092511145183016696717562000391645884161189272419,0.37343067638875155899999992386264960223588013266351552194496959409,same_tx_swap_flow_allocation
0x2bb2173427bb17b78adaa3d5fad9716328c3d262,0x32e1648d0b096b34508aa8074661b2329241565b7b3536b6c4ab91b32a6c8c97,50397744,793,0xb92fe925dc43a0ecde6c8b1a2709c170ec4fff4f,4912029.829281029876532699,4912029.829281029876532699,994.0564968575568623519669530,0.394870839186552242,same_tx_swap_flow_allocation
0xedc64b69677652e94d8bbcc926c88f7fa118da6f,0xbbdb9997589dcf9c7d4c5250009e38d7f3decee7bd6026951857f0acf2a75eb1,50397746,472,0x7692acc1cdd771d09ebcae3663e1843b2911bec7,3102012.068553727914545042,3102012.068553727914545042,579.3038538473978077200033140,0.230117905406642596,same_tx_swap_flow_allocation
0x2bb2173427bb17b78adaa3d5fad9716328c3d262,0x91eaa6cfea11c9788d61992fe2cc6979c1aece028463880b2649e8384e8fcaaf,50397749,118,0xb92fe925dc43a0ecde6c8b1a2709c170ec4fff4f,7313777.486525937709995436,7313777.486525937709995436,994.3781367223365302605006595,0.394998604764990583,same_tx_swap_flow_allocation
0x80571c9efbe9f08ff4f12e0530ffe10d2ca1d54e,0x3b038ab1d8200d3e2ebc66703f6183cf1aa8fa022ffd9be3c5da64dcab9b5452,50397764,365,0x7692acc1cdd771d09ebcae3663e1843b2911bec7,6320144.839521141512131027,6320144.839521141512131027,1434.0679364135260115345018135,0.569657369870074939,same_tx_swap_flow_allocation
0x4bf52cec9f6294bc20dd4ba4bdbfca652a5c6403,0xc4b60857616416552f23a8b54c4f42871a1b3c3c6c940e8951a34a46fafea4cf,50397767,181,0x7692acc1cdd771d09ebcae3663e1843b2911bec7,7750113.613510650673047893,7750113.613510650673047893,1671.4103209186407789807960820,0.663937309531795748,same_tx_swap_flow_allocation
0xfc90fd5e560471fab35e3703bf5ea4c54acee766,0x698262139ff2d5bdeb3549b1bc1f67cdd23d78f8bb91a2c4546dabcec3cbd227,50397774,1098,0xb92fe925dc43a0ecde6c8b1a2709c170ec4fff4f,1914624.839299115919522311,1914624.8392991159195223100000000000000000000000005222955325107286,343.13460666693796332631243628232788803221802457083826651339357792,0.13630397318145276699999992880904374386505143539845994444078022181,same_tx_swap_flow_allocation
0x0aad4023639ac5d948967a5ebadc6aa5f01cafda,0x9f51c6c6b8a26d3641ed07e3ace7dc4659d20401e16a7ee39f6e9658243de6ec,50397776,397,0x7692acc1cdd771d09ebcae3663e1843b2911bec7,10093930.840366988521873795,10093930.840366988521873795,1709.5905860570838710482573115,0.679103724502415311,same_tx_swap_flow_allocation
0x67505fc71782403718939b4bb3f6ab39be613f4f,0x573286060a16b8beb099b939d19504d7cdd094a5a403f8f81041afdc5edda32a,50397776,613,0xb92fe925dc43a0ecde6c8b1a2709c170ec4fff4f,662628.424126099932458321,662628.42412609993245832000000000000000000000000150914141861457089,120.33445036917852294370551589829686165325071590359359972002099612,0.047800668825706514999999927862030837647975751570091898467770793905,same_tx_swap_flow_allocation
0x862f187ea8714596e5b85efb170d30cbfb632c6a,0x1d951f09fa7ec3a2b007dcaf32f7903e3830c989aa082ef19812a1b5fdd2890c,50397779,415,0x7692acc1cdd771d09ebcae3663e1843b2911bec7,13001263.455595970998046357,13001263.455595970998046357,1876.831213068535063725529235,0.74553701772353479,same_tx_swap_flow_allocation
0x36f2e36315a80938c573c690115ba2304a0d0ae4,0x4c8222ac27a2015e9d3024e67d64868b29f5564c4b127f9d80f0cce2d619f719,50397794,191,0x7692acc1cdd771d09ebcae3663e1843b2911bec7,11437670.837804656815233583,11437670.837804656815233583,1427.5401627454593684513532315,0.567064330667094191,same_tx_swap_flow_allocation
0xc2ca2eb6455d95fdc6b3cd717b442791c900ab01,0xf513a1afc547a347b17ba4e8c0eba69bcd66cd693a399eedbbd62974a06e2129,50397797,534,0x7692acc1cdd771d09ebcae3663e1843b2911bec7,10487895.090795388133930088,10487895.090795388133930088,1238.9881627786372740068878455,0.492165482671464987,same_tx_swap_flow_allocation
0x324759142f503cace682f1016cb7cab2f792cb9a,0xfb65d6319a90fef6701162259c5e44280fecabf999f05218d818cee4edd5e137,50397800,584,0x7692acc1cdd771d09ebcae3663e1843b2911bec7,7108934.451174123512518891,7108934.451174123512518891,891.2940581162331296871521870,0.354050331950877718,same_tx_swap_flow_allocation
0x55f6840b44153c45e646d70737376cb3238c3f0c,0x03c93892a9b51c86e42ed4c33db1eae689cb8809b758a112aabd76d260129ade,50397803,304,0x7692acc1cdd771d09ebcae3663e1843b2911bec7,7828908.771101474372839009,7828908.771101474372839009,1079.2565118900589341759997590,0.428714993458411326,same_tx_swap_flow_allocation
0x67d3c99e9d79462b6b3d38471894642ab08b61fe,0x8b080e5694bb2fe8c91b807d226b4af288c7367646c644b40171bf64e496c6b6,50397806,326,0x7692acc1cdd771d09ebcae3663e1843b2911bec7,20810534.622072522504262302,20810534.622072522504262302,2705.5962790803939577399286802,1.073063209714756987,same_tx_swap_flow_allocation
0xfc90fd5e560471fab35e3703bf5ea4c54acee766,0xda291231c8e3051d308a5a0f7300f96fcdb89ecb7ccbeb0320784660294a1a9e,50397820,263,0xb92fe925dc43a0ecde6c8b1a2709c170ec4fff4f,2362086.809597430848203159,2362086.8095974308482031580000000000000000000000004233544660326982,342.49147649230505302014964940470384884978617434896245902861775433,0.13583512289190976399999994249359407960960204749784764011496490865,same_tx_swap_flow_allocation
0x211c8e97a504d2d142bc945334d4a88bd3270b4d,0x7836504a93d902a31d3fab84c3c8d9b7a69e329d894ad132c08c6b7117719adb,50397834,1377,0xb92fe925dc43a0ecde6c8b1a2709c170ec4fff4f,6682840.372582933353989864,6682840.3725829333539898630000000000000000000000001496369723422703,976.92495754539311088648435736590714730638678497856488300228377574,0.38670481845459039499999994213466177628778482074246060149900964453,same_tx_swap_flow_allocation
0x489618a8169bd69a0069d2f9ba16c0e180a23a18,0xf7d0417e48ebb2b233fcbc829c674a9abe5e01908c043c72e3dcde0a95c8a47f,50397838,347,0x7692acc1cdd771d09ebcae3663e1843b2911bec7,26755928.958047189079439661,26755928.958047189079439661,3074.24187254694677217055412427,1.216904262734559123,same_tx_swap_flow_allocation
0x3e2b153785b3823dd5a10b8c0b37b26e226b4b80,0x42623cc95b79aef84cc21b7989a75339ffc3a2931775d85b256510d532621033,50397883,350,0x7692acc1cdd771d09ebcae3663e1843b2911bec7,15578730.838209242497277837,15578730.838209242497277837,3346.28183426580201688231136675,1.321808546988702529,same_tx_swap_flow_allocation
0x9201f9ff0c4828084a98d806b6f4fa9c272d05ee,0x0fa11e7ae2f0b32e4f653245af6fa01bd84e98ad700ed0fed2d108aa77835f29,50397886,331,0x7692acc1cdd771d09ebcae3663e1843b2911bec7,11403186.376377611137759871,11403186.376377611137759871,2563.82196764919189692445889200,1.012730534258672016,same_tx_swap_flow_allocation
0xf5bec53f45949b99f94d1db91581c01ba300c8b3,0xf2cdfeddaf8fbdfd799abe2a8313dbedf224bb332790d11f80b099b45e939f7d,50397987,741,0xb92fe925dc43a0ecde6c8b1a2709c170ec4fff4f,2797624.458470524737481828,2797624.458470524737481828,995.80869991275292511164965672,0.394164041241280283,same_tx_swap_flow_allocation
0x9a44d4974cad27175458ee071c189c2619f417c0,0x11e1aa315f4db7e59388c382f9ca2a990f396021e72e24a7bcbd7eb02cf4c153,50398017,495,0x5c3e5b6780dc15b705f606f19b6a9206fea39cdf,3400000,0E-65,0E-65,0E-65,unknown_transfer_or_unpriced_swap
0xfc90fd5e560471fab35e3703bf5ea4c54acee766,0xc5b94a9faf61bc34c9c4419f2e6bc4fa934ac2da9d4d4d9bc795e9b1daea8452,50398113,462,0xb92fe925dc43a0ecde6c8b1a2709c170ec4fff4f,390486.509223955340258692,390486.50922395534025869100000000000000000000000256090793504589679,149.13684019867998995261314079428252752853507028401454642490684039,0.059150763868463611999999848520339445225409623091126661990921652570,same_tx_swap_flow_allocation
0xfc90fd5e560471fab35e3703bf5ea4c54acee766,0xb8408d39a35f8ff731e7c6454adb6c68ef22d0f7abd71b1886a24163e19d3406,50398121,429,0x7c8b00ebfd529fb3052f88c0c8b6dafbac769490,12331581.5168,0E-65,0E-65,0E-65,unknown_transfer_or_unpriced_swap
0xc41ff324a9e61417833041c2ccb508683a079bb1,0x5c3bd088628c0aed302ee76fb5e240bbc0bc3806262d0559a53bbd89e1b1bdae,50398156,675,0xb92fe925dc43a0ecde6c8b1a2709c170ec4fff4f,2078978.326495892607649911,2078978.3264958926076499100000000000000000000000004810054954663693,975.49738745637816356267371002039582039604655041948371673110452160,0.38690249533827857899999981389777353263669347765738116471427142237,same_tx_swap_flow_allocation
0xfc90fd5e560471fab35e3703bf5ea4c54acee766,0x15b9eec87b86b404b8323a458f2a3c02511dfd8a18fcfa87a4aada6655a0970e,50398274,589,0xb92fe925dc43a0ecde6c8b1a2709c170ec4fff4f,1362052.290783608632037609,1362052.2907836086320376080000000000000000000000007341862032511875,500.77156956210594494551703234042264705951452094849582309318352563,0.19926954871921893399999985369904660225912175354285432791561709982,same_tx_swap_flow_allocation
0xc41ff324a9e61417833041c2ccb508683a079bb1,0x517d2ff8009dacb5c78c76dae4b81daca0a15039a8b726e6778dbb429bab948f,50398289,1331,0xb92fe925dc43a0ecde6c8b1a2709c170ec4fff4f,5141786.405738161472461141,5141786.405738161472461141,1991.7731684478815761987725,0.792576425164716725,same_tx_swap_flow_allocation
0x651a7378615b54d3dfd0c10b9262a95bc8c3d19c,0xf50b398409dd6d532915ba1b344f843a5f9d13b0521a5bddd99a09b8277d013d,50398341,210,0x16c823dd0a4497df3c78e0593610ad7090b1cd68,15948433.4783,0E-65,0E-65,0E-65,unknown_transfer_or_unpriced_swap
0xc41ff324a9e61417833041c2ccb508683a079bb1,0xd01625338c850b006bdb4aeb189b79b8b494cff58e6e6cc9efb15cbca9c41ee4,50398349,863,0xb92fe925dc43a0ecde6c8b1a2709c170ec4fff4f,1272993.902039741976371404,1272993.902039741976371403000000000000000000000000785549717400595,497.57368460401946544364229815113267333973124246064079777024426812,0.19848888388883729799999984407711335396435047247226247391583270669,same_tx_swap_flow_allocation
0xc41ff324a9e61417833041c2ccb508683a079bb1,0x705a3e857ee3d45f017f17d9740819f850a8c1f77d9aa158c1dd808c86df7cec,50398378,114,0xb92fe925dc43a0ecde6c8b1a2709c170ec4fff4f,1256851.307826197733389528,1256851.3078261977333895270000000000000000000000007956390654751054,497.62607088232705094138497260925800713674292447759107317446240394,0.19850978148498054599999984205786297162269619181271040322305069566,same_tx_swap_flow_allocation
0x2bb2173427bb17b78adaa3d5fad9716328c3d262,0x76725c7968027119a92efafec16216f7e73d3849599b8ff40c7b4f64c0dab298,50398468,998,0xb92fe925dc43a0ecde6c8b1a2709c170ec4fff4f,291623.36303814141899813,291623.36303814141899812900000000000000000000000342908054273144776,99.474789880598564820299658892933528140345618421942688203101447315,0.039932875647055885999999863066953103366189204721680692159170408990,same_tx_swap_flow_allocation
0x27251ef93006c0f3ea2031d709d0ba9b3c4f3eef,0xf2cfb5324be0aef806cee8665314401118a6ed3894ddc8d16ec44f83b1ff7578,50398489,311,0xb92fe925dc43a0ecde6c8b1a2709c170ec4fff4f,4348297.067863441578301276,4348297.0678634415783012750000000000000000000000002299750878086522,1546.2983567233266878555996443898996341782962327998215802015102163,0.62074159760877007199999985724489658344003381417467396487485607126,same_tx_swap_flow_allocation
0x9a44d4974cad27175458ee071c189c2619f417c0,0xc0887551c1975ec12405035dfe011eb9fe4843d2a661d12faf4a30fd5a5cc4bd,50398490,606,0xbc6d645cd3cf98fecc6f48b1b3fe16f7e8927d4a,661413.909731597301635354,661413.909731597301635354,246.61395,0.099,same_tx_swap_flow_allocation
0xc41ff324a9e61417833041c2ccb508683a079bb1,0x652c78efe5e27d2193895ecc87b6e276b6284c839325dfb29134286c2ea5f86b,50398508,1105,0xb92fe925dc43a0ecde6c8b1a2709c170ec4fff4f,10435283.974583100790223857,10435283.974583100790223856000000000000000000000000095828728996323,4415.5502129420947499999995768634352743141281441236675517962136767,1.7725658709949999999999998301372655202882833119060908258751183945,same_tx_swap_flow_allocation
0x211c8e97a504d2d142bc945334d4a88bd3270b4d,0x944c84683da948c9c083a8e4f34b4059f6ad4bd839013be9590a6709deb5db3f,50398594,728,0xb92fe925dc43a0ecde6c8b1a2709c170ec4fff4f,4247766.570929936992672863,4247766.570929936992672863,1610.9342084800734564802808,0.644788772612286268,same_tx_swap_flow_allocation
0x9a44d4974cad27175458ee071c189c2619f417c0,0x247d906ea25563301396e41b8f4d2d8cd3d5838938680180fd98910388e1d773,50398664,606,0xbc6d645cd3cf98fecc6f48b1b3fe16f7e8927d4a,309374.824371418780922359,309374.824371418780922359,98.75518884,0.0396,same_tx_swap_flow_allocation
0xfc90fd5e560471fab35e3703bf5ea4c54acee766,0x1f4a0de293016f3a179e8baea496a5cc2dabce68f64b33f1259f4dcb87455a44,50398746,199,0xb92fe925dc43a0ecde6c8b1a2709c170ec4fff4f,765021.691362221911097096,765021.69136222191109709500000000000000000000000130715247853870424,263.44215094158971837484429679093944513356111224306762353473865826,0.10589734257621004499999986157602618084478775704272412607068732325,same_tx_swap_flow_allocation
0x211f3727fac8a702302a562616c75b882b6c3545,0xc6de8c689a8883ea74a4e314c88c464e618eaa50f4238e3a6bb36ff0560c323d,50398890,78,0xcb40a184b9a79ee7910131810f8d3d700c0c5455,9789640.602584570494252561,0,0,0,unknown_transfer_or_unpriced_swap
0x211f3727fac8a702302a562616c75b882b6c3545,0xfebd205ed36a92b6ca9860b47774b902f3dd97c37d9b9e51c24173a3ca9ec72a,50398890,79,0x9d43e454d7f9a3d48e0ac68544021f5d223baf08,9805113.623146051662519492,0,0,0,unknown_transfer_or_unpriced_swap
0xf4bf536e2f670761dc7186aafe070b91a1a70540,0x56191b32d4742cc513521325255cedc7e5a69ea314bb46c8fc7549facc0a8910,50398890,80,0xcf6011a9278a8335da0193bf559368582a814f84,9796192.155115410793284532,0,0,0,unknown_transfer_or_unpriced_swap
0xf4bf536e2f670761dc7186aafe070b91a1a70540,0xcb68df3309d0a38cad22392a5fce73b0f0362ab71bf5f434c3a1038bedd28de0,50398890,81,0x7e0ec80d51ddaa3275a2b8277fbd50589fd4df6c,9791277.091976429146274237,0,0,0,unknown_transfer_or_unpriced_swap
0xc41ff324a9e61417833041c2ccb508683a079bb1,0xe288f29ab70228cb3222f29dbfaab964df889aee95ceff7430f8619b71cff401,50398949,1189,0xb92fe925dc43a0ecde6c8b1a2709c170ec4fff4f,3335479.795254116079652359,3335479.795254116079652358000000000000000000000000299806942744144,1253.3165774358575026154396242469886284013240595508694994072607711,0.50328970539599999999999984911025211062431610184018832686615863777,same_tx_swap_flow_allocation
0x5c3e5b6780dc15b705f606f19b6a9206fea39cdf,0x8f847e0fc769ba972c77b3bfa0b9dd6f6f5a2baf0bf59d469532ab072536a926,50398980,590,0x7692acc1cdd771d09ebcae3663e1843b2911bec7,3027627.033551343642930199,3027627.033551343642930199,1232.67314864430,0.495,same_tx_swap_flow_allocation
0x9a44d4974cad27175458ee071c189c2619f417c0,0x502fa05b8e2b212bd040506e26269a9969a84305ffde98f038b838dcf3c4740b,50398990,32,0xbc6d645cd3cf98fecc6f48b1b3fe16f7e8927d4a,1724490.394990536385639672,1724490.394990536385639672,739.60388918658,0.297,same_tx_swap_flow_allocation
0x9a44d4974cad27175458ee071c189c2619f417c0,0x2f4cd94a6c678b79be1703904e05f80660aeea5ea2bb95d54a0ffbd8ba8940cf,50398999,917,0xbc6d645cd3cf98fecc6f48b1b3fe16f7e8927d4a,603251.328917027665038194,603251.328917027665038194,246.53462972886,0.099,same_tx_swap_flow_allocation
0x5c3e5b6780dc15b705f606f19b6a9206fea39cdf,0x3bdd5a73fdeac0667228d4519201503c19202c28b342640b511bd19dce8fe249,50399427,675,0x7692acc1cdd771d09ebcae3663e1843b2911bec7,861241.4789492399466803,861241.4789492399466803,247.37393615913,0.099,same_tx_swap_flow_allocation
0x5c3e5b6780dc15b705f606f19b6a9206fea39cdf,0x645498d01eda07a8f0831aab8cdb526b32104cac77c71c662157ceceefc0b100,50399472,3050,0x7692acc1cdd771d09ebcae3663e1843b2911bec7,784018.931612530113696383,784018.931612530113696383,247.37393615913,0.099,same_tx_swap_flow_allocation
0xf5bec53f45949b99f94d1db91581c01ba300c8b3,0xe0c59f8e4f3244b670c0259fcb16c5e8d6631112b1f7debd0650a329d10b413b,50399540,149,0xb92fe925dc43a0ecde6c8b1a2709c170ec4fff4f,813225.791009236735625146,813225.79100923673562514500000000000000000000000122967078891948455,248.77357700459250598081246725039930244059380308668465370328646845,0.099400674450819893999999877769894228931449583650888907304893252923,same_tx_swap_flow_allocation
0xc41ff324a9e61417833041c2ccb508683a079bb1,0x19037600de323e300dbb1c15900bf16a63ab42248f7cdcfd880dd48eadf9ddb0,50399907,665,0xb92fe925dc43a0ecde6c8b1a2709c170ec4fff4f,80757.373590275726638896,80757.373590275726638895000000000000000000000012382770210848132913,33.634863124682594123782883507218853726023346359621679937876605647,0.013465779515542476999999833256346549091613011723071376023254919612,same_tx_swap_flow_allocation
0x1b72ee84b5675809d3b061a0046798cd61b31de1,0xee8996f7027d9e1137118f0fc9943ac76f54b761d61eff64ffa534ec7278c580,50400260,367,0xddbb2b48718f8aa89d8f6d3fb7d0adaafbd18d6d,9716008.7192,0E-65,0E-65,0E-65,unknown_transfer_or_unpriced_swap
0x174c2a6113e38cd74ddd98b307bbaf493ccfb251,0xec35cd51611e465aadc177f0fc1414949d3f385231439d6faaa52b147b7dae76,50400413,568,0x933ba1a598ecd6fa2117951af7127f4847c61f46,8230741.1987,0E-65,0E-65,0E-65,unknown_transfer_or_unpriced_swap
0x5c3e5b6780dc15b705f606f19b6a9206fea39cdf,0x1ec4e3ef0477e9d21081a4bb59e4d5873cad1e0831844e1835070dd6f36bafbe,50400726,711,0x7692acc1cdd771d09ebcae3663e1843b2911bec7,696399.984123848307131885,696399.984123848307131885,245.41940829087,0.099,same_tx_swap_flow_allocation
0x9a44d4974cad27175458ee071c189c2619f417c0,0xd6b228a678ae09e175ee4cad6d8fa2e8939cd4245ac8c8f295c34e3bcc49d683,50400849,645,0xbc6d645cd3cf98fecc6f48b1b3fe16f7e8927d4a,580648.204669965366051128,580648.204669965366051128,195.280675799616,0.0792,same_tx_swap_flow_allocation
0x5c3e5b6780dc15b705f606f19b6a9206fea39cdf,0xca3eeafcd955df293bb0205df3ad9b5655afee7ab318df064a6cf117e7bdc33d,50401417,941,0x7692acc1cdd771d09ebcae3663e1843b2911bec7,757320.357873197441166954,757320.357873197441166954,244.0244162961,0.099,same_tx_swap_flow_allocation
0xa0670863bd5cd0d60022bab2eed78e81e1a06bce,0xe5380d73370e78feb498969d7693408d3273931ba7b71988cbe6e6da84331a97,50401780,334,0xb92fe925dc43a0ecde6c8b1a2709c170ec4fff4f,4148677.237517420409086429,4044829.8099502366313878180250314549968043204548129435893086380613,1522.8783236097620100155761268443668709556000207383586027018899422,0.61954935264718888399999985066340012077466912403368621769798663541,same_tx_swap_flow_allocation
0x54cefe167ea3ad70d72b7314c4c9551a12eb8a2d,0x3d5194031fa0c89d5d2593ceabf639eff281551a58d43ce969bb2f5eb908eca0,50401908,0,0xa40a8836bc63f7b87b03b6adfc382821d19f966c,4183960.3519,0E-65,0E-65,0E-65,unknown_transfer_or_unpriced_swap
0xf5bec53f45949b99f94d1db91581c01ba300c8b3,0x442eec30536e06dfffa8098342748a29b6c9f08824982a7fd1a2ea3c6866ac38,50402315,244,0xb92fe925dc43a0ecde6c8b1a2709c170ec4fff4f,778971.483086848195881564,778971.48308684819588156300000000000000000000000128374404161404859,290.47999398227963525676644957803851716382708545742783366099477445,0.11785078863797015399999984870975228648919753637948968733704602056,same_tx_swap_flow_allocation
0x322fa3c95c97ec90a87f56a57adf1e8909793e34,0x00ac777cd29a850e50afb38e352761830827ae274d55fb2a889cf4acc1297892,50402324,554,0x88649f4743a758171077b98ee2003f1989b1615a,1312687.049045974761292506,1312687.049045974761292506,499.25321159792317966367301308,0.202552278765345659,same_tx_swap_flow_allocation
0x322fa3c95c97ec90a87f56a57adf1e8909793e34,0x190e6c7b012de7f6473e1265be76b78df88b0aed0de3d15c480fde95d5e37dac,50402349,431,0x88649f4743a758171077b98ee2003f1989b1615a,1236354.111145691202014132,1236354.111145691202014132,499.49000484337851707270805388,0.202648348275463999,same_tx_swap_flow_allocation
0x322fa3c95c97ec90a87f56a57adf1e8909793e34,0x8e146c0d5569b679506f40eb008e6b18a3b5eaf3f074e63c23dce84d1730230a,50402384,589,0x88649f4743a758171077b98ee2003f1989b1615a,684150.912090772072418825,684150.912090772072418825,273.9426830344443214630701980,0.11114142765776915,same_tx_swap_flow_allocation
0x9a44d4974cad27175458ee071c189c2619f417c0,0x236e1eeadd7ff5dc50c07ca2a2ac5c221ab50e78034ac29753e9f67874094d89,50402719,18,0xbc6d645cd3cf98fecc6f48b1b3fe16f7e8927d4a,456349.756203354737714554,456349.756203354737714554,195.852515095512,0.0792,same_tx_swap_flow_allocation
0x461d5072f3eef08dedc4a7d74fb6d79f99e25e73,0x2a29f7059958a926ae3fb1af7feec92b68495007fb1e6b7cefc3337a064f7df0,50403434,660,0xb92fe925dc43a0ecde6c8b1a2709c170ec4fff4f,3053500.879534166195640313,3053500.8795341661956403120000000000000000000000003274929464413835,1264.4370651751048302442360699057799361092975548919093161887694383,0.50961415676396364999999983310495825312845423980562689518640144911,same_tx_swap_flow_allocation
0x211c8e97a504d2d142bc945334d4a88bd3270b4d,0x30374e1ee5cff7a9a80619d29dc74b62bc86d061caa27f459ea38ff5d2ea46f2,50403686,407,0xb92fe925dc43a0ecde6c8b1a2709c170ec4fff4f,1926076.276885043148979112,1926076.2768850431489791110000000000000000000000005191902376873958,848.91430648933509151951955925197943757131065216585140206692581184,0.34339387754257870399999982171325109827206119911406414794809569555,same_tx_swap_flow_allocation
0xfc90fd5e560471fab35e3703bf5ea4c54acee766,0xe2c2e898295f0a11ef780f20cf7260d2b4643e0ba90665bfcffcd24baf971283,50404571,403,0xb92fe925dc43a0ecde6c8b1a2709c170ec4fff4f,2595301.044561297454103869,2595301.0445612974541038680000000000000000000000003853117549101273,964.67229060239353857066391778042679481944737386643188518822545045,0.39084772948962056199999984940177544771558995826465163806402200499,same_tx_swap_flow_allocation
0x0c175c6a0065ee05f871a68783d2de432a1e6cbe,0x510b1ba3395b0c27c2bc2a6cb1c7f68bff77becab850f384450d1e50736139e9,50404602,456,0xb92fe925dc43a0ecde6c8b1a2709c170ec4fff4f,2771416.434468056526409529,2771416.4344680565264095280000000000000000000000003608263224404019,1086.1325684030891311994996080947796603650597081041250500620024398,0.44005871467499999999999984121523232596961890002665925652631189271,same_tx_swap_flow_allocation
0x8da2e73785a202263be1b04d3dcc8137181c89c3,0x19ee465ea725c9db34387857eeec5ed6d365f447447458903914c5920fd2a3f8,50404654,271,0xb92fe925dc43a0ecde6c8b1a2709c170ec4fff4f,411286.620760378490785129,411286.620760378490785129,231.37659594294779976005973706,0.093744806461546889,same_tx_swap_flow_allocation
0x8da2e73785a202263be1b04d3dcc8137181c89c3,0x361ea3b9d9b22b22f6a64ec7463cff0517e2c0debee0dd331d34d7c294279495,50404678,1068,0xb92fe925dc43a0ecde6c8b1a2709c170ec4fff4f,370889.87166301663503207,370889.87166301663503206900000000000000000000000269621814021543479,231.18298907398568822575237096023114949312667122791073908385391905,0.093666364480902681999999747455048958559511682741498329339875942974,same_tx_swap_flow_allocation
0x8da2e73785a202263be1b04d3dcc8137181c89c3,0xc33f2949e588c96adfa732a6b877d2557f77f0b90ff97ebd74cec0f09d4bb292,50404698,774,0xb92fe925dc43a0ecde6c8b1a2709c170ec4fff4f,162609.393458594797136787,162609.39345859479713678600000000000000000000000614970622994562632,99.267105396387271337209183976463515168095710546515080051597522118,0.040219174050243585999999752663894779949550626465270189251597900726,same_tx_swap_flow_allocation
0x8da2e73785a202263be1b04d3dcc8137181c89c3,0x0b741b08ede06fcd3ab0f7b28db843658efc72d70bd30a1be755d87425a74000,50404723,400,0xb92fe925dc43a0ecde6c8b1a2709c170ec4fff4f,216754.919895717955743538,216754.91989571795574353700000000000000000000000461350543037780078,144.86920635541762120466973164512978475859574731935976737757362678,0.058597898891765815999999729658275254109093789801895289538619461526,same_tx_swap_flow_allocation
0x461d5072f3eef08dedc4a7d74fb6d79f99e25e73,0x2dd39404dc525b9e8d144fe51dac1ed4b16474e9f48f156765245426d4757151,50404938,145,0xb92fe925dc43a0ecde6c8b1a2709c170ec4fff4f,320994.989420454219142318,320994.98942045421914231700000000000000000000000311531342531379306,248.79762261925028756119722491742606809494721476750215058185791192,0.10098972197290270799999968538536331910883317997368565495154046799,same_tx_swap_flow_allocation
0x9a44d4974cad27175458ee071c189c2619f417c0,0x98662dc9efeb29d93aebf8e0b7c0f9c0b62b878dcc07a85aa61d7c26d484f8a9,50405525,531,0xbc6d645cd3cf98fecc6f48b1b3fe16f7e8927d4a,431296.316992831368508492,431296.316992831368508492,244.65197651202,0.099,same_tx_swap_flow_allocation
0x9a44d4974cad27175458ee071c189c2619f417c0,0xabfd0fdb5303d61405e4777c06b055e02984c0f8fb5aecc633a95d2e9b0c6863,50406723,322,0xbc6d645cd3cf98fecc6f48b1b3fe16f7e8927d4a,344232.807352254393285307,344232.807352254393285307,244.53963302472,0.099,same_tx_swap_flow_allocation
0x1b72ee84b5675809d3b061a0046798cd61b31de1,0x00b0606d13e545a011202baa24c4dca66286af501e0a2cd67906e6790d1c8012,50407046,628,0xb92fe925dc43a0ecde6c8b1a2709c170ec4fff4f,1555789.049325195100815025,1555789.0493251951008150240000000000000000000000006427606624649647,1055.5190897349290881294396301138506375604883243039178980625286762,0.42731883004500402699999972533626571651956251849664093693537756715,same_tx_swap_flow_allocation
0x34c4059e4008a0b4bd1a15e2c83530d767b24bdd,0x9d98e820c3603cd04c43a06030abb9c7bb6d3482d17f28d5979cebba2e2d0d6f,50407466,451,0xb92fe925dc43a0ecde6c8b1a2709c170ec4fff4f,1769623.380217223080271527,1769623.3802172230802715260000000000000000000000005650919914254574,1492.2825661675274974511556829730729148999569457415422867783730293,0.60303781460927842499999965922816043758705519563280643081100189516,same_tx_swap_flow_allocation
0x5c3e5b6780dc15b705f606f19b6a9206fea39cdf,0x00ca0422c2b087e9d7d78e60c227e2c52f203aeedc05e32496c6f0cc7374542f,50408515,605,0x7692acc1cdd771d09ebcae3663e1843b2911bec7,2545573.484276148250834738,2545573.484276148250834738,1228.79790,0.495,same_tx_swap_flow_allocation
0x5c3e5b6780dc15b705f606f19b6a9206fea39cdf,0x54689fb799c2742ad1dbaedc2e216eff7ddcf76ae23f0c17d141deddd6914f0f,50408572,303,0x7692acc1cdd771d09ebcae3663e1843b2911bec7,2393489.7728319806922123,2393489.7728319806922123,1228.79790,0.495,same_tx_swap_flow_allocation
0x8da2e73785a202263be1b04d3dcc8137181c89c3,0x190638d75be1a9a5544ff76a37c21f96f5138feea9e85c4dee82cbb4ab5ef184,50409614,300,0xb92fe925dc43a0ecde6c8b1a2709c170ec4fff4f,88418.601466530385970909,88418.601466530385970908000000000000000000000011309837335286691798,39.411676038669334842162704880354891633648815360115812952359253201,0.015859704627383557999999820629320478598325130522315893986479863117,same_tx_swap_flow_allocation
0x8da2e73785a202263be1b04d3dcc8137181c89c3,0xffbefbbba201a7c958ec51cc9bbb9402b0590f27bf2c683785a06ce31d13e40b,50409834,112,0xb92fe925dc43a0ecde6c8b1a2709c170ec4fff4f,103184.921526169028058832,103184.92152616902805883100000000000000000000000969133847474397789,45.655861513581332038418473443592715846411618301511625511586933660,0.018403044807950762999999821649863800269370932335670649011191323387,same_tx_swap_flow_allocation
0x5c3e5b6780dc15b705f606f19b6a9206fea39cdf,0xe693fcbfbe2bd243c77e695fe6818cadc6c8d7310500ace6e4f15dffa45be54a,50410082,177,0x7692acc1cdd771d09ebcae3663e1843b2911bec7,654038.682108792021865266,654038.682108792021865266,245.60774246943,0.099,same_tx_swap_flow_allocation
0x5c3e5b6780dc15b705f606f19b6a9206fea39cdf,0x4c52f094494ec112651e89b607386fea1c63a040e6794060dba1a0600aa34344,50410087,366,0x7692acc1cdd771d09ebcae3663e1843b2911bec7,645648.795403099889983442,645648.795403099889983442,245.60774246943,0.099,same_tx_swap_flow_allocation
0xfc90fd5e560471fab35e3703bf5ea4c54acee766,0x0053339b90857079828593ba81ecd492fdb8d890430e5c113a95e5251431a436,50416308,198,0xb92fe925dc43a0ecde6c8b1a2709c170ec4fff4f,236613.883409773896317173,236613.88340977389631717200000000000000000000000422629469407834686,100.50323962674333621799357524369162780998462789851600959065761058,0.040201855460525344999999830095111575077118924654837599175643569190,same_tx_swap_flow_allocation
0xfc90fd5e560471fab35e3703bf5ea4c54acee766,0xba392ee9558e75d115d9c8a433685476d9b734638e239c9be52bb3c6f0effb91,50417043,179,0xb92fe925dc43a0ecde6c8b1a2709c170ec4fff4f,263269.668078497347958591,263269.668078497347958591,106.76738976454079827677,0.042787910632733451,same_tx_swap_flow_allocation
0x8400275efc189259686fa57be45955b740c580d1,0xd94309bf1bac7142e427245f98562c14af1723080c2a9e40806b147a68c939fd,50419868,392,0xb92fe925dc43a0ecde6c8b1a2709c170ec4fff4f,869595.627345172255788128,869595.62734517225578812700000000000000000000000114995978424241292,243.22061351323206533055972030607576101635275270771025280048380178,0.097021242944708986999999888429472396371726110826090699515127888763,same_tx_swap_flow_allocation
0x5c3e5b6780dc15b705f606f19b6a9206fea39cdf,0xc3f6e799db8180a1a4ce6724f626c70f9e869141feac89a05c0804c948903999,50421112,454,0x7692acc1cdd771d09ebcae3663e1843b2911bec7,1032878.861442468897693752,1032878.861442468897693752,246.87531,0.099,same_tx_swap_flow_allocation
0x5c3e5b6780dc15b705f606f19b6a9206fea39cdf,0x6d4a73e591c8c56bfe8df4d16e412f9ac4c766c3d8cc24e713966d1fb9ef0877,50421114,348,0x7692acc1cdd771d09ebcae3663e1843b2911bec7,1016595.155186868758560292,1016595.155186868758560292,246.87531,0.099,same_tx_swap_flow_allocation
0x8da2e73785a202263be1b04d3dcc8137181c89c3,0x2915fc8cc28aab7c629a0f8e51f64c8325e8624b999e177f278ca7ce7b79c308,50421909,106,0xb92fe925dc43a0ecde6c8b1a2709c170ec4fff4f,493828.233789796386875003,493828.233789796386875003,126.8250677517940082130945250,0.05091122812044875,same_tx_swap_flow_allocation
0x8da2e73785a202263be1b04d3dcc8137181c89c3,0x306ecc7ca3f208b875e48afbbd5a1d2b93ab58c0a1dcff8aa8f60eac84dbcc67,50421919,233,0xb92fe925dc43a0ecde6c8b1a2709c170ec4fff4f,387598.635171516013053115,387598.63517151601305311400000000000000000000000257998844489607314,100.24952572160560449644129179738203194587138589720875583395545714,0.040243041564685157999999896173417775639905006512130031142682498340,same_tx_swap_flow_allocation
0x8da2e73785a202263be1b04d3dcc8137181c89c3,0x1b5dd9895609b485267fd5dacafb7ae4eb07f60ca93f84edeac9b6dda5da47f2,50422344,234,0xb92fe925dc43a0ecde6c8b1a2709c170ec4fff4f,360538.953559318529993388,360538.95355931852999338700000000000000000000000277362540199272148,97.858850475928297950457753596206510157750498348313571531636177288,0.039223338839745220999999891209151043114935531800280495224968655811,same_tx_swap_flow_allocation
0x34c4059e4008a0b4bd1a15e2c83530d767b24bdd,0x1ec4fc92c935c0e73bbdfc5097578180e2fd202a34251a8243ca77a9e088f909,50424299,452,0xb92fe925dc43a0ecde6c8b1a2709c170ec4fff4f,518407.809134048132724125,518407.8091340481327241240000000000000000000000019289832876368253,149.20211569532529086273053169161234366144759394000164386076765127,0.059511421672567074999999885203462170110146892658452078603526120994,same_tx_swap_flow_allocation
0x34c4059e4008a0b4bd1a15e2c83530d767b24bdd,0x01fe12556eb55696e9edbe063ab4007b231e4a26a3d53a4cd5011762c44dc5ed,50424358,149,0xb92fe925dc43a0ecde6c8b1a2709c170ec4fff4f,458039.925747205132777184,458039.92574720513277718300000000000000000000000218321579362037044,99.421752216909862617466382940860330631310490424116337910867425471,0.039641255834904958999999913454584182289829685324515630393257861893,same_tx_swap_flow_allocation
0x211c8e97a504d2d142bc945334d4a88bd3270b4d,0xc328dabe1fc6c70ba463c6a8abc4f462caf4ad8ec693bd5af25e0534ceb7c42b,50427715,352,0xb92fe925dc43a0ecde6c8b1a2709c170ec4fff4f,601983.768884001432344322,601983.76888400143234432100000000000000000000000166117435666723739,197.15479997420831484162067249150198898663079077022341364856609490,0.079407407587960669999999868090450785456328858273421468770717506456,same_tx_swap_flow_allocation
0x5c3e5b6780dc15b705f606f19b6a9206fea39cdf,0x3eac78e2f80aad411c8daa341832ca6ab70bfa6243fd6c9fea499b83eb620d37,50430396,2,0x7692acc1cdd771d09ebcae3663e1843b2911bec7,879507.622847050868489137,879507.622847050868489137,246.0800489796,0.099,same_tx_swap_flow_allocation
0x5c3e5b6780dc15b705f606f19b6a9206fea39cdf,0x958bb61934401509a2b45655be8f04f3fbbc1c700ed2709d46516452dbeeea75,50430400,492,0x7692acc1cdd771d09ebcae3663e1843b2911bec7,866700.963956180753825317,866700.963956180753825317,246.0800489796,0.099,same_tx_swap_flow_allocation
0x2bb2173427bb17b78adaa3d5fad9716328c3d262,0xa256c2eceb0cc8f051320407007f578e92605cd69c35ad44620a4a9966f3ef77,50431274,315,0xb92fe925dc43a0ecde6c8b1a2709c170ec4fff4f,1031459.611110346252797039,1031459.611110346252797039,298.8354831875090051345105888,0.12084399333711626,same_tx_swap_flow_allocation
0x2bb2173427bb17b78adaa3d5fad9716328c3d262,0xe95da03fb7cd1acb8110606632667d06f0a4a89bc14d6731a092ff72a28f3ef2,50431555,217,0xb92fe925dc43a0ecde6c8b1a2709c170ec4fff4f,343539.20136977461460923,343539.20136977461460922900000000000000000000000291087595247574662,99.512314293863269862759710331997346784899179404904913100509959222,0.040170314901892925999999883069196348701750797011579290466285314913,same_tx_swap_flow_allocation
0xf01bb1267ba5787122c7c1b5231d168c3117abc0,0x5ff3560b6a3afb7a493589fa67245eba9228519f45c604ad44f369d0fcdcbd03,50432232,158,0xb92fe925dc43a0ecde6c8b1a2709c170ec4fff4f,9078586.470218187839249445,9078586.470218187839249445,2487.90062532555112872838751630,1.004827959718896662,same_tx_swap_flow_allocation
0x67505fc71782403718939b4bb3f6ab39be613f4f,0xa70c4862d71caaaae5ccecf0a64606e7e8b6eff955a1be2709a22366b8433f88,50434116,294,0xb92fe925dc43a0ecde6c8b1a2709c170ec4fff4f,2026419.232091342974459895,2026419.2320913429744598940000000000000000000000004934813014817084,636.96908063543275807883268038766908441939421738989023158711473664,0.25680949872172146199999987326931433793976930816785489911737942712,same_tx_swap_flow_allocation
0x2bb2173427bb17b78adaa3d5fad9716328c3d262,0x789bec408875abf090aea684d39bee0b75db2570efe76abd27d503bd39b0eb4a,50434418,86,0xb92fe925dc43a0ecde6c8b1a2709c170ec4fff4f,322315.954739563107868867,322315.954739563107868867,99.5013302964583899919666,0.040114506758401091,same_tx_swap_flow_allocation
0x8da2e73785a202263be1b04d3dcc8137181c89c3,0x57ed45baa1967c05cafccbc910a273589fc1df34550cf29e782a261bee03519e,50435269,361,0xb92fe925dc43a0ecde6c8b1a2709c170ec4fff4f,173648.362003277615508387,173648.36200327761550838600000000000000000000000575876436992319562,39.602266250559578280496571939880148065635684917811449207829054229,0.016010353032160887999999907800149408500079374026900725121498508446,same_tx_swap_flow_allocation
0xfc90fd5e560471fab35e3703bf5ea4c54acee766,0xef5bcf2a916a81a2caeaa4e4a31aac97eac2448ef898a1631486a79c76632b95,50435543,418,0xb92fe925dc43a0ecde6c8b1a2709c170ec4fff4f,161511.104966381081027231,161511.10496638108102723000000000000000000000000619152472647718167,35.266763779182100403919781644960038364168211927262288586437669562,0.014267586820662631999999911661883412707355424537995351012593067251,same_tx_swap_flow_allocation
0x2bb2173427bb17b78adaa3d5fad9716328c3d262,0x7668ad5e74861e482bab0586a73c988e466bff308115ed49cdf8fa4bccb0a4cb,50435590,494,0xb92fe925dc43a0ecde6c8b1a2709c170ec4fff4f,443396.249532994539798079,443396.2495329945397980780000000000000000000000022553190313477985,99.543078161090032119089775498601384352233255095705218191786913658,0.040271330790428888999999909175301250643145409677809062262789985338,same_tx_swap_flow_allocation
0x2bb2173427bb17b78adaa3d5fad9716328c3d262,0x6a1c504469fc2f93be7509e2a822bd784a7932752f396d6893638f8feeb5ad99,50435590,685,0xb92fe925dc43a0ecde6c8b1a2709c170ec4fff4f,440452.432516543393211089,440452.43251654339321108800000000000000000000000227039272841895362,99.542523834991300073339773999377716565379820091895324592547126657,0.040271106531242813999999908568772566081284491968191456702799619169,same_tx_swap_flow_allocation
0x2bb2173427bb17b78adaa3d5fad9716328c3d262,0x6fb5fb88d6c7b7541915243826f9e021c8d34b4430742582227a7c7bf6ee9cc4,50435593,383,0xb92fe925dc43a0ecde6c8b1a2709c170ec4fff4f,437732.893111233065990239,437732.89311123306599023800000000000000000000000228449818539427939,99.586493296143800241569772494836775179919121446362271466884670746,0.040288894897319696999999907960092715532309975866414599611978538296,same_tx_swap_flow_allocation
0x2bb2173427bb17b78adaa3d5fad9716328c3d262,0x56d179bf90cab2f4330553d9578255105e8da31380f16fb5825362911ec474ae,50435605,99,0xb92fe925dc43a0ecde6c8b1a2709c170ec4fff4f,434558.868187644712442345,434558.86818764471244234400000000000000000000000230118419667872237,99.520294168057152347099770985471811649262994496332051356672115142,0.040262113256300909999999907349461249711451525196650248747546176746,same_tx_swap_flow_allocation
0x2bb2173427bb17b78adaa3d5fad9716328c3d262,0xb2206a52395f3bb01e95729c5eefe25bb4bda610b10c1d456a75969642f95219,50437011,552,0xb92fe925dc43a0ecde6c8b1a2709c170ec4fff4f,1966075.08008296311816517,1966075.0800829631181651690000000000000000000000005086275748725744,497.07505247157581986667974717392153172472943226578953194216520492,0.20122296448225328399999989765245156672134197163297515329990859498,same_tx_swap_flow_allocation
0x211c8e97a504d2d142bc945334d4a88bd3270b4d,0x5192a5cebba0094769f3e0c5060c9875b76e7139836c920e3f7f34d3adce3b43,50439225,442,0xb92fe925dc43a0ecde6c8b1a2709c170ec4fff4f,1441449.618987375587768486,1441449.6189873755877684850000000000000000000000006937460642589119,452.33760833690975534139560075256449997966264788190413887206676198,0.18329392985830358399999987284055755825282352756723968883930040768,same_tx_swap_flow_allocation
0xfc90fd5e560471fab35e3703bf5ea4c54acee766,0x056917184707d7b1c47ec35a53eb779f49013d3b78a04bc934b173361afad572,50439702,639,0xb92fe925dc43a0ecde6c8b1a2709c170ec4fff4f,263787.454678199577875152,263787.45467819957787515100000000000000000000000379093085082428635,79.635670020984474797399698106681691387211473789014366862768182394,0.032149788867665369999999878122373534080149322084203747592981963163,same_tx_swap_flow_allocation
0xa122c3ef0ced83be89922d99e8dde8f4e272eaca,0x9b5960ec6ef06d5da9948ecc9a021311bb5d913619b649d88b9c65e2900db971,50440631,8,0x7692acc1cdd771d09ebcae3663e1843b2911bec7,3978841.37064148309390007,3978841.37064148309390007,1224.68730434820,0.495,same_tx_swap_flow_allocation
0x211c8e97a504d2d142bc945334d4a88bd3270b4d,0x91b6ab6febec1ce15bc8fe2d111fd0df00fd21b7f41e36d3c24d6f1cfb7f6ee6,50442028,585,0xb92fe925dc43a0ecde6c8b1a2709c170ec4fff4f,1313271.865317698332918692,1313271.8653176983329186910000000000000000000000007614569583108265,387.51444092356716809086612454443251282006851250706899058602450264,0.15614459310848932599999988110261307492807333878591632407288874564,same_tx_swap_flow_allocation
0xfc90fd5e560471fab35e3703bf5ea4c54acee766,0x5d1f29d9e86df4810782385f44d406f91c8392f57141155539b1f49869f44a1e,50442309,494,0xb92fe925dc43a0ecde6c8b1a2709c170ec4fff4f,531072.422063732409067245,531072.422063732409067245,157.76315922563826564590917546,0.063568893706482158,same_tx_swap_flow_allocation
0xfc90fd5e560471fab35e3703bf5ea4c54acee766,0xf8162276b5f57bbf05df0a65ebd15f846829e871df33b4922c0831f34c5de6c1,50442576,911,0xb92fe925dc43a0ecde6c8b1a2709c170ec4fff4f,470915.026728810018384268,470915.0267288100183842670000000000000000000000021235253564670783,133.24709407365445707266841354641705904060260847719310898441497999,0.053861383727034049999999885623985921239928588433994070887345333159,same_tx_swap_flow_allocation
0x8400275efc189259686fa57be45955b740c580d1,0xe78b4d7e7c09d66c2d9490469e8d45c8bda671f23f79c8239c273a3f02a6d1d8,50444943,632,0x830b497262f71dcb240b3991375ea6da8e521e00,5554097.277171245131803399,0,0,0,unknown_transfer_or_unpriced_swap
0x7092b2648127f3e831c279d43cb5494bddc7d5dc,0x4be81ca9981c892f058c7fcfbb1b29cebf3081df45f2b727736dd50ea924864a,50446013,247,0x7692acc1cdd771d09ebcae3663e1843b2911bec7,10208456.381569815586394959,10208456.381569815586394959,3261.7396479197005753885592460,1.318916127707151932,same_tx_swap_flow_allocation
0x25eded2339466d3b7daf552b24d9b6e09b409b4b,0x1bb2e91c571bd8990ebdffd487e013a52a077f5c7518f529300bf9f80341ed8f,50447500,550,0x7692acc1cdd771d09ebcae3663e1843b2911bec7,4005716.39684020402107723,4005716.39684020402107723,1232.243742935,0.5,same_tx_swap_flow_allocation
0x8e34c9b87de1489096bc53e90660743bf9e8ac03,0x651db9ba964eee038e0ce007f16dd1b00852fd97aeeccdeac0f2acc47c38f454,50447895,861,0x3e6d39d445f1482ab79dbc233711006301972d60,3530022.285683062451485083,0E-65,0E-65,0E-65,unknown_transfer_or_unpriced_swap
0x211c8e97a504d2d142bc945334d4a88bd3270b4d,0x404b7c054e48c64386db5df11609952be71db26e0be5c8cb53c0e5f3af35b39d,50449942,390,0xb92fe925dc43a0ecde6c8b1a2709c170ec4fff4f,1837553.12341579145707299,1837553.12341579145707299,562.33068499615882579976087568,0.228737308676837616,same_tx_swap_flow_allocation
0x211c8e97a504d2d142bc945334d4a88bd3270b4d,0xb15bc9d2692400e84646000515f585d93920cd3610b14db0626e0877aa6aac38,50452292,214,0xb92fe925dc43a0ecde6c8b1a2709c170ec4fff4f,1126699.119593591097315196,1126699.119593591097315196,302.6085187260108910156376,0.124115774332871224,same_tx_swap_flow_allocation
0x8da2e73785a202263be1b04d3dcc8137181c89c3,0x05cc15353f25dd697ef58a03b827323e471dd83ba7f881c224217ef18af15b1e,50452495,444,0xb92fe925dc43a0ecde6c8b1a2709c170ec4fff4f,740970.643832582621311238,740970.64383258262131123700000000000000000000000134958113161895161,203.80419647878507296663556546970188747008864740144063857312737481,0.083460898290719582999999887362746438876441191502026158865534776442,same_tx_swap_flow_allocation
0x8da2e73785a202263be1b04d3dcc8137181c89c3,0x7f77d33a93259420a086888e9994df0d7ebb6c6eea01881c252ab798a62ff54d,50454380,400,0xb92fe925dc43a0ecde6c8b1a2709c170ec4fff4f,861439.336841202829197056,861439.336841202829197056,248.45041251383327189745,0.101426961080130339,same_tx_swap_flow_allocation
0x8400275efc189259686fa57be45955b740c580d1,0xcfbfe8b2dcadd4b4318689ed6a497ff69afaec6c885e69a70552454c4852ab65,50463183,149,0xb92fe925dc43a0ecde6c8b1a2709c170ec4fff4f,712469.607885275934762477,712469.60788527593476247600000000000000000000000140356864199184634,226.98831179031565549733768140632347244485237390333949021041926177,0.092140453714965859999999870674548506772794813752975078300247968722,same_tx_swap_flow_allocation
0x8400275efc189259686fa57be45955b740c580d1,0xffb64f280d7c241e169816b3e0091342a4c4a335c851f7c21ed9d58cef28e0d9,50466395,819,0xb92fe925dc43a0ecde6c8b1a2709c170ec4fff4f,1466355.199947787242028941,1466355.1999477872420289400000000000000000000000006819630059862761,516.82353140906351158359964754547095583243773105837299134487844422,0.20982645098009155599999985690612275418474188261068287578453105608,same_tx_swap_flow_allocation
0x9622a7905307abe9686999c400b85a7b30775345,0x7773e522f3db356bed42ccc6bf5100253162fb16a7a205efabe62f63b19f0194,50471224,812,0x09d1f6c04f4f5b110a6ed8e78d8052afcf2f9e98,2998952.864132138532674855,0,0,0,unknown_transfer_or_unpriced_swap
0x8da2e73785a202263be1b04d3dcc8137181c89c3,0x3abce7114c8f4b57246ee8736ebb0f3f36e2da473d6ce14aa08a70f62837d676,50475146,571,0xb92fe925dc43a0ecde6c8b1a2709c170ec4fff4f,631144.876581346552152344,631144.876581346552152344,201.99596097728582576180816718,0.082409494918619742,same_tx_swap_flow_allocation
0x34eebc51187ba6d556f2e5a939c294c0da3a358f,0x5cee3594a0b32d1bc8a7021b8c3891b4fa956766fd72b263e74923c7f8297fcc,50481772,551,0xc1062b7c5dc8e4b1df9f200fe360cdc0ed6e7741,1627679.957847867816540244,1615819.7440096468056868902434911996128195043404671837534223474984,496.39767760190002828177762019415785068030230084951653546943392634,0.20203687768618994068002879494308835383673169979328881857729846658,same_tx_swap_flow_allocation
0x008808d79cc6b3893231d8a25208ffe1718a40e5,0xdc9216c97036775ea700d4b0a6ff0ab17b3ad00c17c107d4768e2a04ea3ad902,50483634,89,0xb92fe925dc43a0ecde6c8b1a2709c170ec4fff4f,16119827.581179433897340189,16119827.581179433897340188000000000000000000000000062035402982073,5674.1885776744960330638360025594249876874537257875143158091935195,2.3234622455333550079999998558630832847062597075320127779075919512,same_tx_swap_flow_allocation
0x008808d79cc6b3893231d8a25208ffe1718a40e5,0xd804d64f59f839686a190e44e1aff992b8ac3a9d94c7e2225359c08bbf95d8dd,50483644,33,0xb92fe925dc43a0ecde6c8b1a2709c170ec4fff4f,3400561.327657080021599969,3327368.9084796825796917240215236286380477018045694204959363485794,1385.4729472009349018156043925752210575485912218233534282460735035,0.56825387133879653899999983289409700771010719303411469455115045193,same_tx_swap_flow_allocation
0x2ff852bc2a42c0b75576c47d647ff71b6517a801,0x89ab7b41ab77739e6426b37e7062945b4f084de7be3622d3db0d1dfcba6ebd9d,50483694,484,0xb92fe925dc43a0ecde6c8b1a2709c170ec4fff4f,2323036.91449405456837106,2323036.9144940545683710590000000000000000000000004304709898326324,2318.5051756721720134757276689207820963187510023138525803943081454,0.95288722948246465899999958980969112580866074039097024370999365968,same_tx_swap_flow_allocation
0xfc90fd5e560471fab35e3703bf5ea4c54acee766,0x474c53fc2e56c459d88adeb18debdce9f77b579cd69adcbb27052f2dedc8f316,50483754,58,0xb92fe925dc43a0ecde6c8b1a2709c170ec4fff4f,667657.983688580630589591,667657.983688580630589591,496.8873761040660518380228322,0.203845312290245881,same_tx_swap_flow_allocation
0x7c4974927680254e9b2dd5e431d924c49b3ded64,0x60d08fa4df30f3e832d74ce24d3f8e5f34b7a56d221ff530cf7d23dd2d2c2fed,50483777,145,0xb92fe925dc43a0ecde6c8b1a2709c170ec4fff4f,2565188.849140345008178686,2565188.849140345008178686,1986.819749053649239451376158,0.81508187103841159,same_tx_swap_flow_allocation
0xfc90fd5e560471fab35e3703bf5ea4c54acee766,0x1289de5289add8e7ba6595edbe4dc28ca8892e95bdeb1c6687495da2bab92ef8,50483788,339,0xb92fe925dc43a0ecde6c8b1a2709c170ec4fff4f,140642.746345503433688995,140642.7463455034336889940000000000000000000000071102138288980557,100.07169161480913564398960866887439916248099774253344681805833403,0.041053860914272120999999708098270397684988867870122378446185415846,same_tx_swap_flow_allocation
0x2ff852bc2a42c0b75576c47d647ff71b6517a801,0xc3480f8267c8607b5862a7f8d40b8ed557839a656c02ae0d910eff00ef9f6b0a,50483826,225,0xb92fe925dc43a0ecde6c8b1a2709c170ec4fff4f,239864.42055548222281667,239864.42055548222281666900000000000000000000000416902180691985289,193.51031906051166045588090745125997270842799039077629186926657045,0.079386543746713490999999669035767943954573568287586648606813310734,same_tx_swap_flow_allocation
0x2ff852bc2a42c0b75576c47d647ff71b6517a801,0x3575deded2a0c8d1740d4f58d5a260c231af46487775b5eee9edb68e03bc6230,50483858,246,0xb92fe925dc43a0ecde6c8b1a2709c170ec4fff4f,531723.552537672025194422,531723.55253767202519442100000000000000000000000188067651926919507,496.54606585471108119783959139747321154945078148972749747505416206,0.20325117926580708199999961775027964102274573576376885886975753490,same_tx_swap_flow_allocation
0x7c4974927680254e9b2dd5e431d924c49b3ded64,0xbae874c2286bf8d9007ec1955254643060520dfae8581551a61ee7c6c9804b5e,50483867,90,0xb92fe925dc43a0ecde6c8b1a2709c170ec4fff4f,1763045.532768840341661471,1763045.532768840341661471,1963.11633522855467572534079676,0.803562323033130018,same_tx_swap_flow_allocation
0x67505fc71782403718939b4bb3f6ab39be613f4f,0xa0de137a3c553f3e82823dc7981a1724006379f878c58664b7085692f4c0c41f,50483878,472,0xb92fe925dc43a0ecde6c8b1a2709c170ec4fff4f,611661.384939964087350449,611661.384939964087350449,716.31285540819234976237052498,0.293208309554047639,same_tx_swap_flow_allocation
0x2ff852bc2a42c0b75576c47d647ff71b6517a801,0x93aa6f17cc829e7319ed25326e0bf1f2b6e0e03e84ec32156e88df755794abab,50483917,566,0xb92fe925dc43a0ecde6c8b1a2709c170ec4fff4f,761665.649450905796332032,761665.649450905796332031000000000000000000000001312912037875034,992.62155417109219832323486799521247454788695029138691142324472216,0.40630973704857627099999946655105512308452588782607339770426390982,same_tx_swap_flow_allocation
0x1045162ce57c1075c1bc545e9a9affdb39287cb6,0x9afc93f675002b77d5d95634d3db6ffda4f98f9c16327be376ca8fa94889c09e,50483934,31,0xb92fe925dc43a0ecde6c8b1a2709c170ec4fff4f,112730.504692452947653793,112730.50469245294765379200000000000000000000000887071341273741089,149.19851418695240577558242488273904130840918607848302039785951665,0.061071421240657508999999458252924465563023976575776997769233350881,same_tx_swap_flow_allocation
0x2ff852bc2a42c0b75576c47d647ff71b6517a801,0x4316a07a23ebb5b964aed8f45d87f45fdae3065189416793ca2b87b953383622,50484100,467,0xb92fe925dc43a0ecde6c8b1a2709c170ec4fff4f,385653.613637316459293221,385653.61363731645929322000000000000000000000000259300046632115469,487.87525442600953965583873493923776680527590805752580697484992079,0.20013588698702457199999948104755171504737045602346693097437356251,same_tx_swap_flow_allocation
0x67505fc71782403718939b4bb3f6ab39be613f4f,0xb7b2f190455a80c99a84163e18899db3afcccbb69a9e535ee2177b397eda187a,50484180,182,0xb92fe925dc43a0ecde6c8b1a2709c170ec4fff4f,245278.707541455354204451,245278.707541455354204451,410.78708702264173503681708020,0.168185866262439964,same_tx_swap_flow_allocation
0x67505fc71782403718939b4bb3f6ab39be613f4f,0x54484e6cf711f20ee40c02b6babb488cf6fa649f295beaeaaaea0ea3e925c448,50484188,740,0xb92fe925dc43a0ecde6c8b1a2709c170ec4fff4f,259041.494774711314736733,259041.494774711314736733,410.65885123789698058279133590,0.168133363525074338,same_tx_swap_flow_allocation
0x2ff852bc2a42c0b75576c47d647ff71b6517a801,0x9a2f2ab5687d73d5d2d8e3cfcb5c302e23fda8f671f89956f3f5f5c13f4efe59,50484208,631,0xb92fe925dc43a0ecde6c8b1a2709c170ec4fff4f,821817.21111775632267267,790405.11525626515114142803822272816453609611744806559886487392832,1244.6832307272436004676939141500320888317758260426667637289775258,0.50960250211237923399999937990772738956491839685292638449067452190,same_tx_swap_flow_allocation
0x7c4974927680254e9b2dd5e431d924c49b3ded64,0xf296e82a508bf49a69d3b022bf52cf00020c7c37b3caa389817d7c230bb5b219,50484234,703,0xb92fe925dc43a0ecde6c8b1a2709c170ec4fff4f,519334.659944849328818115,519334.659944849328818115,809.18637632831582056632657805,0.331299877649370551,same_tx_swap_flow_allocation
0xc41ff324a9e61417833041c2ccb508683a079bb1,0x60632f8847d4762d53df44a02c2b6189b39c34585448bd463c41ca21d173bbd0,50484272,595,0xb92fe925dc43a0ecde6c8b1a2709c170ec4fff4f,1290496.914187074814213184,1290496.914187074814213184,1989.08394017804743758305280055,0.814377608537420501,same_tx_swap_flow_allocation
0xfc90fd5e560471fab35e3703bf5ea4c54acee766,0xfe3a21d092960714408a633cdf24a015d5fdc614d187428d4de63e37f136a2dd,50484365,794,0xb92fe925dc43a0ecde6c8b1a2709c170ec4fff4f,151797.979517092205120047,151797.97951709220512004600000000000000000000000658770296667487349,220.67806031109876333276392523848740851802072951487675815283709598,0.090062475310733819999999406695164209396265067213197249619850342707,same_tx_swap_flow_allocation
0x9a44d4974cad27175458ee071c189c2619f417c0,0xb72a5328407024379634220a53d16484e3d971fbb8622a45b9c04b6406166470,50484371,113,0xbc6d645cd3cf98fecc6f48b1b3fe16f7e8927d4a,34718.935248600311603631,34718.935248600311603631,48.515495261310,0.0198,same_tx_swap_flow_allocation
0xfc90fd5e560471fab35e3703bf5ea4c54acee766,0xc66d23439e7e21d0a640e04e719bf853722d8cd21e8220dc228474fdba0f6a56,50484453,165,0xb92fe925dc43a0ecde6c8b1a2709c170ec4fff4f,169821.552330310896762748,169821.55233031089676274700000000000000000000000588853408933015183,221.08383219516822081713869814031751900499862599967775623516765201,0.090075794768282616999999469585611883461265238223155676793363667183,same_tx_swap_flow_allocation
0x461d5072f3eef08dedc4a7d74fb6d79f99e25e73,0xda5c5ec5b793bf8a30d26c4bcae3d15e199ac817ba284cc7051093de32802327,50484682,530,0x1f64a0a665b9e39967f312e0a0aafd454d55c389,2833232.267035565841886181,0,0,0,unknown_transfer_or_unpriced_swap
0x0c175c6a0065ee05f871a68783d2de432a1e6cbe,0x2e2601134e52c95bed9a0f95af7747b7e5ea93cf2c23cb8637e22357862570fd,50484692,72,0xb92fe925dc43a0ecde6c8b1a2709c170ec4fff4f,170891.092503452445242471,170891.09250345244524247000000000000000000000000585168006916333217,284.89361496382517018698903289371148429180407685971210848607427040,0.11653161538560421899999931809426882065268087290464367358671951177,same_tx_swap_flow_allocation
0x9a44d4974cad27175458ee071c189c2619f417c0,0xfd88ad183643b2af48c6c2af42d24255b0b01aa8ff25d7ee1180bb080f9548ce,50485181,21,0xbc6d645cd3cf98fecc6f48b1b3fe16f7e8927d4a,354576.901525626214873986,354576.901525626214873986,485.223584472,0.198,same_tx_swap_flow_allocation
0x2ff852bc2a42c0b75576c47d647ff71b6517a801,0x447ce77e0a99d1880983c0b7b45d6068dba633dabf64b890e03331aad9745260,50485332,305,0xb92fe925dc43a0ecde6c8b1a2709c170ec4fff4f,775107.488897365865431639,775107.48889736586543163800000000000000000000000129014364371908781,978.33238624020045095603146581069044767782084560512029362935942825,0.39921763631161210199999948495190405201514239439496536916925602805,same_tx_swap_flow_allocation
0x9a44d4974cad27175458ee071c189c2619f417c0,0x2795b63204f287d242c5e0f89d48d136255ee8e371357ed31e30b068d95721a1,50485752,528,0xbc6d645cd3cf98fecc6f48b1b3fe16f7e8927d4a,914242.007761031857465349,914242.007761031857465349,1214.4945356280,0.495,same_tx_swap_flow_allocation
0xd929fce80152e986088af291b582890a6c6bc619,0xb5c4c645ffa3d644931f5e352b1532c291e4acb51356bfe7c0d7e76a34252307,50485930,1165,0x9a972d8c3a8dd27e5811cbcb75ebdac924fb53a1,625734.634385332203977441,614023.7985612907473873467864702847725387313885511373669325459407,760.42552785767425525397109101276528902476154401778828984145929167,0.31043428235518595352878301140354115669357435432621276273298958442,same_tx_swap_flow_allocation
0xd929fce80152e986088af291b582890a6c6bc619,0x6af8880ab0f4ab4fd617ab85b6b33a975a93590187f2423135970357aa1f88aa,50485973,210,0x9a972d8c3a8dd27e5811cbcb75ebdac924fb53a1,557217.106672120394909042,544878.78679105641380992481578469665747929526681756747309144461221,689.14680017878730118972503250046433733146236629109432049356710489,0.28133562658474542085024120354109653020091457702390367466514929314,same_tx_swap_flow_allocation
0xd929fce80152e986088af291b582890a6c6bc619,0xd6db3c36646a3e991465ebe1f415cde16f0c620a1c3d8eb9857f8714504f82f5,50485999,361,0x7747f8d2a76bd6345cc29622a946a929647f2359,798888.213234058927787855,798888.213234058927787855,1034.24397000297460217892730955,0.422217262369635065,same_tx_swap_flow_allocation
0xd929fce80152e986088af291b582890a6c6bc619,0x4659e5c43859390bcbd8be8f2512a04a352510580495f3d4f874285902908626,50486006,294,0x9a972d8c3a8dd27e5811cbcb75ebdac924fb53a1,729983.870245917192500962,697534.4467644866080917541595529703772804333242585089106911124561,926.58107685307450388492584724564702023179163939370991140557833873,0.37826522269333449565775271304712770605330888795640822444008222294,same_tx_swap_flow_allocation
0xd929fce80152e986088af291b582890a6c6bc619,0x8e3d2f04dd07e07b8992694ccdd80396e6d8a29ae01c3e436c6704ea345eca9e,50486025,379,0x67d03631fe51b741c0c00c4e16eb662ac84381df,179647.187803297620747176,179647.187803297620747176,242.38318576836930907950197659,0.098949926813938537,same_tx_swap_flow_allocation
0xd929fce80152e986088af291b582890a6c6bc619,0x836a2e17a641af329a85c95d2e3ec3ef7d3a274c0ce43a3f94e4dbd23823343d,50486031,55,0x7747f8d2a76bd6345cc29622a946a929647f2359,166892.775754763367557482,158846.80705103830480349700000000000000000000000,215.66440532552869064047293203000000000000000000000000000000000000,0.088042316366474129000000000000000000000000000000000000000000000000,same_tx_swap_flow_allocation
0xd929fce80152e986088af291b582890a6c6bc619,0xd1acc5ac045939588f1950b7d22fbe3253c03a1eb646532b380ed60d8c36ef40,50486046,246,0xb92fe925dc43a0ecde6c8b1a2709c170ec4fff4f,388908.436220731603072805,376732.60554182887653165400000000000000000000000,516.98829178071525637772201001000000000000000000000000000000000000,0.21105405258701184300000000000000000000000000000000000000000000000,same_tx_swap_flow_allocation
0xd929fce80152e986088af291b582890a6c6bc619,0xb4f32bbf8730ab033ab6c9f27b934ed4acd466583f013cfc4946c04d1f89ad6d,50486064,418,0xb92fe925dc43a0ecde6c8b1a2709c170ec4fff4f,600484.210202699642649634,591141.85723010832907682600000000000000000000000,853.00106529340181791353401255000000000000000000000000000000000000,0.34822709634509796500000000000000000000000000000000000000000000000,same_tx_swap_flow_allocation
0xd929fce80152e986088af291b582890a6c6bc619,0x36825817f425f8e5cbaf175c3652038a64df3e37e6ecdaa05b3b62629e4fb2f4,50486117,192,0x67d03631fe51b741c0c00c4e16eb662ac84381df,257308.766675421475915736,257308.766675421475915736,377.33786566637635557391749959,0.154043499648927437,same_tx_swap_flow_allocation
0x4552df0be3b02bfb80c3444b3f1465ee0bdb224c,0x469d0544ee2e88629bd72d0da9b5fc186dd9339c73b5fbe336c578f755562c05,50486263,110,0xb92fe925dc43a0ecde6c8b1a2709c170ec4fff4f,1286820.290851056528354961,1286820.2908510565283549600000000000000000000000007771092879943913,1956.7037088955159999999984794273739642209560012439790202971827169,0.79879999999999999999999937924510075008026918426262219900656679959,same_tx_swap_flow_allocation
0x2ff852bc2a42c0b75576c47d647ff71b6517a801,0x3f4579b2fd3d1a82024c18cd6fbca29516eaa5b155a4a2cae30b9549c46124f8,50487289,356,0xb92fe925dc43a0ecde6c8b1a2709c170ec4fff4f,1208881.150527808091943086,1208881.1505278080919430850000000000000000000000008272111775118598,1304.8360541015768502583389206250312267057787285553554095144240852,0.53337733036899999999999955878431048732723743524110049398956733873,same_tx_swap_flow_allocation
0xfc90fd5e560471fab35e3703bf5ea4c54acee766,0xbdf811af14000169e48da2903f57350c640ad46444582909a9e6abcdfc91d634,50487307,616,0xb92fe925dc43a0ecde6c8b1a2709c170ec4fff4f,373358.626196657852487063,345141.41609163228045974900000000000000000000000,404.97631699391805940782793152000000000000000000000000000000000000,0.16554201283900963200000000000000000000000000000000000000000000000,same_tx_swap_flow_allocation
0x9a44d4974cad27175458ee071c189c2619f417c0,0x5c5d13575a80370643adcffedabb7ca275828978b5a7f64b88cf37f9527548b5,50487365,231,0xbc6d645cd3cf98fecc6f48b1b3fe16f7e8927d4a,391650.940146402975368025,391650.940146402975368025,484.38042639228,0.198,same_tx_swap_flow_allocation
0x1045162ce57c1075c1bc545e9a9affdb39287cb6,0xa0b170120856ab55a2065e6104450eddabb1ff63e5eb0d2e00c84cfac18618e9,50488174,39,0xb92fe925dc43a0ecde6c8b1a2709c170ec4fff4f,11834.255208634582115118,0E-132,0E-132,0E-132,unknown_transfer_or_unpriced_swap
0x2408ce75d217e3a70d6ca370c78c1b34d706f5a0,0x2715c3752c6cd0a89653d12eb9332f5622bb72e18b96418218345684ac70ae12,50488208,579,0xb92fe925dc43a0ecde6c8b1a2709c170ec4fff4f,7639014.391538008018919038,7450980.7916927099267382230000000000000000000000,14555.385714507851417835600000000000000000000000000000000000000000,5.9121129971680496100000000000000000000000000000000000000000000000,same_tx_swap_flow_allocation
0x9a44d4974cad27175458ee071c189c2619f417c0,0x7fec6c160d0d79d0153bb1ec8e9428227470a6bf26564aa379fabafed6f5895b,50488278,158,0xbc6d645cd3cf98fecc6f48b1b3fe16f7e8927d4a,685904.982451498914698725,685904.982451498914698725,1218.67020,0.495,same_tx_swap_flow_allocation
0x0c175c6a0065ee05f871a68783d2de432a1e6cbe,0x4a4e95e4bfac9424e8b206354673bf82fab65f1a0d6377840d7457f4e4ae6a76,50488319,584,0xb92fe925dc43a0ecde6c8b1a2709c170ec4fff4f,685157.952997496239044126,685157.95299749623904412500000000000000000000000145951746692146224,1497.3615272900055131861178145746966240391932914049723607389899518,0.60819896638857069699999911232298519230174060155525368435676857128,same_tx_swap_flow_allocation
0xfc90fd5e560471fab35e3703bf5ea4c54acee766,0xb0a81755ccfef5a2881f3e7cf2a1c957e233556dda320657184ef59671f4b0d4,50488590,1737,0xb92fe925dc43a0ecde6c8b1a2709c170ec4fff4f,39770.621217733460106372,39770.621217733460106372,100.4195119832450972606602,0.040863374617904063,same_tx_swap_flow_allocation
0x0c175c6a0065ee05f871a68783d2de432a1e6cbe,0x18adf76679ba89d7506f6934b4c24b2e2085ccc34b2d9c2b3d5dfd8e71dac23b,50488647,493,0xeeedab802d95f2311523d560d482e9146c637261,9358191.228333051482386535,0,0,0,unknown_transfer_or_unpriced_swap
0xfc90fd5e560471fab35e3703bf5ea4c54acee766,0x0ee798d734d583647d8d916ffadc4d039f19e14ac3432ac29c59c8e49a2ed463,50489442,157,0xb92fe925dc43a0ecde6c8b1a2709c170ec4fff4f,80608.369548508433031358,80608.369548508433031357000000000000000000000012405659680267083038,177.56324364044422309758070346082767230055373441118962635439424193,0.072019366125267624999999106552253461374444250327226465925790865374,same_tx_swap_flow_allocation
0x9a44d4974cad27175458ee071c189c2619f417c0,0xdd94475445d7cdb5f96d13d68c257b7a2bf0632b8294ffae80c54a0c33f80d6a,50489790,267,0xbc6d645cd3cf98fecc6f48b1b3fe16f7e8927d4a,235530.814276054064144648,235530.814276054064144648,488.16761563350,0.198,same_tx_swap_flow_allocation
0x68ccd83694d6b664a62982310fcefc9f792f39d6,0x6da0c99cc89a3d9e3191fc9eaaed6ba9bdc2605a72f2914c74098cb59765e110,50491245,413,0x7692acc1cdd771d09ebcae3663e1843b2911bec7,1184842.904069904875765422,1184842.904069904875765422,2835.16887908981727842881049892,1.147710566708596422,same_tx_swap_flow_allocation
0xfc90fd5e560471fab35e3703bf5ea4c54acee766,0xb01cd0ec32fa0658871cb5fe6f92abbdcd7e92367fcb534ab933ea39a16a3ebe,50491742,464,0xb92fe925dc43a0ecde6c8b1a2709c170ec4fff4f,43665.844732001945010237,43665.844732001945010236000000000000000000000022901194426386929263,100.38323307294740254435777108406224711688309254706183240047038931,0.040542421443587070999999071530124003893846929059497048638426290700,same_tx_swap_flow_allocation
0x8400275efc189259686fa57be45955b740c580d1,0xd45481f70d314b2e523415cc88b4075e0b578781ffa23ad214225e98dc350e96,50492855,522,0xb92fe925dc43a0ecde6c8b1a2709c170ec4fff4f,557413.669721547092459954,557413.66972154709245995300000000000000000000000179399977847609022,976.96213318562059334086184733014948546810993277032485668156819391,0.39544996064194281099999929056285820997600247526877669053985836510,same_tx_swap_flow_allocation
0x8400275efc189259686fa57be45955b740c580d1,0x774b141ea8d3c438b872a4296b1613fc5a7804707c31c3806d30b82688647afc,50492925,164,0xb92fe925dc43a0ecde6c8b1a2709c170ec4fff4f,255803.402837351604544971,255803.40283735160454497000000000000000000000000390925214015168355,467.64169513838273167558177187070245611615805821094975400288446447,0.18928972132625001099999926001875179664136959473872889684811512600,same_tx_swap_flow_allocation
0x8400275efc189259686fa57be45955b740c580d1,0x09018020b412c81e54827d2f5cc4dae76848614d5af0126db646930d892f42a3,50495230,1682,0xb92fe925dc43a0ecde6c8b1a2709c170ec4fff4f,454296.066494142694406771,454296.06649414269440677000000000000000000000000220120770077786519,976.37925850384254999999785078645730155986172359047176113431908564,0.39032531471899999999999914081291143199338852409221521962634435453,same_tx_swap_flow_allocation
0x9a44d4974cad27175458ee071c189c2619f417c0,0xb61f1eeccdc309e25874692b93ff93fe608f92796544210a5afbf4686a416df4,50495696,430,0xbc6d645cd3cf98fecc6f48b1b3fe16f7e8927d4a,264158.438315828545300194,264158.438315828545300194,494.45946,0.198,same_tx_swap_flow_allocation
0x7c4974927680254e9b2dd5e431d924c49b3ded64,0xf06edf869c45c2e7d86d76211ea5cf7f4a5b9227d0afae4334fdb2c2f876d10c,50495699,241,0xb92fe925dc43a0ecde6c8b1a2709c170ec4fff4f,267965.161131219023919348,267965.161131219023919348,504.80774250825591792173,0.202143838074479699,same_tx_swap_flow_allocation
0xdbb81a78349a9087c7e4cc3ac42f195ce4b5e649,0x378e55ae90a9904f3b68856ee6304087e27aacc4bf7796c39a161a62dbece6a9,50496416,197,0xb92fe925dc43a0ecde6c8b1a2709c170ec4fff4f,404220.886266357563865751,404220.88626635756386575000000000000000000000000247389492719349334,497.87386713174527639183306831236572056803942190778038267793401683,0.19872679137487052099999950837079892026815092593535136141301247703,same_tx_swap_flow_allocation
0x9a44d4974cad27175458ee071c189c2619f417c0,0x5660f950116a05b8d798f67c5829215c2c5c74b6852145c27d8537bbf727bd93,50496418,10,0xbc6d645cd3cf98fecc6f48b1b3fe16f7e8927d4a,475872.43665529209234379,475872.43665529209234379,595.26362808,0.2376,same_tx_swap_flow_allocation
0x68ccd83694d6b664a62982310fcefc9f792f39d6,0x903cb43dc3053960d74d4ffe137e1aba62c3e5bc8ac4bc64f8d46ce0f247a5a3,50496620,269,0x7692acc1cdd771d09ebcae3663e1843b2911bec7,470355.328904130580376699,470355.328904130580376699,718.85315701147463007465,0.286924948016250945,same_tx_swap_flow_allocation
0x8400275efc189259686fa57be45955b740c580d1,0x8b0941c73d1f75e5d3f4133a185d1cbb1a2e70f8ed8a8049de14935fbc0a2460,50497114,169,0xb92fe925dc43a0ecde6c8b1a2709c170ec4fff4f,404459.435134568163959506,404459.43513456816395950500000000000000000000000247243583195750854,490.48677171570254239252462694293050893441436954370513565487061318,0.19577431850462471699999951596055995210392787903003781398017841302,same_tx_swap_flow_allocation
0x2ff852bc2a42c0b75576c47d647ff71b6517a801,0xbe1fb27926615a239b4e8f0c8e0c5bb9612207d40b281d36c11cf06adc9847f8,50497178,130,0xb92fe925dc43a0ecde6c8b1a2709c170ec4fff4f,1217567.367253213290883064,1217567.3672532132908830630000000000000000000000008213097910598268,1440.8004418860545643491785706164901156584135305189525416813209279,0.57616959848046953099999952678626745698127396369052233260405180159,same_tx_swap_flow_allocation
0x5c3e5b6780dc15b705f606f19b6a9206fea39cdf,0x2cd6928bf619c5b2d2bd6df53e297d68f86ea5fd0252c1ae4de50576bd9ac377,50497356,430,0x64625be4ace9e3b36599d5e8b7be1ef06202b146,3594895.7157,0E-65,0E-65,0E-65,unknown_transfer_or_unpriced_swap
0xfc90fd5e560471fab35e3703bf5ea4c54acee766,0x5553742c7e1380d67fd56f7adefead0552b63858a630b53dc818d9d0a2687a4a,50497820,497,0xb92fe925dc43a0ecde6c8b1a2709c170ec4fff4f,372073.317553535819688514,372073.31755353581968851300000000000000000000000268764233505165246,674.15372552304182106198115945590695148108555231475798381796745341,0.27043462270739042599999927316845914789656023905485743439627929871,same_tx_swap_flow_allocation
0x651a7378615b54d3dfd0c10b9262a95bc8c3d19c,0x063f89550768e70fa8f9a58aea5358f1fd0c7753c27931ea6336d99ea07a4cba,50499088,299,0x3c890c7454c17410e49e035f6c4755c4e2012b4b,5.87609E-12,0E-131,0E-131,0E-131,unknown_transfer_or_unpriced_swap
0xcdb95f2acdb4917372259648a7342a524ea6fc73,0x1b09946872d43364c32d077e19ffe4669d5e3c95e9e38f44e1f44de7c5412d61,50499124,201,0x4127a54690ce80fe10e68a9f83781727a56f20cb,9494622.052390858334358076,0,0,0,unknown_transfer_or_unpriced_swap
0x174c2a6113e38cd74ddd98b307bbaf493ccfb251,0xd839fc7036c3994da8361f40abbd128b4a37ac4d9850cc988d780617ffb01d77,50502348,462,0xb92fe925dc43a0ecde6c8b1a2709c170ec4fff4f,5235.202832196889874596,5235.202832196889874596,9.91021793381148205954004169,0.003968960836010827,same_tx_swap_flow_allocation
0x8400275efc189259686fa57be45955b740c580d1,0xc968f2bedb22f2c7e20375579164995c89d08117a44798331f4cfe2b47ba439e,50502810,372,0xb92fe925dc43a0ecde6c8b1a2709c170ec4fff4f,649111.793924032229685514,649111.79392403222968551300000000000000000000000154056667797509379,1383.1135051681879997687978692214220805569011626844159026996193387,0.55378136970799999999999914686287494444920659848594790816783645753,same_tx_swap_flow_allocation
0x2408ce75d217e3a70d6ca370c78c1b34d706f5a0,0x5b7c0f8046b30bec9bf46004d67e2192f5075278b1a0e56fc5d7663efec36f34,50508495,156,0xb92fe925dc43a0ecde6c8b1a2709c170ec4fff4f,3821758.319251200930125078,3726122.6195675394427479890000000000000000000000,9017.3593059772090372655550396800000000000000000000000000000000000,3.6293428883617138640000000000000000000000000000000000000000000000,same_tx_swap_flow_allocation
0xac5fdc54868c317f84aed49d8448594991f62c55,0xe4176f6f9f748bf721dd9be35f7b049e070fac48c262cf5f103e50b3d00b1c6e,50517655,790,0xb92fe925dc43a0ecde6c8b1a2709c170ec4fff4f,1390195.338552742525420316,1390195.3385527425254203150000000000000000000000007193233729592606,3981.0208462380918419511940822386570628857236477739172103138614220,1.5705636179357741529999988702568808993394219884264175608313062468,same_tx_swap_flow_allocation
0x8400275efc189259686fa57be45955b740c580d1,0xacb2125ecb93c3d00eac8f02e492b25a69ad99e1c6300023df1845ae57c8a444,50518339,139,0xb92fe925dc43a0ecde6c8b1a2709c170ec4fff4f,684141.05012153538440378,684141.05012153538440377900000000000000000000000146168688433818336,1923.1734048107190607324963183626578801641922097703532849332368918,0.76069450704529671399999888810281606378997089440675167634842806919,same_tx_swap_flow_allocation
0x651a7378615b54d3dfd0c10b9262a95bc8c3d19c,0xa57199f4f4980eb7ca7aa9f0bc166ace5a06802b00fa76d0c1525c9c44a320c1,50518728,468,0xa6693c49b577c21a2ad923acba008f49324161e2,77212.081461403202431891,0E-67,0E-67,0E-67,unknown_transfer_or_unpriced_swap
0x651a7378615b54d3dfd0c10b9262a95bc8c3d19c,0xcff61416e893d8d6923c2e75229d33a84705b4ad0793c70f93ab1d8e91616803,50518736,273,0xa6693c49b577c21a2ad923acba008f49324161e2,9349178.249102978469733371,0E-65,0E-65,0E-65,unknown_transfer_or_unpriced_swap
0x651a7378615b54d3dfd0c10b9262a95bc8c3d19c,0x8048e86b51f51030b212cf4947c80c95de517d56c633740b774e6e62ed42ebbb,50519305,189,0xa6693c49b577c21a2ad923acba008f49324161e2,803569.584495332087567287,0E-65,0E-65,0E-65,unknown_transfer_or_unpriced_swap
0x67505fc71782403718939b4bb3f6ab39be613f4f,0x2c30b7ecc4f900b51610f672d4308ddb0e71ff2471a6d0bc9c676fdcc181dce0,50522035,61,0x9a44d4974cad27175458ee071c189c2619f417c0,500000,0E-65,0E-65,0E-65,unknown_transfer_or_unpriced_swap
0x9a44d4974cad27175458ee071c189c2619f417c0,0xb9a729beb828379fe6cdbbe9894201e107b6956c9620fab79e6d5ad99f5af624,50522080,506,0xbc6d645cd3cf98fecc6f48b1b3fe16f7e8927d4a,132210.081768299842668655,132210.081768299842668655,372.168739189665,0.1485,same_tx_swap_flow_allocation
0x9a44d4974cad27175458ee071c189c2619f417c0,0xc8d436ddd6febd12e6c81f1f3e33b28ae5bf57d950692ae22a9ac98165bf7c96,50523221,372,0xbc6d645cd3cf98fecc6f48b1b3fe16f7e8927d4a,17300.041193822624541119,17300.041193822624541119,37.0875855742425,0.01485,same_tx_swap_flow_allocation
0xfc90fd5e560471fab35e3703bf5ea4c54acee766,0xda42dd81dab5692b80812da25684e4d11664928396f50631709060407bfc8660,50523273,126,0xb92fe925dc43a0ecde6c8b1a2709c170ec4fff4f,60813.7787439106406427,60813.77874391064064269900000000000000000000001644364189587760561,125.17780926955411868425437997093106098379837038756514730397389192,0.050121636091185366999999175817764881053229971486305472201526256679,same_tx_swap_flow_allocation
0x651a7378615b54d3dfd0c10b9262a95bc8c3d19c,0xfd9296ed7990243d0d4f66861db57ebe7fe19e2267693584da413267b4e95cfb,50527665,755,0x498581ff718922c3f8e6a244956af099b2652b2b,4240550.172067315853618461,0E-65,0E-65,0E-65,unknown_transfer_or_unpriced_swap
0xfa14f95ecda2b05f0b138428d5bd8f096daf9c3e,0x3c9b2ddfd2998a42a4fa4b98d83bbfa4b1d4b63b753418cb9c5c699ed86ea11b,50528126,489,0x111111125421ca6dc452d289314280a0f8842a65,7109897.792904843295907659,6848707.6355605669710511960367361339012390517889403623792375495515,17909.804155568825127454592145603992287836185330906789131656513637,7.0965251767265736099999990018808450652574185217936842557658281640,same_tx_swap_flow_allocation
0xfa14f95ecda2b05f0b138428d5bd8f096daf9c3e,0x2185072f9e7b87ccf552f80e10e30e7050b2314776a6bc3951634f6ac55e484b,50528265,652,0x111111125421ca6dc452d289314280a0f8842a65,3259267.555942523757085898,3259267.5559425237570858970000000000000000000000003068174007920063,8991.0951917207426976716287532955430027365120463322292964141526347,3.5626036354256823719999989069312125265398557691633599885274770350,same_tx_swap_flow_allocation
0x9a44d4974cad27175458ee071c189c2619f417c0,0x90bd3d9df8a03d31ff407d8ad2b4331f76207a9dbd45dcf1cb16811e4cc85701,50530501,904,0xbc6d645cd3cf98fecc6f48b1b3fe16f7e8927d4a,19342.061816762848283472,19342.061816762848283472,49.831482487842,0.0198,same_tx_swap_flow_allocation
0x0c175c6a0065ee05f871a68783d2de432a1e6cbe,0xe1ced542edce9bd0270be1e15e39f81e8fd961778f35e7736897d2f391a79c7d,50530540,1912,0xb92fe925dc43a0ecde6c8b1a2709c170ec4fff4f,63760.927579822016312388,63760.927579822016312387000000000000000000000015683586138989344711,168.75155020230319033770935337052631419313471696266069479575662572,0.066928759343884139999998950317037654505112761712905465491395212347,same_tx_swap_flow_allocation
0x9a44d4974cad27175458ee071c189c2619f417c0,0x53cd81d805d421b10924f099f8e42b2ecd07c83ccf9fc61094245eae694c827d,50530549,516,0xbc6d645cd3cf98fecc6f48b1b3fe16f7e8927d4a,18744.55365036957113462,18744.55365036957113462,49.92294384,0.0198,same_tx_swap_flow_allocation
0x2bb2173427bb17b78adaa3d5fad9716328c3d262,0x301cf1f49d23aa76bf5de38e94ef4f163eff51694f52506a4b5ebc57eec442e7,50530876,886,0xf01a4dabfd54d1a6a1812a95f7151e8da851de2e,541.795948030093095438,0E-264,0E-264,0E-264,unknown_transfer_or_unpriced_swap
0x461d5072f3eef08dedc4a7d74fb6d79f99e25e73,0x301cf1f49d23aa76bf5de38e94ef4f163eff51694f52506a4b5ebc57eec442e7,50530876,890,0xf01a4dabfd54d1a6a1812a95f7151e8da851de2e,816.288240314475958741,0E-528,0E-528,0E-528,unknown_transfer_or_unpriced_swap
0x67505fc71782403718939b4bb3f6ab39be613f4f,0x301cf1f49d23aa76bf5de38e94ef4f163eff51694f52506a4b5ebc57eec442e7,50530876,894,0xf01a4dabfd54d1a6a1812a95f7151e8da851de2e,616.980449485850911888,0E-793,0E-793,0E-793,unknown_transfer_or_unpriced_swap
0xfc90fd5e560471fab35e3703bf5ea4c54acee766,0x301cf1f49d23aa76bf5de38e94ef4f163eff51694f52506a4b5ebc57eec442e7,50530876,904,0xf01a4dabfd54d1a6a1812a95f7151e8da851de2e,1420.694504097492930623,0E-1447,0E-1447,0E-1447,unknown_transfer_or_unpriced_swap
0x211c8e97a504d2d142bc945334d4a88bd3270b4d,0x9e5de75ee3c0ec47f651fc97020e8196f91ea8a60e8c2846bc1f43bcdd365b9e,50531332,145,0xf01a4dabfd54d1a6a1812a95f7151e8da851de2e,574.745802903999898644,0E-803,0E-803,0E-803,unknown_transfer_or_unpriced_swap
0x2bb2173427bb17b78adaa3d5fad9716328c3d262,0x9e5de75ee3c0ec47f651fc97020e8196f91ea8a60e8c2846bc1f43bcdd365b9e,50531332,152,0xf01a4dabfd54d1a6a1812a95f7151e8da851de2e,394.200485935120640492,0E-1272,0E-1272,0E-1272,unknown_transfer_or_unpriced_swap
0x461d5072f3eef08dedc4a7d74fb6d79f99e25e73,0x9e5de75ee3c0ec47f651fc97020e8196f91ea8a60e8c2846bc1f43bcdd365b9e,50531332,158,0xf01a4dabfd54d1a6a1812a95f7151e8da851de2e,659.906541004043976142,0E-1672,0E-1672,0E-1672,unknown_transfer_or_unpriced_swap
0x67505fc71782403718939b4bb3f6ab39be613f4f,0x9e5de75ee3c0ec47f651fc97020e8196f91ea8a60e8c2846bc1f43bcdd365b9e,50531332,166,0xf01a4dabfd54d1a6a1812a95f7151e8da851de2e,498.781452652648018546,0E-2206,0E-2206,0E-2206,unknown_transfer_or_unpriced_swap
0x67df1d22c03ce81dcd7c50a65d476b17f4934fd4,0x9e5de75ee3c0ec47f651fc97020e8196f91ea8a60e8c2846bc1f43bcdd365b9e,50531332,167,0xf01a4dabfd54d1a6a1812a95f7151e8da851de2e,417.131771105291080169,0E-2272,0E-2272,0E-2272,unknown_transfer_or_unpriced_swap
0xfc90fd5e560471fab35e3703bf5ea4c54acee766,0x9e5de75ee3c0ec47f651fc97020e8196f91ea8a60e8c2846bc1f43bcdd365b9e,50531332,193,0xf01a4dabfd54d1a6a1812a95f7151e8da851de2e,867.642502734952677621,0E-3990,0E-3990,0E-3990,unknown_transfer_or_unpriced_swap
0xdbb81a78349a9087c7e4cc3ac42f195ce4b5e649,0x8c9f90f7a6eae2df35e2383b891ea8daf45120558cdc2e9e71baab91bab0ba7c,50533691,965,0xb92fe925dc43a0ecde6c8b1a2709c170ec4fff4f,1935058.791776692345457423,1935058.791776692345457423,4475.55206462255544610369663356,1.791267843334179484,same_tx_swap_flow_allocation
0x211c8e97a504d2d142bc945334d4a88bd3270b4d,0x295582e72a38832d5a017fe3dca994ce723ec7ff83b792d93218eb4e33d78aeb,50534995,420,0xf01a4dabfd54d1a6a1812a95f7151e8da851de2e,307.882871841077790388,0E-466,0E-466,0E-466,unknown_transfer_or_unpriced_swap
0x4552df0be3b02bfb80c3444b3f1465ee0bdb224c,0x295582e72a38832d5a017fe3dca994ce723ec7ff83b792d93218eb4e33d78aeb,50534995,428,0xf01a4dabfd54d1a6a1812a95f7151e8da851de2e,98.847775910702743458,0E-1000,0E-1000,0E-1000,unknown_transfer_or_unpriced_swap
0x461d5072f3eef08dedc4a7d74fb6d79f99e25e73,0x295582e72a38832d5a017fe3dca994ce723ec7ff83b792d93218eb4e33d78aeb,50534995,429,0xf01a4dabfd54d1a6a1812a95f7151e8da851de2e,353.502226487721332569,0E-1066,0E-1066,0E-1066,unknown_transfer_or_unpriced_swap
0x67505fc71782403718939b4bb3f6ab39be613f4f,0x295582e72a38832d5a017fe3dca994ce723ec7ff83b792d93218eb4e33d78aeb,50534995,439,0xf01a4dabfd54d1a6a1812a95f7151e8da851de2e,267.189886881891847426,0E-1742,0E-1742,0E-1742,unknown_transfer_or_unpriced_swap
0x67df1d22c03ce81dcd7c50a65d476b17f4934fd4,0x295582e72a38832d5a017fe3dca994ce723ec7ff83b792d93218eb4e33d78aeb,50534995,440,0xf01a4dabfd54d1a6a1812a95f7151e8da851de2e,248.648148310455124765,0E-1808,0E-1808,0E-1808,unknown_transfer_or_unpriced_swap
0xfc90fd5e560471fab35e3703bf5ea4c54acee766,0x295582e72a38832d5a017fe3dca994ce723ec7ff83b792d93218eb4e33d78aeb,50534995,473,0xf01a4dabfd54d1a6a1812a95f7151e8da851de2e,464.783325295611889521,0E-3996,0E-3996,0E-3996,unknown_transfer_or_unpriced_swap
0xfc90fd5e560471fab35e3703bf5ea4c54acee766,0x52e11deeafb18aa659276d841603e8729788aad68e0b1a6ba4c69fc08eba0294,50535082,418,0xb92fe925dc43a0ecde6c8b1a2709c170ec4fff4f,274157.95789115460609839,274157.95789115460609838900000000000000000000000364753227552496246,830.35755543736004051175064240401631622096270621536401816948462894,0.33060035896007613199999879412452039298409286329263780645600452871,same_tx_swap_flow_allocation
0x0c175c6a0065ee05f871a68783d2de432a1e6cbe,0x75cfaeb25b9d0734087561902faf10bf9927947175c517ccd4bdf8e0bcca2231,50535296,359,0xb92fe925dc43a0ecde6c8b1a2709c170ec4fff4f,838420.309598288380145804,838420.309598288380145804,2624.21042788163139179799713499,1.044808834174435473,same_tx_swap_flow_allocation
0x9a44d4974cad27175458ee071c189c2619f417c0,0x8e999ea2fa5ccffc6e1e64e0a21f0b056d0a42c3aee1b5a3462699adeb959637,50535637,22,0xbc6d645cd3cf98fecc6f48b1b3fe16f7e8927d4a,151367.540984637177476711,151367.540984637177476711,496.48740677514,0.198,same_tx_swap_flow_allocation
0x9a44d4974cad27175458ee071c189c2619f417c0,0xbd75ca544bbdc99f49be2bf586aedf628f09badfb2b0d1092dca071eacb4ab82,50535638,465,0xbc6d645cd3cf98fecc6f48b1b3fe16f7e8927d4a,14730.757017599187867489,14730.757017599187867489,49.648740677514,0.0198,same_tx_swap_flow_allocation
0x9a44d4974cad27175458ee071c189c2619f417c0,0x27e36e3fac18434468912247d933e83bc478446c5c15fe8025e8930cec34de7c,50535640,23,0xbc6d645cd3cf98fecc6f48b1b3fe16f7e8927d4a,14545.549163889730367536,14545.549163889730367536,49.648740677514,0.0198,same_tx_swap_flow_allocation
0x9a44d4974cad27175458ee071c189c2619f417c0,0x36fff68681c4bf18bb83bf43a567e9984b5142440861cecf8be7147e6098a696,50535792,922,0xbc6d645cd3cf98fecc6f48b1b3fe16f7e8927d4a,14497.493096648974656488,14497.493096648974656488,49.533858,0.0198,same_tx_swap_flow_allocation
0x651a7378615b54d3dfd0c10b9262a95bc8c3d19c,0x0924676a3719d516930e6e18709e8e302e70dfc9c63b36c7d37a26d117be0341,50536283,129,0xa6693c49b577c21a2ad923acba008f49324161e2,171995.033711621193507643,0E-66,0E-66,0E-66,unknown_transfer_or_unpriced_swap
0xfc90fd5e560471fab35e3703bf5ea4c54acee766,0xfc8630a29b68c359ac4b2a85ee7e983f076acad2014111ca9aed62418c3d4816,50536483,493,0xb92fe925dc43a0ecde6c8b1a2709c170ec4fff4f,65691.068852078385798225,65691.068852078385798225,198.71568255452000079066287195,0.079434331485965201,same_tx_swap_flow_allocation
0x7c4974927680254e9b2dd5e431d924c49b3ded64,0xd6c56a38ce2bd0d978044800b18f4176d8f21a9863fdd3f946fa2ff7ff875c8f,50536570,759,0xb92fe925dc43a0ecde6c8b1a2709c170ec4fff4f,332746.480967126569801827,332746.48096712656980182600000000000000000000000300529098637948999,993.39450696853062387098295391044228857746272522149870515730898251,0.39709814317863633299999880660452959721207180820437309772989178238,same_tx_swap_flow_allocation
0xd929fce80152e986088af291b582890a6c6bc619,0xc0e3ae77aceed52778a76fed2de0bd87f6af63a886aa5c8cda52b0cb09cf1148,50536847,333,0x9a972d8c3a8dd27e5811cbcb75ebdac924fb53a1,164248.753617380229559772,150930.29428147749094157458296665620022892443321965809286201689277,454.66836307996507352560644927814380043615065674884861904075530635,0.18144604433056670536801124382449094994132588934749677061138324258,same_tx_swap_flow_allocation
0xd929fce80152e986088af291b582890a6c6bc619,0xe90dc0d32298561d957c1c27e18023a0759fe11d53f27bb6c47bdcbc116bbb11,50536953,484,0x8f10b468b06c6fd214b65f87778827f7d113f996,166033.39411927744669041,166033.39411927744669040900000000000000000000000602288476546835923,502.14311901776826746766752070985838311837028504044096436977640890,0.20039195605426950899999879306234075833523772240122904050334959500,same_tx_swap_flow_allocation
0xd929fce80152e986088af291b582890a6c6bc619,0x4c4be0f93a805ab2567a83db71a09923203813de47361b6d2666d7fbad913696,50536981,365,0x111111125421ca6dc452d289314280a0f8842a65,169765.684790543996048125,169765.68479054399604812400021980314344790169644317301606089561832,501.94793752415534316191324456859498009709945282339473364249902557,0.20031406431422695788208991024183589174768273472659566901879903283,same_tx_swap_flow_allocation
0xd929fce80152e986088af291b582890a6c6bc619,0x88dfc6e9e0d05c5fe4cd024ee1b4efe0826c612a3e50c61bb5025bed8b71fe59,50537010,1132,0xb92fe925dc43a0ecde6c8b1a2709c170ec4fff4f,17271.199882633066834331,17271.199882633066834331,50.67402910557464022733748598,0.020222656507731147,same_tx_swap_flow_allocation
0xd929fce80152e986088af291b582890a6c6bc619,0x8d4754a68514e40ead399efd3af64b02ca30d4cb64b12b2f2121046be8a50c06,50537018,1214,0x1231deb6f5749ef6ce6943a275a1d3e7486f4eae,170148.146343496663685574,169655.58593675212725466568037866978783927277349906327710574679511,499.76017614520205315452106073537560230350823677329613683432769156,0.19944098696734226885533034843541461560323252903483862991934516001,same_tx_swap_flow_allocation
0x9a44d4974cad27175458ee071c189c2619f417c0,0x2ec862cee2cc98b581bbc51b75fc605661d0e8f6b7f6b5f888c0390f551c3e37,50537114,365,0xbc6d645cd3cf98fecc6f48b1b3fe16f7e8927d4a,386192.582076322300542707,386192.582076322300542707,1116.336024295470,0.4455,same_tx_swap_flow_allocation
0x8da2e73785a202263be1b04d3dcc8137181c89c3,0xeddd801c5735d0faddd67bf602b8269a4553fff8874b882ef3affe439b7e3e5c,50540820,198,0xb92fe925dc43a0ecde6c8b1a2709c170ec4fff4f,43550.006566199453358527,43550.006566199453358526000000000000000000000022962109052266638187,99.441079686097535971980257443083972691661492789058503470140033127,0.039568085862404145999999091433297438026169969985397922760208371657,same_tx_swap_flow_allocation
0x9a44d4974cad27175458ee071c189c2619f417c0,0x1a294baf15a552aa6f06dd34531e041f7f9f0708850f3c8820404d030b97bbf7,50542484,313,0xbc6d645cd3cf98fecc6f48b1b3fe16f7e8927d4a,21385.789175366277435313,21385.789175366277435313,49.787264962512,0.0198,same_tx_swap_flow_allocation
0x8400275efc189259686fa57be45955b740c580d1,0x913a740bbbbc9f900e12c78575f69c9bbf8141616d9edf7d93c07015b0bff4db,50542688,347,0xb92fe925dc43a0ecde6c8b1a2709c170ec4fff4f,955344.691122250235038697,883975.83989198564534047800000000000000000000000,2096.2280859194376049505443235200000000000000000000000000000000000,0.83494908077404218800000000000000000000000000000000000000000000000,same_tx_swap_flow_allocation
0xfa14f95ecda2b05f0b138428d5bd8f096daf9c3e,0x3a592d891edf47c9dd7a394cf91697518f98d1d232c9310deed213eb3c082c91,50547472,60,0x111111125421ca6dc452d289314280a0f8842a65,2739290.524169566072986743,2697029.2105081624780086680154278318741731091070177217558419542486,5809.4187146181662507369240243250535823213867386751279971557458742,2.3303932658533317229999991492712272423876037813579697073563375511,same_tx_swap_flow_allocation
0x211c8e97a504d2d142bc945334d4a88bd3270b4d,0xfd125e1364bb3bbc867ce2bf7265bff39f60a49f987737408bda48723a0c7b90,50547506,1031,0xf01a4dabfd54d1a6a1812a95f7151e8da851de2e,343.174298360261559547,0E-670,0E-670,0E-670,unknown_transfer_or_unpriced_swap
0x4552df0be3b02bfb80c3444b3f1465ee0bdb224c,0xfd125e1364bb3bbc867ce2bf7265bff39f60a49f987737408bda48723a0c7b90,50547506,1035,0xf01a4dabfd54d1a6a1812a95f7151e8da851de2e,146.904420458255999405,0E-936,0E-936,0E-936,unknown_transfer_or_unpriced_swap
0x461d5072f3eef08dedc4a7d74fb6d79f99e25e73,0xfd125e1364bb3bbc867ce2bf7265bff39f60a49f987737408bda48723a0c7b90,50547506,1036,0xf01a4dabfd54d1a6a1812a95f7151e8da851de2e,525.3637649854195857,0E-1002,0E-1002,0E-1002,unknown_transfer_or_unpriced_swap
0x67505fc71782403718939b4bb3f6ab39be613f4f,0xfd125e1364bb3bbc867ce2bf7265bff39f60a49f987737408bda48723a0c7b90,50547506,1046,0xf01a4dabfd54d1a6a1812a95f7151e8da851de2e,397.089111242626917872,0E-1676,0E-1676,0E-1676,unknown_transfer_or_unpriced_swap
0x67df1d22c03ce81dcd7c50a65d476b17f4934fd4,0xfd125e1364bb3bbc867ce2bf7265bff39f60a49f987737408bda48723a0c7b90,50547506,1047,0xf01a4dabfd54d1a6a1812a95f7151e8da851de2e,439.948124193799738447,0E-1742,0E-1742,0E-1742,unknown_transfer_or_unpriced_swap
0x8da2e73785a202263be1b04d3dcc8137181c89c3,0xfd125e1364bb3bbc867ce2bf7265bff39f60a49f987737408bda48723a0c7b90,50547506,1063,0xf01a4dabfd54d1a6a1812a95f7151e8da851de2e,225.872918013417996308,0E-2807,0E-2807,0E-2807,unknown_transfer_or_unpriced_swap
0xfc90fd5e560471fab35e3703bf5ea4c54acee766,0xfd125e1364bb3bbc867ce2bf7265bff39f60a49f987737408bda48723a0c7b90,50547506,1096,0xf01a4dabfd54d1a6a1812a95f7151e8da851de2e,690.746194460608608405,0E-5001,0E-5001,0E-5001,unknown_transfer_or_unpriced_swap
0x7c4974927680254e9b2dd5e431d924c49b3ded64,0x2a592af4d6e61b2c1378e7bba6e4c0609b7b3d35deff1f64b14fcf384437c754,50547840,790,0xb92fe925dc43a0ecde6c8b1a2709c170ec4fff4f,679350.88171777342901155,679310.6955783118629316150910622415752660215338420719953906850253,1437.5136241922064169481218158909560534753674391648942772821464285,0.57573548226839889658011230876389504030124895934640895747093171281,same_tx_swap_flow_allocation
0x7c4974927680254e9b2dd5e431d924c49b3ded64,0x78d41687cef3a567b6a6a626c17070377c57a5b2614ffd9bd5925ce1c8e71171,50549525,280,0xb92fe925dc43a0ecde6c8b1a2709c170ec4fff4f,687384.425996006675869276,687384.42599600667586927500000000000000000000000145479001586487712,1478.0639175446323364602778497273699459419058157304243266970084582,0.59317592947396332599999913705358014990966530581769832276405158489,same_tx_swap_flow_allocation
0xd929fce80152e986088af291b582890a6c6bc619,0x15b08d20a9dac9f8b0663693ce5a63e6f161a68337ecfa122bd7690474c480e4,50552914,1099,0x9a972d8c3a8dd27e5811cbcb75ebdac924fb53a1,602898.918198523865303896,588497.47429838863406083999617910531724251220060285613871417854379,1177.4853681514674979824306996919837178460378224987042195037188590,0.47235182785676809142980591217518653863701578799673993928278063375,same_tx_swap_flow_allocation
0xd929fce80152e986088af291b582890a6c6bc619,0x6e782bd8943fd955d665c15f7e558b08caede71b8888278337d7549626b1dff0,50553244,488,0x9a972d8c3a8dd27e5811cbcb75ebdac924fb53a1,106740.586960544266223899,93243.283250980000995618951221007492019656906000386378253836836688,191.59473121767137843849720510634258151038614494629033377366357659,0.076858807715351288494182394095119222668985635586927626199117794746,same_tx_swap_flow_allocation
0xc41ff324a9e61417833041c2ccb508683a079bb1,0x342592bc9863a1044276a12e7bf3c0c3673ebc676e479872fcd314f5d1375bc4,50557284,108,0xb92fe925dc43a0ecde6c8b1a2709c170ec4fff4f,135626.979303315592736295,135626.979303315592736295,329.8803830579130667402505776,0.132110523260014057,same_tx_swap_flow_allocation
0xc41ff324a9e61417833041c2ccb508683a079bb1,0xaca3a18533af64196bc9ecbeca434a7d29be94acb77551453c5999b2d9d979a2,50558054,359,0xb92fe925dc43a0ecde6c8b1a2709c170ec4fff4f,27227.998053801431897361,27227.998053801431897360000000000000000000000036726901405826462717,66.025925049284045175120206192360486457141586246443518990192811839,0.026389951961663635999999030778836199482989446945592472717758012725,same_tx_swap_flow_allocation
0xc41ff324a9e61417833041c2ccb508683a079bb1,0x5c5ea0759f2e1e1aa94e9b92eab3f34fdbbeee29811974a0930ce36c9b08104f,50558138,401,0xb92fe925dc43a0ecde6c8b1a2709c170ec4fff4f,16265.249217173295649035,16265.249217173295649034000000000000000000000061480767164893643852,40.149153416595410842721344379246926703408276524738633695559640312,0.016047245520218658999999013403034533554049353085656412513795744977,same_tx_swap_flow_allocation
0xc41ff324a9e61417833041c2ccb508683a079bb1,0x36d42de6e6e8e94496e2098fa9ddc3f2b1b0a5f06ebb87cb02aa4d5303ee5f27,50558174,80,0xb92fe925dc43a0ecde6c8b1a2709c170ec4fff4f,7854.154075656494562854,7792.3505082545770398130000000000000000000000000,19.249595579998188690593699220000000000000000000000000000000000000,0.0076938854284649410000000000000000000000000000000000000000000000000,same_tx_swap_flow_allocation
0xc41ff324a9e61417833041c2ccb508683a079bb1,0x843f3007c106fa2fb6cdb34944a27f4302d72bcbecee18bd4fbdc76b3d643bdd,50558620,330,0xb92fe925dc43a0ecde6c8b1a2709c170ec4fff4f,196721.441865377695329108,196721.44186537769532910700000000000000000000000508332996402257765,473.68627643279102074255022629635746291165084928181921533563991466,0.18964072428844126199999903599362382562231280294991059153274211517,same_tx_swap_flow_allocation
0xfc90fd5e560471fab35e3703bf5ea4c54acee766,0x9142836c4f13e28363f42c5e2dec9a990ca381afdca978bb9f5021a67662aee0,50562913,342,0xb92fe925dc43a0ecde6c8b1a2709c170ec4fff4f,51339.60590105965014214,51339.605901059650142139000000000000000000000019478139390613436454,101.44974445500712582264702394773636325864822019831241056564755568,0.040421563284890869999999212663155950393292728996427637456132355346,same_tx_swap_flow_allocation
0x8400275efc189259686fa57be45955b740c580d1,0x2c50e488e4475be03f927a1782232282d35846e55df31c486747b37c067c919f,50567310,821,0xb92fe925dc43a0ecde6c8b1a2709c170ec4fff4f,365260.663635632586089601,365260.663635632586089601,680.6885969904799068691,0.27192628544567971,same_tx_swap_flow_allocation
0xfc90fd5e560471fab35e3703bf5ea4c54acee766,0xceeaa212aeb260dfe9fb28872dad4cab6cc63aea833939cdb2c1231032a409dd,50568053,252,0xb92fe925dc43a0ecde6c8b1a2709c170ec4fff4f,642450.860264548832395626,642450.86026454883239562500000000000000000000000155653928082253536,1131.4481712070302108675405969364773014363335796360773862292664645,0.45023894130040521599999929918540210996755082189309512576169549622,same_tx_swap_flow_allocation
0x2ff852bc2a42c0b75576c47d647ff71b6517a801,0x3a750edd36e29629eead8aeb60bf96dc74109a536f37196bc5fce0323f3f4a72,50568116,2951,0xb92fe925dc43a0ecde6c8b1a2709c170ec4fff4f,711037.585992858729645191,711037.585992858729645191,1296.2321405285668670152536,0.514818943488629967,same_tx_swap_flow_allocation
0x8400275efc189259686fa57be45955b740c580d1,0xf8d7af29a365195e51f3a919e1f1de6563e906ddced72c1bb153a11b5f6346d1,50568938,507,0xb92fe925dc43a0ecde6c8b1a2709c170ec4fff4f,300162.887865138227532429,300101.0232435728036088584842127086942950814585255955466092640999,487.42746811253634069657613724795533342356585753944926674019285771,0.19602974564354771677679402614654492691015942444470250941393772441,same_tx_swap_flow_allocation
0x8400275efc189259686fa57be45955b740c580d1,0xc0580b96e561ff22d7743953714e047e258a272126dcdff8731aeb610c8d90c8,50569783,250,0xb92fe925dc43a0ecde6c8b1a2709c170ec4fff4f,292535.759245484532156863,292535.759245484532156863,496.91942318622477377266,0.197976654562856734,same_tx_swap_flow_allocation
0xc41ff324a9e61417833041c2ccb508683a079bb1,0x4f88afeb7c1b3d30cc2ac2f7176045ea9d56f3b6f55f9f8997af2d6eab707081,50569786,905,0xb92fe925dc43a0ecde6c8b1a2709c170ec4fff4f,164964.062283437531167718,164890.48724475541368300800663534113755308451003548695608447595012,280.94924783366857959002040566858024211132692132886593063428550767,0.11193241719435877417440723097246612222013909271704904427280009389,same_tx_swap_flow_allocation
0xfa14f95ecda2b05f0b138428d5bd8f096daf9c3e,0xa3c678bee5594f00a0bb939d86e707b6fd6b513a3c8c2fec3a95072f5f7f3d44,50569929,838,0x7747f8d2a76bd6345cc29622a946a929647f2359,5410886.106955655539974022,4864595.2641690163681661280000000000000000000000,8884.4831265418212460226406706800000000000000000000000000000000000,3.5333259896350116010000000000000000000000000000000000000000000000,same_tx_swap_flow_allocation
0x95b428856473d56e7b7a71aefe61b2414874cde3,0xd2804fbc923ee2fd48fe83decfac84494f4d40b71c5a1f98d89d68ac996c3c79,50569991,451,0xa6693c49b577c21a2ad923acba008f49324161e2,448752.54989028307618629,448752.54989028307618629,861.59160692791942778417523744,0.342651786699353208,same_tx_swap_flow_allocation
0x95b428856473d56e7b7a71aefe61b2414874cde3,0xd2804fbc923ee2fd48fe83decfac84494f4d40b71c5a1f98d89d68ac996c3c79,50569991,455,0x7692acc1cdd771d09ebcae3663e1843b2911bec7,1151671.329290501413702174,1151671.329290501413702174,2220.8349347163267411401847864,0.88321781714913298,same_tx_swap_flow_allocation
0x95b428856473d56e7b7a71aefe61b2414874cde3,0xd2804fbc923ee2fd48fe83decfac84494f4d40b71c5a1f98d89d68ac996c3c79,50569991,470,0x498581ff718922c3f8e6a244956af099b2652b2b,63264.810165545084138291,0E-66,0E-66,0E-66,unknown_transfer_or_unpriced_swap
0x95b428856473d56e7b7a71aefe61b2414874cde3,0xbcc83e7731f652affc84fdcd2d1cb6f46a2dad2afda566b8cdbfad1087026328,50570371,604,0xa6693c49b577c21a2ad923acba008f49324161e2,810962.749255533823497484,810962.749255533823497484,1567.20865134185615240578914660,0.625399169777381235,same_tx_swap_flow_allocation
0x95b428856473d56e7b7a71aefe61b2414874cde3,0xbcc83e7731f652affc84fdcd2d1cb6f46a2dad2afda566b8cdbfad1087026328,50570371,608,0x7692acc1cdd771d09ebcae3663e1843b2911bec7,1989460.879184473224224892,1989460.879184473224224892,3842.55541956548300702021653740,1.533382914369602665,same_tx_swap_flow_allocation
0xfc90fd5e560471fab35e3703bf5ea4c54acee766,0x4022652eaafefa0f1f43ae2337e40ee201350735169c20519fbc174bb6b8239b,50571563,140,0xb92fe925dc43a0ecde6c8b1a2709c170ec4fff4f,367371.103809709836832165,367371.103809709836832165,624.12556027286997395485760808,0.251496536682130076,same_tx_swap_flow_allocation
0xc41ff324a9e61417833041c2ccb508683a079bb1,0xfbbd07590ea88eb4b862ea5132c741ac6833efed2f5fddcdcf87bf2ad2c80e6e,50573119,791,0xb92fe925dc43a0ecde6c8b1a2709c170ec4fff4f,626052.903647809512773333,626052.903647809512773333,994.51899810311692849845,0.407668279587919365,same_tx_swap_flow_allocation
0xc41ff324a9e61417833041c2ccb508683a079bb1,0x8616c12696871b3a357a6d754e681263a2bb4526e498382a540d216bbe399cbf,50573972,751,0xb92fe925dc43a0ecde6c8b1a2709c170ec4fff4f,522123.563817038394737828,522123.5638170383947378270000000000000000000000019152554477514794,837.12544208247917167343385115093660016621727408391676926363673132,0.34270654187735447399999934362942868932633085709738779628214060006,same_tx_swap_flow_allocation
0x8400275efc189259686fa57be45955b740c580d1,0xba9af5c7f48c9f90df38b842d3680d7b91700446d6f2854ed76a4f7bb1c6468c,50574849,402,0xb92fe925dc43a0ecde6c8b1a2709c170ec4fff4f,599434.740042866771714015,599434.74004286677171401400000000000000000000000166823831386297032,931.65578654395529049152887396612155523263416170035026879261218795,0.38184110177968256099999936299804420348352920037798046456414656989,same_tx_swap_flow_allocation
0xfc90fd5e560471fab35e3703bf5ea4c54acee766,0xde113b6dd1037329befd08d7339fbd8ce3bcd1cc5593925b9126e663468a923a,50577019,312,0xb92fe925dc43a0ecde6c8b1a2709c170ec4fff4f,566911.943050644932867103,566830.1097614696554370930252731278428780516941990807180205250163,843.80435341803010657057843656850936606044300367843795999210825903,0.34792852841853855926402051627042940408228231992975716201722289074,same_tx_swap_flow_allocation
0xfc90fd5e560471fab35e3703bf5ea4c54acee766,0x07efa4fe623d32d424f0d1ab4095acd875cc5b1d4f3ce239febb87d147011c66,50577049,321,0xb92fe925dc43a0ecde6c8b1a2709c170ec4fff4f,327915.467419057868042643,327915.46741905786804264200000000000000000000000304956642597787312,498.05229936199532183216771171642948457819075152273669795884266545,0.20536348608602205599999937373040771029304380101252101999610814395,same_tx_swap_flow_allocation
0x7c4974927680254e9b2dd5e431d924c49b3ded64,0x8a445ed0af4f4c76b5eb5eb98bae05523183943face41f0aec5cc930c1571353,50577190,670,0xb92fe925dc43a0ecde6c8b1a2709c170ec4fff4f,23025.264621879953738195,23025.264621879953738194000000000000000000000043430554064066715926,33.737129587455018581773507017769485609995468031953023892357389878,0.013885388398612683999999396949888453487068394064856940655331750743,same_tx_swap_flow_allocation
0x8da2e73785a202263be1b04d3dcc8137181c89c3,0xfb569f5b77d0b1112c962301e7024bd2e32a8f2fd38831e083e9353ea66d7734,50577433,407,0xb92fe925dc43a0ecde6c8b1a2709c170ec4fff4f,40188.541064908616503497,40188.54106490861650349600000000000000000000002488271466199525423,54.615707511743677111256274052933922291261929470378017922630007776,0.022443664496798673999999441540700356605294861666769741833767257373,same_tx_swap_flow_allocation
0xd1c77a04b87393e98a1220532e72e8f7d0a31c5a,0xee687723a0067dad9579828cfea29e2a9c59a7f965211ad92470dd27488093ec,50577924,212,0xb92fe925dc43a0ecde6c8b1a2709c170ec4fff4f,1625666.325366486816927023,1625666.325366486816927023,2399.01797905902230943407988091,0.984325896072887089,same_tx_swap_flow_allocation
0xd1c77a04b87393e98a1220532e72e8f7d0a31c5a,0x11246ab7a1f92ec47070d463acaaab4f602b429a4184f578c3e690ddc3078a91,50578077,219,0xb92fe925dc43a0ecde6c8b1a2709c170ec4fff4f,308051.091207027216581315,308051.0912070272165813140000000000000000000000032462147628879691,438.31979872040612467310049046979852773448858314007363960358137852,0.17984422476532696499999941618702254665350536355321484387172950835,same_tx_swap_flow_allocation
0x8da2e73785a202263be1b04d3dcc8137181c89c3,0x4fc44d00b3b0da00ed351ceb415c782ed7c3361da2c745183c479ec91db98ec7,50578080,754,0xb92fe925dc43a0ecde6c8b1a2709c170ec4fff4f,82904.234283968541995373,82904.234283968541995372000000000000000000000012062110079621991167,118.84973789187677534939856642137861396144859539564524081769296630,0.048757666638719364999999411879657778254257780483616912329416697967,same_tx_swap_flow_allocation
0x8da2e73785a202263be1b04d3dcc8137181c89c3,0x7828484143c0a1bd5bad450b071f88bb9a41f9fc67ae6f09cc1a6ef46b86a8f9,50579120,779,0xb92fe925dc43a0ecde6c8b1a2709c170ec4fff4f,53208.279242865513248584,53208.279242865513248584,63.68359890987279937099399077,0.026168876825280881,same_tx_swap_flow_allocation
0x67df1d22c03ce81dcd7c50a65d476b17f4934fd4,0xea74c283e0d2e146c3550398b6e02a6fbd16409e2bdacaa235bcbf9adc4887b0,50590550,775,0x7692acc1cdd771d09ebcae3663e1843b2911bec7,1754378.484522098884623601,1754378.484522098884623601,2487.85911866003886,1.020393,same_tx_swap_flow_allocation
0xd1c77a04b87393e98a1220532e72e8f7d0a31c5a,0x932ccd5e5680d1588b8e65af8b6fd188fe3fc58e2cc2f338b4757d8da5c51f9b,50591411,758,0xb92fe925dc43a0ecde6c8b1a2709c170ec4fff4f,80863.138332751235651315,80863.138332751235651314000000000000000000000012366574197071193987,127.81129869857539440325842443209142003845104615518274310671889833,0.052397938372914645999999352017007337787156978609365827612143911795,same_tx_swap_flow_allocation
0xc41ff324a9e61417833041c2ccb508683a079bb1,0xb7059a297a0d182cf5f36afffc696d252fd7530317c970370357cd9d2929b6e5,50592635,483,0xb92fe925dc43a0ecde6c8b1a2709c170ec4fff4f,1300034.560810719975556204,1300034.560810719975556204,1992.82639798876430851258892970,0.816214656459723065,same_tx_swap_flow_allocation
0xc41ff324a9e61417833041c2ccb508683a079bb1,0xd2889b63ad508479a1adc8f47db6d1eb1b64b637ed5e64b735430953753aa552,50592639,442,0xb92fe925dc43a0ecde6c8b1a2709c170ec4fff4f,1237044.861909850275384234,1237044.861909850275384234,1993.01096896569964689579087630,0.816290252375495635,same_tx_swap_flow_allocation
0xc41ff324a9e61417833041c2ccb508683a079bb1,0xfbc97c59c94d2636e45515e22e9d47d240819c77c537d802d38330da30ef291a,50596279,158,0xb92fe925dc43a0ecde6c8b1a2709c170ec4fff4f,380795.101125013592497422,380795.101125013592497422,570.3513249680832735338675,0.233703352182976525,same_tx_swap_flow_allocation
0xc41ff324a9e61417833041c2ccb508683a079bb1,0x9a03051c8539b2525b198283d719a7f0cb4dedae2e302a490c541705d6d36a44,50596286,632,0xb92fe925dc43a0ecde6c8b1a2709c170ec4fff4f,651129.342417934694636364,651129.34241793469463636300000000000000000000000153579317480387599,994.85319436250214629898517211125416623533167299106798317748533845,0.40764440490336322099999937394250520242708846168278560438942732279,same_tx_swap_flow_allocation
0x8400275efc189259686fa57be45955b740c580d1,0x913473303a5046bfce2e34871c526286e7adf776e6809217745daf1d46a5db0b,50596358,482,0xb92fe925dc43a0ecde6c8b1a2709c170ec4fff4f,227983.686085433443822408,227983.6860854334438224070000000000000000000000043862787604252749,354.47110777831092995226417429090876757631332493821333676516839509,0.14518476842166888499999936317913393477160767512784128556909092751,same_tx_swap_flow_allocation
0x8400275efc189259686fa57be45955b740c580d1,0xe7770c454d7107d23d3a656603f518e5ef20cb066643f5e97603df9d2be39a12,50596594,309,0xb92fe925dc43a0ecde6c8b1a2709c170ec4fff4f,154542.599064717343403049,154542.59906471734340304800000000000000000000000647070779223295566,241.76642415295651985540251204011533316638928966898365179074557524,0.099023027639065833999999359250923445397369191205280507077052751630,same_tx_swap_flow_allocation
0xc41ff324a9e61417833041c2ccb508683a079bb1,0x4df93200f33e67117cf3617724e1c3bfa72c1d6076bccadb98367aafce73e654,50599354,527,0xb92fe925dc43a0ecde6c8b1a2709c170ec4fff4f,345901.664677005072673468,345901.66467700507267346700000000000000000000000289099504893616727,497.23941007637100374728624768332733327086770179463213057411757628,0.20425773838599327199999940949188961919452975696023650795062905771,same_tx_swap_flow_allocation
0xc41ff324a9e61417833041c2ccb508683a079bb1,0xc90a234be5d4dc526b01484f330caf4be20a519c8ddbb8b11a25b37db505e344,50599791,451,0xb92fe925dc43a0ecde6c8b1a2709c170ec4fff4f,815357.332948447016846741,815357.332948447016846741,1230.38576060381422750242197110,0.505422152207657146,same_tx_swap_flow_allocation
0xc41ff324a9e61417833041c2ccb508683a079bb1,0x74ee9cab710e1c92144568bd20adf2d27c3d1076395d824d2171a9e6896dd001,50599824,414,0xb92fe925dc43a0ecde6c8b1a2709c170ec4fff4f,67716.552817975570475833,65596.107774799612457218000000000000000000000000,100.76336418144707740390587432000000000000000000000000000000000000,0.041360706248668971000000000000000000000000000000000000000000000000,same_tx_swap_flow_allocation
0xc41ff324a9e61417833041c2ccb508683a079bb1,0x8412b966fe526eeec73228b2d7cf0ae0476057c57c7db9f1b1333a6976dfe362,50600130,277,0xb92fe925dc43a0ecde6c8b1a2709c170ec4fff4f,171235.552693949052524616,168547.64500277721869631700000000000000000000000,281.35208510855169333224169696000000000000000000000000000000000000,0.11548761833388598800000000000000000000000000000000000000000000000,same_tx_swap_flow_allocation
0xd1c77a04b87393e98a1220532e72e8f7d0a31c5a,0xefddf6bbcb5d420daf2d9e8d8dbf7192ee3ceb2931770cec09a640e13edee1b4,50600130,649,0xb92fe925dc43a0ecde6c8b1a2709c170ec4fff4f,506345.252788164637379534,506231.07651932150001366353334152171967363305477461457424112093446,856.76009624360897345930901748597678213644068582899935392693965129,0.35167744699851844674641181878961872315658703280821599588950243766,same_tx_swap_flow_allocation
0x67505fc71782403718939b4bb3f6ab39be613f4f,0xf0e1eea5f29dd71136b9bafdad93668b13109124a2318ac283a20e57be0ba95d,50604582,202,0xb92fe925dc43a0ecde6c8b1a2709c170ec4fff4f,10337.874603724401059829,10337.874603724401059828000000000000000000000096731682123493007023,16.534455204033713996391800594335118276067789620743196267013972686,0.0068001357908825039999993422114262797659067278397769400813400655808,same_tx_swap_flow_allocation
0xc41ff324a9e61417833041c2ccb508683a079bb1,0xdf6591de8cad4351f7a6eee6a31769272617ddbf10195c8997203eb8d9039d65,50610219,457,0xb92fe925dc43a0ecde6c8b1a2709c170ec4fff4f,69034.715898276192219026,69034.715898276192219025000000000000000000000014485465565955492811,106.58212493754243533434371430829927086282307650109177783384843391,0.043776418284282259999999365878200342164889066563421415466495760015,same_tx_swap_flow_allocation
0x174c2a6113e38cd74ddd98b307bbaf493ccfb251,0x06ea5260b363de85a5e76cd41d67a8775fd415f137cd1be77ff1200b0367693b,50612922,384,0xb92fe925dc43a0ecde6c8b1a2709c170ec4fff4f,68426.727500231534360484,68426.727500231534360483000000000000000000000014614172510246326144,99.510738555146176632220088212900133073529940775290895617960001045,0.040646989285013127999999405977886566684173668070432091652967560691,same_tx_swap_flow_allocation
0x8da2e73785a202263be1b04d3dcc8137181c89c3,0xc6ba2855729190923697c7a70cd9d7b6ca5523df8782df52ea2456d2133ab827,50613485,202,0xb92fe925dc43a0ecde6c8b1a2709c170ec4fff4f,107840.713098397834311181,107840.713098397834311181,160.90750691470444247504387559,0.065891524291694889,same_tx_swap_flow_allocation
0xc41ff324a9e61417833041c2ccb508683a079bb1,0x64a5e6e78f9eead13ef7f092d06ef657ebb5b6dd158e813e2119da6734d5de1e,50613902,92,0xb92fe925dc43a0ecde6c8b1a2709c170ec4fff4f,642370.338612422782997517,642370.338612422782997517,989.11169612227632200696462589,0.404426405401376979,same_tx_swap_flow_allocation
0x211c8e97a504d2d142bc945334d4a88bd3270b4d,0x6f4698505691d2820cb5065ef7d64372b6a9958fac0073e7d145f9f1c489264b,50614577,71,0xf01a4dabfd54d1a6a1812a95f7151e8da851de2e,272.237566244685914083,0E-471,0E-471,0E-471,unknown_transfer_or_unpriced_swap
0x4552df0be3b02bfb80c3444b3f1465ee0bdb224c,0x6f4698505691d2820cb5065ef7d64372b6a9958fac0073e7d145f9f1c489264b,50614577,83,0xf01a4dabfd54d1a6a1812a95f7151e8da851de2e,155.409853968237965581,0E-1271,0E-1271,0E-1271,unknown_transfer_or_unpriced_swap
0x461d5072f3eef08dedc4a7d74fb6d79f99e25e73,0x6f4698505691d2820cb5065ef7d64372b6a9958fac0073e7d145f9f1c489264b,50614577,84,0xf01a4dabfd54d1a6a1812a95f7151e8da851de2e,589.194592214544280491,0E-1337,0E-1337,0E-1337,unknown_transfer_or_unpriced_swap
0x7092b2648127f3e831c279d43cb5494bddc7d5dc,0x6f4698505691d2820cb5065ef7d64372b6a9958fac0073e7d145f9f1c489264b,50614577,98,0xf01a4dabfd54d1a6a1812a95f7151e8da851de2e,350.682193114221858751,0E-2279,0E-2279,0E-2279,unknown_transfer_or_unpriced_swap
0x8da2e73785a202263be1b04d3dcc8137181c89c3,0x6f4698505691d2820cb5065ef7d64372b6a9958fac0073e7d145f9f1c489264b,50614577,108,0xf01a4dabfd54d1a6a1812a95f7151e8da851de2e,574.130811602110202236,0E-2944,0E-2944,0E-2944,unknown_transfer_or_unpriced_swap
0xfc90fd5e560471fab35e3703bf5ea4c54acee766,0x6f4698505691d2820cb5065ef7d64372b6a9958fac0073e7d145f9f1c489264b,50614577,136,0xf01a4dabfd54d1a6a1812a95f7151e8da851de2e,730.738836008976670551,0E-4800,0E-4800,0E-4800,unknown_transfer_or_unpriced_swap
0x174c2a6113e38cd74ddd98b307bbaf493ccfb251,0x9c19ca5d3c611a6cf13af1e4d4f84c2e3d7ee453f42cb270aab2b5803900d9d0,50616575,1116,0xb92fe925dc43a0ecde6c8b1a2709c170ec4fff4f,12857.65473850831024746,12857.65473850831024746,19.88680839073806299933792943,0.008101929188304933,same_tx_swap_flow_allocation
0x174c2a6113e38cd74ddd98b307bbaf493ccfb251,0xa00f29b480ae1307aa8b5a2a90c06f28d17310181aa3671bca79e88f58e64afb,50617006,569,0xb92fe925dc43a0ecde6c8b1a2709c170ec4fff4f,6733.996533047626969225,6610.672869984741528236395996631326968231522418318714958956038256,9.7358549383375362188052531928316990909126580184416834917277312441,0.0039726069067446001744771933354112992651313863527057932065878481708,same_tx_swap_flow_allocation
0x174c2a6113e38cd74ddd98b307bbaf493ccfb251,0x5a85f0cea33bd6eef42cb3d297585e0d3307fcff4d9b2641c10cf476d7034adb,50617020,900,0xb92fe925dc43a0ecde6c8b1a2709c170ec4fff4f,6730.646666738144636974,6730.646666738144636974,9.91504946079251780286654313,0.004045725230925077,same_tx_swap_flow_allocation
0xc41ff324a9e61417833041c2ccb508683a079bb1,0x1b720f12556418003eda6d2d0e9a46a5e7165dbc4472c991bcb042aaf80319e0,50617278,349,0xb92fe925dc43a0ecde6c8b1a2709c170ec4fff4f,808078.843452916111038216,808078.8434529161110382150000000000000000000000012375030086507474,1175.7688593198288172212724281824991138544766635161178709214736531,0.47917937994434057599999940701407563547892908214795680414522329592,same_tx_swap_flow_allocation
0xc41ff324a9e61417833041c2ccb508683a079bb1,0x016a4def40247845a027f6e58dcc72f84f030cf4927628a422371f2de17c1a5d,50618129,277,0xb92fe925dc43a0ecde6c8b1a2709c170ec4fff4f,827026.172640575714688369,827026.172640575714688369,1237.69488701530167169522493120,0.505282127401328555,same_tx_swap_flow_allocation
0x8e34c9b87de1489096bc53e90660743bf9e8ac03,0x0c97a24547d70149bd1fd40c5d0ba23e7777187312ecf960f66253ede714f25d,50619314,211,0xb92fe925dc43a0ecde6c8b1a2709c170ec4fff4f,599714.792609057822175316,599714.792609057822175316,922.29532526166166249799711746,0.376629709933421926,same_tx_swap_flow_allocation
0xd1c77a04b87393e98a1220532e72e8f7d0a31c5a,0x9708fad49a67d833d808cc1649c4c6bdcc550ca94975af60da4ce75e970c02fd,50620028,314,0xb92fe925dc43a0ecde6c8b1a2709c170ec4fff4f,701216.110777763483768864,701216.11077776348376886300000000000000000000000142609387409943599,1065.2680248955579424205704808277954224393444932382630844409891706,0.43445411622070178799999938042764628037277163505666796131639069280,same_tx_swap_flow_allocation
0xfa14f95ecda2b05f0b138428d5bd8f096daf9c3e,0x9cb38c559844f381a9ef8402908e69000406087777bd419792ad69619ecb1e88,50620800,737,0x111111125421ca6dc452d289314280a0f8842a65,5180954.462284702942752806,5180954.4622847029427528050000000000000000000000001930146283430213,9613.1300290311038084705357445252802334233881653535892477861910410,3.9131138582402614559999992447117829878295737874959972833621074213,same_tx_swap_flow_allocation
0x174c2a6113e38cd74ddd98b307bbaf493ccfb251,0x37cb12c1215fe58f6357eb425d493bdde569f37fcdd79bc4e73e694f7593a67a,50622116,54,0xb92fe925dc43a0ecde6c8b1a2709c170ec4fff4f,2602.243715269669445207,2602.2437152696694452060000000000000000000003842837602535511980552,4.9438089259233631552210371745159710998587413848613067525749800103,0.0020148744711791299999992257164617763984539728039618951697735488950,same_tx_swap_flow_allocation
0x2bb2173427bb17b78adaa3d5fad9716328c3d262,0x24bb666b25ebaee2613f1068535a1ee2c70db90f7dc3c04c39b0af69d94c7fe3,50624559,376,0xb92fe925dc43a0ecde6c8b1a2709c170ec4fff4f,60611.590413450999684955,60611.590413450999684955,99.52032740683302934526584990,0.040566109904004845,same_tx_swap_flow_allocation
0x211c8e97a504d2d142bc945334d4a88bd3270b4d,0xdb2a126f7b45f57e602ecd544423edf51d2be51e0c75187b0880c58d51f95cbe,50631231,365,0xf01a4dabfd54d1a6a1812a95f7151e8da851de2e,108.45285484812800757,0E-538,0E-538,0E-538,unknown_transfer_or_unpriced_swap
0x4552df0be3b02bfb80c3444b3f1465ee0bdb224c,0xdb2a126f7b45f57e602ecd544423edf51d2be51e0c75187b0880c58d51f95cbe,50631231,376,0xf01a4dabfd54d1a6a1812a95f7151e8da851de2e,61.911522964605130698,0E-1271,0E-1271,0E-1271,unknown_transfer_or_unpriced_swap
0x461d5072f3eef08dedc4a7d74fb6d79f99e25e73,0xdb2a126f7b45f57e602ecd544423edf51d2be51e0c75187b0880c58d51f95cbe,50631231,377,0xf01a4dabfd54d1a6a1812a95f7151e8da851de2e,234.720859682212465083,0E-1337,0E-1337,0E-1337,unknown_transfer_or_unpriced_swap
0x7092b2648127f3e831c279d43cb5494bddc7d5dc,0xdb2a126f7b45f57e602ecd544423edf51d2be51e0c75187b0880c58d51f95cbe,50631231,390,0xf01a4dabfd54d1a6a1812a95f7151e8da851de2e,139.70329485481981537,0E-2211,0E-2211,0E-2211,unknown_transfer_or_unpriced_swap
0x8da2e73785a202263be1b04d3dcc8137181c89c3,0xdb2a126f7b45f57e602ecd544423edf51d2be51e0c75187b0880c58d51f95cbe,50631231,400,0xf01a4dabfd54d1a6a1812a95f7151e8da851de2e,248.798523630936503049,0E-2876,0E-2876,0E-2876,unknown_transfer_or_unpriced_swap
0xfc90fd5e560471fab35e3703bf5ea4c54acee766,0xdb2a126f7b45f57e602ecd544423edf51d2be51e0c75187b0880c58d51f95cbe,50631231,430,0xf01a4dabfd54d1a6a1812a95f7151e8da851de2e,291.108659274236143395,0E-4865,0E-4865,0E-4865,unknown_transfer_or_unpriced_swap
0x211c8e97a504d2d142bc945334d4a88bd3270b4d,0x395a9301ed6708fd3032e78272b0dbc762ad6379bc3265baa77e03727f93432b,50631804,267,0xf01a4dabfd54d1a6a1812a95f7151e8da851de2e,6.288077188358137264,0E-538,0E-538,0E-538,unknown_transfer_or_unpriced_swap
0x4552df0be3b02bfb80c3444b3f1465ee0bdb224c,0x395a9301ed6708fd3032e78272b0dbc762ad6379bc3265baa77e03727f93432b,50631804,278,0xf01a4dabfd54d1a6a1812a95f7151e8da851de2e,3.589619063466859185,0E-1271,0E-1271,0E-1271,unknown_transfer_or_unpriced_swap
0x461d5072f3eef08dedc4a7d74fb6d79f99e25e73,0x395a9301ed6708fd3032e78272b0dbc762ad6379bc3265baa77e03727f93432b,50631804,279,0xf01a4dabfd54d1a6a1812a95f7151e8da851de2e,13.609073596692023829,0E-1337,0E-1337,0E-1337,unknown_transfer_or_unpriced_swap
0x7092b2648127f3e831c279d43cb5494bddc7d5dc,0x395a9301ed6708fd3032e78272b0dbc762ad6379bc3265baa77e03727f93432b,50631804,292,0xf01a4dabfd54d1a6a1812a95f7151e8da851de2e,8.0999721283982991,0E-2211,0E-2211,0E-2211,unknown_transfer_or_unpriced_swap
0x8da2e73785a202263be1b04d3dcc8137181c89c3,0x395a9301ed6708fd3032e78272b0dbc762ad6379bc3265baa77e03727f93432b,50631804,303,0xf01a4dabfd54d1a6a1812a95f7151e8da851de2e,14.425294042574286553,0E-2942,0E-2942,0E-2942,unknown_transfer_or_unpriced_swap
0xfc90fd5e560471fab35e3703bf5ea4c54acee766,0x395a9301ed6708fd3032e78272b0dbc762ad6379bc3265baa77e03727f93432b,50631804,333,0xf01a4dabfd54d1a6a1812a95f7151e8da851de2e,16.878428163824790991,0E-4931,0E-4931,0E-4931,unknown_transfer_or_unpriced_swap
0x651a7378615b54d3dfd0c10b9262a95bc8c3d19c,0xdac02c2a5ba35930020b3f94e14f4b1a6c9b2d2d610c9479d106a6751f6e6d8f,50631912,172,0xa6693c49b577c21a2ad923acba008f49324161e2,198372.413151313856919527,0E-66,0E-66,0E-66,unknown_transfer_or_unpriced_swap
0x211c8e97a504d2d142bc945334d4a88bd3270b4d,0x1640cfd8473450724286fcd2388e2a572a0bcea7c954c68f94e53132e1f587b4,50632335,135,0xf01a4dabfd54d1a6a1812a95f7151e8da851de2e,19.262011400214262932,0E-538,0E-538,0E-538,unknown_transfer_or_unpriced_swap
0x4552df0be3b02bfb80c3444b3f1465ee0bdb224c,0x1640cfd8473450724286fcd2388e2a572a0bcea7c954c68f94e53132e1f587b4,50632335,146,0xf01a4dabfd54d1a6a1812a95f7151e8da851de2e,10.995934250129474338,0E-1271,0E-1271,0E-1271,unknown_transfer_or_unpriced_swap
0x461d5072f3eef08dedc4a7d74fb6d79f99e25e73,0x1640cfd8473450724286fcd2388e2a572a0bcea7c954c68f94e53132e1f587b4,50632335,147,0xf01a4dabfd54d1a6a1812a95f7151e8da851de2e,41.688122285006946579,0E-1337,0E-1337,0E-1337,unknown_transfer_or_unpriced_swap
0x7092b2648127f3e831c279d43cb5494bddc7d5dc,0x1640cfd8473450724286fcd2388e2a572a0bcea7c954c68f94e53132e1f587b4,50632335,160,0xf01a4dabfd54d1a6a1812a95f7151e8da851de2e,24.812315562456420971,0E-2211,0E-2211,0E-2211,unknown_transfer_or_unpriced_swap
0x8da2e73785a202263be1b04d3dcc8137181c89c3,0x1640cfd8473450724286fcd2388e2a572a0bcea7c954c68f94e53132e1f587b4,50632335,171,0xf01a4dabfd54d1a6a1812a95f7151e8da851de2e,44.188417218214860095,0E-2942,0E-2942,0E-2942,unknown_transfer_or_unpriced_swap
0xfc90fd5e560471fab35e3703bf5ea4c54acee766,0x1640cfd8473450724286fcd2388e2a572a0bcea7c954c68f94e53132e1f587b4,50632335,202,0xf01a4dabfd54d1a6a1812a95f7151e8da851de2e,51.703003314146633052,0E-4997,0E-4997,0E-4997,unknown_transfer_or_unpriced_swap
0xd1c77a04b87393e98a1220532e72e8f7d0a31c5a,0x86167417ad2a84ae94bf7a737ec26d8128914708f71cdf670ea13e297425a07b,50632664,544,0xb92fe925dc43a0ecde6c8b1a2709c170ec4fff4f,1266857.439894731705268792,1266857.439894731705268792,1997.08949591929102650976,0.812842703840292328,same_tx_swap_flow_allocation
0xd1c77a04b87393e98a1220532e72e8f7d0a31c5a,0x68664fd2e6da8ac35d41f7730ccbf4a7a09f42491bbb307c95e23d226a6d2423,50632670,371,0xb92fe925dc43a0ecde6c8b1a2709c170ec4fff4f,1206097.983345792893937348,1206097.983345792893937348,1997.1549016502367584804,0.81286932486618887,same_tx_swap_flow_allocation
0xd1c77a04b87393e98a1220532e72e8f7d0a31c5a,0x9de19adf54a00e1edda80849f5f4411607468afa1a5623dd7c833537b4ec81eb,50632676,99,0xb92fe925dc43a0ecde6c8b1a2709c170ec4fff4f,869204.050242155474228926,869204.050242155474228926,1497.80752334193711231788,0.609628121119913189,same_tx_swap_flow_allocation
0xd1c77a04b87393e98a1220532e72e8f7d0a31c5a,0xfca7eab2dd84f4ff42726e335e223617f922592951fb9ecc42adc02f5364adec,50632680,696,0xb92fe925dc43a0ecde6c8b1a2709c170ec4fff4f,774238.985963880772887015,774238.985963880772887015,1366.66435292913967791156,0.556251059427714243,same_tx_swap_flow_allocation
0xd1c77a04b87393e98a1220532e72e8f7d0a31c5a,0x55cec4375bc1e965339351223a371c1c852dc030876952f0168e98a8e26b438a,50632696,351,0xb92fe925dc43a0ecde6c8b1a2709c170ec4fff4f,1018515.965200482319114746,1018515.9652004823191147450000000000000000000000009818206431385318,1945.0308368579434527913980903285728318572833312808425285387095127,0.79165411851340029499999922273764421790586723673576776148133008511,same_tx_swap_flow_allocation
0x211c8e97a504d2d142bc945334d4a88bd3270b4d,0xe86f990ba71130a086fcabf7f370d5a9f5af3e0aed25b47f3f00ddaf341a4722,50632843,471,0xf01a4dabfd54d1a6a1812a95f7151e8da851de2e,2.632554071664111884,0E-538,0E-538,0E-538,unknown_transfer_or_unpriced_swap
0x4552df0be3b02bfb80c3444b3f1465ee0bdb224c,0xe86f990ba71130a086fcabf7f370d5a9f5af3e0aed25b47f3f00ddaf341a4722,50632843,482,0xf01a4dabfd54d1a6a1812a95f7151e8da851de2e,1.502822881810111031,0E-1271,0E-1271,0E-1271,unknown_transfer_or_unpriced_swap
0x461d5072f3eef08dedc4a7d74fb6d79f99e25e73,0xe86f990ba71130a086fcabf7f370d5a9f5af3e0aed25b47f3f00ddaf341a4722,50632843,483,0xf01a4dabfd54d1a6a1812a95f7151e8da851de2e,5.697548079543015095,0E-1337,0E-1337,0E-1337,unknown_transfer_or_unpriced_swap
0x7092b2648127f3e831c279d43cb5494bddc7d5dc,0xe86f990ba71130a086fcabf7f370d5a9f5af3e0aed25b47f3f00ddaf341a4722,50632843,496,0xf01a4dabfd54d1a6a1812a95f7151e8da851de2e,3.391118456125141139,0E-2211,0E-2211,0E-2211,unknown_transfer_or_unpriced_swap
0x8da2e73785a202263be1b04d3dcc8137181c89c3,0xe86f990ba71130a086fcabf7f370d5a9f5af3e0aed25b47f3f00ddaf341a4722,50632843,507,0xf01a4dabfd54d1a6a1812a95f7151e8da851de2e,6.039265331704148385,0E-2942,0E-2942,0E-2942,unknown_transfer_or_unpriced_swap
0xfc90fd5e560471fab35e3703bf5ea4c54acee766,0xe86f990ba71130a086fcabf7f370d5a9f5af3e0aed25b47f3f00ddaf341a4722,50632843,538,0xf01a4dabfd54d1a6a1812a95f7151e8da851de2e,7.066289655004863394,0E-4997,0E-4997,0E-4997,unknown_transfer_or_unpriced_swap
0xd1c77a04b87393e98a1220532e72e8f7d0a31c5a,0xb2596ec0760a5afe3e0b7d8564d4d0197270e403f8f8af6adf853b2c199ecbdd,50637185,340,0xb92fe925dc43a0ecde6c8b1a2709c170ec4fff4f,177348.770676604062566112,177348.77067660406256611100000000000000000000000563860688847684521,423.53610275656832121722851374641347817691352056087777769545587184,0.17237516324300009899999902804421713569895252508877065816605184949,same_tx_swap_flow_allocation
0xd1c77a04b87393e98a1220532e72e8f7d0a31c5a,0xc57132390567805fbf941d04954fb867400e6b4fa91f47c2f6ee0d45ba838633,50642210,454,0xb92fe925dc43a0ecde6c8b1a2709c170ec4fff4f,413904.608046152813421935,413904.608046152813421935,859.4646109699047537032586,0.349389024118878282,same_tx_swap_flow_allocation
0x8da2e73785a202263be1b04d3dcc8137181c89c3,0x4e7d2dc85518b99f354aa99831cb5793e2751687bce591fb2e31b39349dfbab7,50642705,383,0xb92fe925dc43a0ecde6c8b1a2709c170ec4fff4f,46799.499009969493312047,46799.499009969493312047,99.44388908982997154551909269,0.040460048521878287,same_tx_swap_flow_allocation
0x8da2e73785a202263be1b04d3dcc8137181c89c3,0xa73343d23e36bfac2e4bce637feacba73021fd5a0c053a8f73b66a32ccd4caba,50642846,272,0xb92fe925dc43a0ecde6c8b1a2709c170ec4fff4f,9274.551187610394980396,9274.5511876103949803950000000000000000000001078219290369404735422,19.861833131169949703119471388837587440474894924954232516643710929,0.0080810469057044389999991286859339889485837437371289599094928470305,same_tx_swap_flow_allocation
0x67505fc71782403718939b4bb3f6ab39be613f4f,0x5bb0f97e01410ce4d6c23651d611267d6d4cf044e53476a3157646e280dedf2c,50644744,417,0xb92fe925dc43a0ecde6c8b1a2709c170ec4fff4f,5743.914362604773399128,5582.270376274843536771085559575000600274763645616358108559975827,11.162935392358360079758399413560020400483695092046673569042470346,0.0045416204521987156418713260129414069597338971281408480298515120652,same_tx_swap_flow_allocation
0x8da2e73785a202263be1b04d3dcc8137181c89c3,0x19d57e1cac408c87b67c5464de9eae9aa81335adacac696a942037baf66827cf,50647912,109,0xb92fe925dc43a0ecde6c8b1a2709c170ec4fff4f,95774.93244297170655661,93379.581842829182950489000000000000000000000000,191.71895326278568367145533424000000000000000000000000000000000000,0.078147466748507952000000000000000000000000000000000000000000000000,same_tx_swap_flow_allocation
0xd929fce80152e986088af291b582890a6c6bc619,0x5b76c728784fd6fe1883671112258dec68ad9f9aabf7cadd5c864adb5e382dfc,50652743,134,0x8f10b468b06c6fd214b65f87778827f7d113f996,98254.17161423905693269,98254.171614239056932689000000000000000000000010177684912210682819,232.39630742071124085924412224360831075165832885617098825833067177,0.094241591146723749999999040838779683261827263926678074658606336282,same_tx_swap_flow_allocation
0x12a5682498fd0efe975436b1dfe566e670a21371,0x817450bcbc3e586872206fc707fab9d50c79f3b3d18144f2ff77c45d92e6bb7b,50653957,533,0xb92fe925dc43a0ecde6c8b1a2709c170ec4fff4f,601049.675621660059648372,601049.675621660059648372,1446.57875936460764450665666548,0.586310132986182573,same_tx_swap_flow_allocation
0x12a5682498fd0efe975436b1dfe566e670a21371,0x6f0519a3cbfad337b5e5baa9cecccdac058aa6e8ebf7b74fa123fd23e89cc689,50654070,263,0xb92fe925dc43a0ecde6c8b1a2709c170ec4fff4f,675366.851091045474506157,675366.851091045474506157,1746.10369950751256383364737892,0.706544286896894804,same_tx_swap_flow_allocation
0x12a5682498fd0efe975436b1dfe566e670a21371,0x9bf8ab8d64442e46a96f8db137e778e00c5ce6a10db837231adee1aedb55c0f7,50654533,648,0xb92fe925dc43a0ecde6c8b1a2709c170ec4fff4f,599541.870912588616739035,599271.73768640980370015109043258769094854993573027855103757075692,1689.4251275602046085211655859755680188414163802430962076869560033,0.68294571762093082846162290048945333737677057972821924323658942675,same_tx_swap_flow_allocation
0x67505fc71782403718939b4bb3f6ab39be613f4f,0x217beff85265ac5bacc9700f03dc075100fbf533ec655018d559cee8649f00de,50655497,435,0xb92fe925dc43a0ecde6c8b1a2709c170ec4fff4f,4984.999723463790265278,4984.9997234637902652770000000000000000000002006018165443663015203,13.980681894031875277417195449815528274162077503110995666025314516,0.0056418989003401419999988682248318321048591722806247737765486477116,same_tx_swap_flow_allocation
0xd1c77a04b87393e98a1220532e72e8f7d0a31c5a,0x14788508f909ee795a9531d6af2cd64f0b96ffb2efafae874ce30bee187a40cb,50655967,467,0xb92fe925dc43a0ecde6c8b1a2709c170ec4fff4f,754427.569228249229331166,754427.569228249229331166,2136.95024355832622964668078405,0.862937466540054049,same_tx_swap_flow_allocation
0x98e8118481aa01872142a7c447dbccd0528df831,0x26076997ba39524f3aeea57e1a001cbbc523993610dd7119902b376fe017ad68,50657274,336,0x933ba1a598ecd6fa2117951af7127f4847c61f46,9039981.4711,0E-65,0E-65,0E-65,unknown_transfer_or_unpriced_swap
0x651a7378615b54d3dfd0c10b9262a95bc8c3d19c,0x72ed7f1882b3e0ffd3d4a7779232d81ad799cf1cd225e8737b08769ab2dfcaf5,50657598,227,0xa6693c49b577c21a2ad923acba008f49324161e2,6344007.977315264549448396,0E-65,0E-65,0E-65,unknown_transfer_or_unpriced_swap
0xd1c77a04b87393e98a1220532e72e8f7d0a31c5a,0xab3b7bf6a504b94887ab16d8947b8906a210156c4f21710da7530cc7007464a7,50664630,1101,0xb92fe925dc43a0ecde6c8b1a2709c170ec4fff4f,443840.261465406221576809,443840.26146540622157680800000000000000000000000225306283999190992,978.56889152533410040780939970279413219552066233090993073622017450,0.39065469322814873599999911983042741921886874903666002471149183175,same_tx_swap_flow_allocation
0x651a7378615b54d3dfd0c10b9262a95bc8c3d19c,0x3e7b844dfc62c8074323cb4ded07ab07a4f1e01d12a7d80c81249e6cdcfed5b8,50666153,227,0xa6693c49b577c21a2ad923acba008f49324161e2,1292542.694984087780963904,0E-65,0E-65,0E-65,unknown_transfer_or_unpriced_swap
0xfa14f95ecda2b05f0b138428d5bd8f096daf9c3e,0x1f9dd34b471b368083bf6d1414baba2c14f407f2fd2508340a28e03e85df5621,50666935,45,0x111111125421ca6dc452d289314280a0f8842a65,2935509.954675995514208228,2935509.954675995514208228,5913.59236110254393683637374842,2.369746301197864866,same_tx_swap_flow_allocation
0xd1c77a04b87393e98a1220532e72e8f7d0a31c5a,0x4e81b31841acda94b79fc46c31b99eeb04de6b87356e8bd3d97a50564ef33625,50668673,634,0xb92fe925dc43a0ecde6c8b1a2709c170ec4fff4f,784174.047541661567632899,784174.047541661567632899,1998.65404811498792785506,0.806774220783173859,same_tx_swap_flow_allocation
0xd1c77a04b87393e98a1220532e72e8f7d0a31c5a,0x148246ddec9cfd444bb7e00f52d37b3a0872704ff1199610ec4e4848fab07746,50668687,1152,0xb92fe925dc43a0ecde6c8b1a2709c170ec4fff4f,761992.210554599611195188,761992.210554599611195188,1998.65787946808834448198,0.806775767342427097,same_tx_swap_flow_allocation
0xd1c77a04b87393e98a1220532e72e8f7d0a31c5a,0x7a3e83ebaae65745ec8584066aa09bc4429afea6f20357b2847c19884727cc0c,50668695,925,0xb92fe925dc43a0ecde6c8b1a2709c170ec4fff4f,739183.865878157906505721,739183.865878157906505721,1997.95945971883591024182,0.806493844090369473,same_tx_swap_flow_allocation
0xd1c77a04b87393e98a1220532e72e8f7d0a31c5a,0xd519f6977b025c42f102d8e2de170fae4d99d1abf29190417a7388d6af6c4dbf,50668700,362,0xb92fe925dc43a0ecde6c8b1a2709c170ec4fff4f,721495.018918498051897442,710173.16872848988488027500000000000000000000000,1966.6033091969040252343800000000000000000000000000000000000000000,0.79383665915736395700000000000000000000000000000000000000000000000,same_tx_swap_flow_allocation
0xd1c77a04b87393e98a1220532e72e8f7d0a31c5a,0xae0c7c7edf15f40eeed0a5a58650484c7d24d5c61f1f84df8332f6f6ef1d9e86,50668705,127,0xb92fe925dc43a0ecde6c8b1a2709c170ec4fff4f,709566.005115303657328956,709566.005115303657328956,1998.47677475902745289744,0.806702662839589016,same_tx_swap_flow_allocation
0xd1c77a04b87393e98a1220532e72e8f7d0a31c5a,0x90590fc57a7fb242a25a4ba290ae6909f689154066d42a260a855beb87f9e3a3,50668711,335,0xb92fe925dc43a0ecde6c8b1a2709c170ec4fff4f,20979.617746710837328265,20979.617746710837328265,58.9816398587607465030,0.02380845578675545,same_tx_swap_flow_allocation
0xd1c77a04b87393e98a1220532e72e8f7d0a31c5a,0xd3910e207e90ad7747022b3c169a4a40bf226c08b9dfb084a03ac67e6258950e,50668748,439,0xb92fe925dc43a0ecde6c8b1a2709c170ec4fff4f,821826.971825109259762161,821826.971825109259762161,2464.70064374283507441000,0.994898013087761500,same_tx_swap_flow_allocation
0xd1c77a04b87393e98a1220532e72e8f7d0a31c5a,0xd117192e2969f9136df974be78e0cd30f2b0f6a7734b740488bf4e1b79706df5,50668754,72,0xb92fe925dc43a0ecde6c8b1a2709c170ec4fff4f,794340.452226593054191167,794031.1894013495159262532869521036098235005430297174025407627137,2464.2812255845749636131356661621209305669050004125543086915976506,0.99472871127280670542321024411752966107474347502262681290884482978,same_tx_swap_flow_allocation
0xd1c77a04b87393e98a1220532e72e8f7d0a31c5a,0x4643975d3dc5556c008e2d4531145242d90f5f81684fa698ee7c91e897821a6f,50668771,524,0xb92fe925dc43a0ecde6c8b1a2709c170ec4fff4f,893891.019895681703107755,893891.019895681703107755,2996.33599451136418454718,1.209497281160988877,same_tx_swap_flow_allocation
0xd1c77a04b87393e98a1220532e72e8f7d0a31c5a,0xf8fc24928b4e360a5c196273421bfa7aeb05f9dc73da0bd3aa96b4731380cc3f,50668776,73,0xb92fe925dc43a0ecde6c8b1a2709c170ec4fff4f,1129440.115965624297890644,1129440.115965624297890644,3868.79840559795310754220,1.561674378808703330,same_tx_swap_flow_allocation
0x211c8e97a504d2d142bc945334d4a88bd3270b4d,0x3475929b6809823a3718c8bf0d144a8282f23607eab3d1d15575355c2f95f1b7,50668849,400,0xf01a4dabfd54d1a6a1812a95f7151e8da851de2e,156.821012845116927187,0E-606,0E-606,0E-606,unknown_transfer_or_unpriced_swap
0x4552df0be3b02bfb80c3444b3f1465ee0bdb224c,0x3475929b6809823a3718c8bf0d144a8282f23607eab3d1d15575355c2f95f1b7,50668849,412,0xf01a4dabfd54d1a6a1812a95f7151e8da851de2e,80.559944413322840859,0E-1405,0E-1405,0E-1405,unknown_transfer_or_unpriced_swap
0x461d5072f3eef08dedc4a7d74fb6d79f99e25e73,0x3475929b6809823a3718c8bf0d144a8282f23607eab3d1d15575355c2f95f1b7,50668849,413,0xf01a4dabfd54d1a6a1812a95f7151e8da851de2e,246.287162524891630383,0E-1471,0E-1471,0E-1471,unknown_transfer_or_unpriced_swap
0x7092b2648127f3e831c279d43cb5494bddc7d5dc,0x3475929b6809823a3718c8bf0d144a8282f23607eab3d1d15575355c2f95f1b7,50668849,425,0xf01a4dabfd54d1a6a1812a95f7151e8da851de2e,181.783440770735623647,0E-2277,0E-2277,0E-2277,unknown_transfer_or_unpriced_swap
0x8da2e73785a202263be1b04d3dcc8137181c89c3,0x3475929b6809823a3718c8bf0d144a8282f23607eab3d1d15575355c2f95f1b7,50668849,435,0xf01a4dabfd54d1a6a1812a95f7151e8da851de2e,340.658355223989330536,0E-2941,0E-2941,0E-2941,unknown_transfer_or_unpriced_swap
0xfc90fd5e560471fab35e3703bf5ea4c54acee766,0x3475929b6809823a3718c8bf0d144a8282f23607eab3d1d15575355c2f95f1b7,50668849,470,0xf01a4dabfd54d1a6a1812a95f7151e8da851de2e,6.9345956442490427,0E-5250,0E-5250,0E-5250,unknown_transfer_or_unpriced_swap
0x651a7378615b54d3dfd0c10b9262a95bc8c3d19c,0x416a463ec4cf9d880d97e1ae4c36eaaf9bfbc6a3dd1aca4bcb8e09ad9e4fd067,50668914,744,0xa6693c49b577c21a2ad923acba008f49324161e2,2056545.307750598996214482,0E-65,0E-65,0E-65,unknown_transfer_or_unpriced_swap
0xd1c77a04b87393e98a1220532e72e8f7d0a31c5a,0xfc7f04f9264dabcffcf2e6b1a723ca040169ab22d60bf6521daf700b4dd2671a,50671430,1625,0xb92fe925dc43a0ecde6c8b1a2709c170ec4fff4f,676152.421042394804332227,676152.421042394804332227,1988.097773312648341514760128,0.807653122913244916,same_tx_swap_flow_allocation
0xd1c77a04b87393e98a1220532e72e8f7d0a31c5a,0xfc7ccdd5b37d298d2c09833ff2cdedcba03fa12ce66fb63df4f5e6e9a9208d8c,50671435,558,0xb92fe925dc43a0ecde6c8b1a2709c170ec4fff4f,655076.897375303368149369,655076.897375303368149369,1989.261418992653000478756896,0.808125847182662662,same_tx_swap_flow_allocation
0x7c4974927680254e9b2dd5e431d924c49b3ded64,0x68efcf35ce068e7f530761d598fe88c5d02f2c273674ad2cc161319334c2483e,50672487,365,0xb92fe925dc43a0ecde6c8b1a2709c170ec4fff4f,534750.505997054361693197,534750.505997054361693197,1490.93604359519900911480941985,0.617081672468082287,same_tx_swap_flow_allocation
0x7c4974927680254e9b2dd5e431d924c49b3ded64,0x665d660d164772026406b3d64bb51d0875ce967f9d57773de33112fb56d40b43,50677687,458,0xb92fe925dc43a0ecde6c8b1a2709c170ec4fff4f,552655.716082761635746724,552655.71608276163574672300000000000000000000000180944477890869655,1708.0381780071235247590014914392366282874922037634600053766661500,0.70997416129525962799999871534096068421167921221852317796947726632,same_tx_swap_flow_allocation
0xfc90fd5e560471fab35e3703bf5ea4c54acee766,0x1aed3be049bcc293a6b08475059dfff31382a82b936c25d6fffba323c0b4cdac,50677772,3259,0xb92fe925dc43a0ecde6c8b1a2709c170ec4fff4f,16256.938007487649322705,16256.938007487649322704000000000000000000000061512198640323179403,50.804541869482160187736091820928693797427099483332821678240571209,0.021117743425302443999998701001171587417242887889637668462982329271,same_tx_swap_flow_allocation
0xd1c77a04b87393e98a1220532e72e8f7d0a31c5a,0xa9c4270f323a6f193b2bed6c328e17be61d4d73f81881c7f697f7fdfc22bda60,50677954,569,0xb92fe925dc43a0ecde6c8b1a2709c170ec4fff4f,68356.735855360786904799,67912.604765773321626508296363389847879481276985977076056136734165,213.49807819247498395352348606850239722195271785363525087782359705,0.088692876731567443212066779095836485097469662028756795452994573505,same_tx_swap_flow_allocation
0xd1c77a04b87393e98a1220532e72e8f7d0a31c5a,0x15e503a4cdaf5fb24db0252c73b3a7361cad1e8cfacb645bfa32baf5bc4cd043,50685527,624,0xb92fe925dc43a0ecde6c8b1a2709c170ec4fff4f,34403.734745944952777499,34403.734745944952777499,104.2557415604134254802614,0.042732249820826853,same_tx_swap_flow_allocation
0xd1c77a04b87393e98a1220532e72e8f7d0a31c5a,0x21ca20a092d060c776b7381849da7614a7f824cac2a4a99d8e45ec8826daf6f8,50688844,426,0xb92fe925dc43a0ecde6c8b1a2709c170ec4fff4f,849408.399854162301098394,848957.3716132223000036733617180061077347985454934289009585928581,2822.2754372131460612002175770872028344953206086127985608484711678,1.1533069425955807503280082894649901658269416094744789007832932489,same_tx_swap_flow_allocation
0x211c8e97a504d2d142bc945334d4a88bd3270b4d,0xafc815472d7e2b238b619681de9adc6be3f114ec3bf410b5018a5b1bcb127b05,50689011,355,0xf01a4dabfd54d1a6a1812a95f7151e8da851de2e,185.471865794524741946,0E-741,0E-741,0E-741,unknown_transfer_or_unpriced_swap
0x4552df0be3b02bfb80c3444b3f1465ee0bdb224c,0xafc815472d7e2b238b619681de9adc6be3f114ec3bf410b5018a5b1bcb127b05,50689011,364,0xf01a4dabfd54d1a6a1812a95f7151e8da851de2e,95.828340624966785496,0E-1343,0E-1343,0E-1343,unknown_transfer_or_unpriced_swap
0x461d5072f3eef08dedc4a7d74fb6d79f99e25e73,0xafc815472d7e2b238b619681de9adc6be3f114ec3bf410b5018a5b1bcb127b05,50689011,365,0xf01a4dabfd54d1a6a1812a95f7151e8da851de2e,292.965570841291894116,0E-1409,0E-1409,0E-1409,unknown_transfer_or_unpriced_swap
0x7092b2648127f3e831c279d43cb5494bddc7d5dc,0xafc815472d7e2b238b619681de9adc6be3f114ec3bf410b5018a5b1bcb127b05,50689011,379,0xf01a4dabfd54d1a6a1812a95f7151e8da851de2e,216.236562835508147562,0E-2347,0E-2347,0E-2347,unknown_transfer_or_unpriced_swap
0x8da2e73785a202263be1b04d3dcc8137181c89c3,0xafc815472d7e2b238b619681de9adc6be3f114ec3bf410b5018a5b1bcb127b05,50689011,392,0xf01a4dabfd54d1a6a1812a95f7151e8da851de2e,405.222783343264873019,0E-3215,0E-3215,0E-3215,unknown_transfer_or_unpriced_swap
0xfc90fd5e560471fab35e3703bf5ea4c54acee766,0xafc815472d7e2b238b619681de9adc6be3f114ec3bf410b5018a5b1bcb127b05,50689011,430,0xf01a4dabfd54d1a6a1812a95f7151e8da851de2e,160.919084304742800957,0E-5730,0E-5730,0E-5730,unknown_transfer_or_unpriced_swap
0xcdb95f2acdb4917372259648a7342a524ea6fc73,0xd46c94bae7092fd72638a0b51f40eedcb4653d514a84999d17393c3f2dcb0e16,50689497,38,0x4127a54690ce80fe10e68a9f83781727a56f20cb,527508.953472218969969846,0,0,0,unknown_transfer_or_unpriced_swap
0x9a44d4974cad27175458ee071c189c2619f417c0,0x2d9100c16b4a7238c9a0168b36835d00564d4013ce8298fc8514a4994272a649,50690199,194,0xbc6d645cd3cf98fecc6f48b1b3fe16f7e8927d4a,117000.741886298792846521,117000.741886298792846521,485.52535802430,0.198,same_tx_swap_flow_allocation
0x9622a7905307abe9686999c400b85a7b30775345,0xf6545390cb93bf26157a347dc5591ede4b30e4fb4673f68fb720bc20b050b20b,50690215,365,0x7692acc1cdd771d09ebcae3663e1843b2911bec7,2166457.413207342962898319,2166457.413207342962898319,9710.5071604860,3.96,same_tx_swap_flow_allocation
0x211c8e97a504d2d142bc945334d4a88bd3270b4d,0xd2cff2c68eab3a9ecfa0e4d41bf87c0ca422b54916b833944f8fbddfe44271ea,50690226,355,0xf01a4dabfd54d1a6a1812a95f7151e8da851de2e,246.100094579035088697,0E-875,0E-875,0E-875,unknown_transfer_or_unpriced_swap
0x4552df0be3b02bfb80c3444b3f1465ee0bdb224c,0xd2cff2c68eab3a9ecfa0e4d41bf87c0ca422b54916b833944f8fbddfe44271ea,50690226,367,0xf01a4dabfd54d1a6a1812a95f7151e8da851de2e,63.968594842451066985,0E-1679,0E-1679,0E-1679,unknown_transfer_or_unpriced_swap
0x461d5072f3eef08dedc4a7d74fb6d79f99e25e73,0xd2cff2c68eab3a9ecfa0e4d41bf87c0ca422b54916b833944f8fbddfe44271ea,50690226,368,0xf01a4dabfd54d1a6a1812a95f7151e8da851de2e,195.564232686414556439,0E-1745,0E-1745,0E-1745,unknown_transfer_or_unpriced_swap
0x7092b2648127f3e831c279d43cb5494bddc7d5dc,0xd2cff2c68eab3a9ecfa0e4d41bf87c0ca422b54916b833944f8fbddfe44271ea,50690226,386,0xf01a4dabfd54d1a6a1812a95f7151e8da851de2e,144.345075662773190248,0E-2951,0E-2951,0E-2951,unknown_transfer_or_unpriced_swap
0x8da2e73785a202263be1b04d3dcc8137181c89c3,0xd2cff2c68eab3a9ecfa0e4d41bf87c0ca422b54916b833944f8fbddfe44271ea,50690226,401,0xf01a4dabfd54d1a6a1812a95f7151e8da851de2e,270.499644255158195821,0E-3956,0E-3956,0E-3956,unknown_transfer_or_unpriced_swap
0xfc90fd5e560471fab35e3703bf5ea4c54acee766,0xd2cff2c68eab3a9ecfa0e4d41bf87c0ca422b54916b833944f8fbddfe44271ea,50690226,444,0xf01a4dabfd54d1a6a1812a95f7151e8da851de2e,107.418824527014882166,0E-6806,0E-6806,0E-6806,unknown_transfer_or_unpriced_swap
0x9a44d4974cad27175458ee071c189c2619f417c0,0x63100e9cfb1145d1d7deeed467eb3a14d6c2f5a0cf2a117e207b5291f9953a05,50690348,162,0xbc6d645cd3cf98fecc6f48b1b3fe16f7e8927d4a,43287.939534888412251261,43287.939534888412251261,169.640951272254,0.0693,same_tx_swap_flow_allocation
0x9a44d4974cad27175458ee071c189c2619f417c0,0xf27d06ce8d12f00ad4e7b1d3608f7fb8c38afd75b8cc63dce0929493ece24675,50690383,378,0xbc6d645cd3cf98fecc6f48b1b3fe16f7e8927d4a,62486.636112804752449142,62486.636112804752449142,242.34421610322,0.099,same_tx_swap_flow_allocation
0x9a44d4974cad27175458ee071c189c2619f417c0,0xd05f7b253d46a4f4aac203a7b6f83f29d4ad7f879addf70186a02e9a0b0d75ab,50690455,164,0xbc6d645cd3cf98fecc6f48b1b3fe16f7e8927d4a,62670.870330435602712971,62670.870330435602712971,242.34421610322,0.099,same_tx_swap_flow_allocation
0x211c8e97a504d2d142bc945334d4a88bd3270b4d,0x5f118b0595ccacbf37252df74dd8e2cb57554aaae09be6d78c2582a19eb6ddfe,50690728,418,0xf01a4dabfd54d1a6a1812a95f7151e8da851de2e,196.408900841284332986,0E-1209,0E-1209,0E-1209,unknown_transfer_or_unpriced_swap
0x4552df0be3b02bfb80c3444b3f1465ee0bdb224c,0x5f118b0595ccacbf37252df74dd8e2cb57554aaae09be6d78c2582a19eb6ddfe,50690728,431,0xf01a4dabfd54d1a6a1812a95f7151e8da851de2e,51.052403790654914814,0E-2080,0E-2080,0E-2080,unknown_transfer_or_unpriced_swap
0x461d5072f3eef08dedc4a7d74fb6d79f99e25e73,0x5f118b0595ccacbf37252df74dd8e2cb57554aaae09be6d78c2582a19eb6ddfe,50690728,432,0xf01a4dabfd54d1a6a1812a95f7151e8da851de2e,156.076965559524790061,0E-2146,0E-2146,0E-2146,unknown_transfer_or_unpriced_swap
0x7092b2648127f3e831c279d43cb5494bddc7d5dc,0x5f118b0595ccacbf37252df74dd8e2cb57554aaae09be6d78c2582a19eb6ddfe,50690728,449,0xf01a4dabfd54d1a6a1812a95f7151e8da851de2e,115.199702386430758762,0E-3286,0E-3286,0E-3286,unknown_transfer_or_unpriced_swap
0x8da2e73785a202263be1b04d3dcc8137181c89c3,0x5f118b0595ccacbf37252df74dd8e2cb57554aaae09be6d78c2582a19eb6ddfe,50690728,464,0xf01a4dabfd54d1a6a1812a95f7151e8da851de2e,215.881826039086767146,0E-4291,0E-4291,0E-4291,unknown_transfer_or_unpriced_swap
0xfc90fd5e560471fab35e3703bf5ea4c54acee766,0x5f118b0595ccacbf37252df74dd8e2cb57554aaae09be6d78c2582a19eb6ddfe,50690728,510,0xf01a4dabfd54d1a6a1812a95f7151e8da851de2e,85.729399214993624317,0E-7344,0E-7344,0E-7344,unknown_transfer_or_unpriced_swap
0x4552df0be3b02bfb80c3444b3f1465ee0bdb224c,0x4dcfd23d65f646e3651475b46a6751398c93d07f691707fc7f962f33c2d0f7a1,50696960,575,0xf01a4dabfd54d1a6a1812a95f7151e8da851de2e,69.24776826842670391,0E-2015,0E-2015,0E-2015,unknown_transfer_or_unpriced_swap
0x461d5072f3eef08dedc4a7d74fb6d79f99e25e73,0x4dcfd23d65f646e3651475b46a6751398c93d07f691707fc7f962f33c2d0f7a1,50696960,576,0xf01a4dabfd54d1a6a1812a95f7151e8da851de2e,211.703675843047710883,0E-2081,0E-2081,0E-2081,unknown_transfer_or_unpriced_swap
0x7092b2648127f3e831c279d43cb5494bddc7d5dc,0x4dcfd23d65f646e3651475b46a6751398c93d07f691707fc7f962f33c2d0f7a1,50696960,595,0xf01a4dabfd54d1a6a1812a95f7151e8da851de2e,156.257525662435503615,0E-3356,0E-3356,0E-3356,unknown_transfer_or_unpriced_swap
0x8da2e73785a202263be1b04d3dcc8137181c89c3,0x4dcfd23d65f646e3651475b46a6751398c93d07f691707fc7f962f33c2d0f7a1,50696960,614,0xf01a4dabfd54d1a6a1812a95f7151e8da851de2e,292.823325699228785461,0E-4629,0E-4629,0E-4629,unknown_transfer_or_unpriced_swap
0xf055acd3193f0bc2a46c06e2b3398c6c9b3c0f97,0x4dcfd23d65f646e3651475b46a6751398c93d07f691707fc7f962f33c2d0f7a1,50696960,658,0xf01a4dabfd54d1a6a1812a95f7151e8da851de2e,114.328340905430027939,0E-7561,0E-7561,0E-7561,unknown_transfer_or_unpriced_swap
0xfc90fd5e560471fab35e3703bf5ea4c54acee766,0x4dcfd23d65f646e3651475b46a6751398c93d07f691707fc7f962f33c2d0f7a1,50696960,665,0xf01a4dabfd54d1a6a1812a95f7151e8da851de2e,143.962181013054375365,0E-8020,0E-8020,0E-8020,unknown_transfer_or_unpriced_swap
0x67505fc71782403718939b4bb3f6ab39be613f4f,0x5333f7d803d244cde274e1d7514ae1edf739b14cfb4f4edf0d8b9b89c4e5b420,50697607,1508,0xb92fe925dc43a0ecde6c8b1a2709c170ec4fff4f,212927.791283790012428391,212927.79128379001242839000000000000000000000000469642780761859636,782.82765261581576516092603930644368229221369875424230075933667851,0.32066085912665517999999849403942438270723651615717774687381163739,same_tx_swap_flow_allocation
0x9a44d4974cad27175458ee071c189c2619f417c0,0xd5ee4618a72956ec76321c06beaa6fc426bb60f12694b42b70a2e7f57c73901c,50699677,368,0xbc6d645cd3cf98fecc6f48b1b3fe16f7e8927d4a,74133.418427937958534313,74133.418427937958534313,244.29263635854,0.099,same_tx_swap_flow_allocation
0x67df1d22c03ce81dcd7c50a65d476b17f4934fd4,0xc21defac5886799a226809636aa530c81246a79f0e4edcf3cd5288c050e40800,50700927,282,0x7692acc1cdd771d09ebcae3663e1843b2911bec7,703200.145802253503795086,703200.145802253503795086,2448.4736692449,0.99,same_tx_swap_flow_allocation
0x0c175c6a0065ee05f871a68783d2de432a1e6cbe,0xc1c5038f6ce0d313469541ca3dfb5f979dd3742328d20d7512993a5288058731,50701477,232,0x86a205aac2acd174d39bac3835bcdfe251762247,13969129.083,0,0,0,unknown_transfer_or_unpriced_swap
0x0c175c6a0065ee05f871a68783d2de432a1e6cbe,0x9bb33c5d95f7eea77fd0e5e3c108490d23b962cfd2457c212a37f7f1e421b9e1,50701529,164,0xb92fe925dc43a0ecde6c8b1a2709c170ec4fff4f,56982.950865788289292152,56982.947505310287674334000000000000000000000000,202.99968509018429878030000000000000000000000000000000000000000000,0.082217729527625726000000000000000000000000000000000000000000000000,same_tx_swap_flow_allocation
0xd1c77a04b87393e98a1220532e72e8f7d0a31c5a,0x59f88cb3ee40ef82d8c0644743341f04242eb986b197085577658b81a7a7635f,50701812,899,0xb92fe925dc43a0ecde6c8b1a2709c170ec4fff4f,35526.446511605661478377,35526.446511605661478377,128.45018564176264839297,0.052106860750452369,same_tx_swap_flow_allocation
0x8e34c9b87de1489096bc53e90660743bf9e8ac03,0x79e1e7c245656cbb91538afd8fd197352d7e859aa77922503eb3b7bd3a77810c,50702336,370,0xb92fe925dc43a0ecde6c8b1a2709c170ec4fff4f,806549.71007477475160144,806549.71007477475160143900000000000000000000000123984918413434255,2853.3033188074597799393982374342080887590932239952443328987256000,1.1574276242130200549999985649643044249366634523078144581374296138,same_tx_swap_flow_allocation
0x8e34c9b87de1489096bc53e90660743bf9e8ac03,0x10006d8bd00446c69c37df12478bcc61070f948888c3c14b363b6c6e22522265,50702353,305,0xb92fe925dc43a0ecde6c8b1a2709c170ec4fff4f,731641.069133775417070477,731641.069133775417070477,2853.76379537391423595151237750,1.157614414132901375,same_tx_swap_flow_allocation
0x9a44d4974cad27175458ee071c189c2619f417c0,0x404320a7b97da031a004dcba81d65fa9582310fceab14771e3c5e906c68f1159,50702388,312,0xbc6d645cd3cf98fecc6f48b1b3fe16f7e8927d4a,65518.247520722944665038,65518.247520722944665038,244.05588967518,0.099,same_tx_swap_flow_allocation
0x98e8118481aa01872142a7c447dbccd0528df831,0x6b304bf719511596c84313d690237261463be93a927dc3cfdfeabdc1f5460b30,50703219,166,0x7692acc1cdd771d09ebcae3663e1843b2911bec7,317449.279869246039577928,317449.279869246039577928,1209.1498804574,0.49,same_tx_swap_flow_allocation
0x33dcea75de7cde9aabbc76482b35964e600ae359,0xe899a4065982b8aa6562b928e199f1457cd89347de3c9ec435a565480b36051c,50703267,166,0xb92fe925dc43a0ecde6c8b1a2709c170ec4fff4f,258839.210257818195595997,258839.21025781819559599600000000000000000000000386340229907186237,994.07813282616951394598168845625618231251682725170299177216512126,0.40284359528742822299999844365312780017493992519216637079388703360,same_tx_swap_flow_allocation
0x33dcea75de7cde9aabbc76482b35964e600ae359,0x704fd6f499612d20612839767f52c582ed502fdceffca0efad72cd64ceb30482,50703270,735,0xb92fe925dc43a0ecde6c8b1a2709c170ec4fff4f,254859.905434060511439205,254859.905434060511439205,994.15006444937328541610869444,0.402872745102467294,same_tx_swap_flow_allocation
0x33dcea75de7cde9aabbc76482b35964e600ae359,0x11fac2e09bba50400c6bf72d3f718b8642ed4e869294532ac74462d904cb96d2,50703273,964,0xb92fe925dc43a0ecde6c8b1a2709c170ec4fff4f,251693.167201156357253486,251693.16720115635725348500000000000000000000000397309156668836931,994.31912421041944067748613847907300261734261133935796146442678451,0.40294125545362514999999839907749608637801888517491277676723089144,same_tx_swap_flow_allocation
0x33dcea75de7cde9aabbc76482b35964e600ae359,0xb081c5a2b80aef7fb4bd1898c59d9c3bd671aa32c8d7e35ba882b0b0442624a5,50703275,435,0xb92fe925dc43a0ecde6c8b1a2709c170ec4fff4f,248554.070630059640525692,248554.07063005964052569100000000000000000000000402326945386611571,994.29251173256477249678377979330933855568333234862367593929551912,0.40293047092280763499999837890214430437891126286834812370346707770,same_tx_swap_flow_allocation
0x33dcea75de7cde9aabbc76482b35964e600ae359,0x939e679d891fe0284e97f10a1655a7ee3ebc45f38ac7a158e0a65be9c24e263f,50703278,289,0xb92fe925dc43a0ecde6c8b1a2709c170ec4fff4f,245422.83623538713557215,245422.83277792846398899800000000000000000000000,994.05475519288174455797839910000000000000000000000000000000000000,0.40283412165599828500000000000000000000000000000000000000000000000,same_tx_swap_flow_allocation
0x33dcea75de7cde9aabbc76482b35964e600ae359,0xf7e28217fbb632402c6dff38c6bba217328355a087a82482de92e60dd2e5102c,50703279,218,0xb92fe925dc43a0ecde6c8b1a2709c170ec4fff4f,242561.102607730227513993,238730.14475738333428192800000000000000000000000,978.50760100539390822178020982000000000000000000000000000000000000,0.39653374014416515700000000000000000000000000000000000000000000000,same_tx_swap_flow_allocation
0x33dcea75de7cde9aabbc76482b35964e600ae359,0xacd4346747e7b2460939c65599fa35e57e91e5f6353a97845b625ca887dc5053,50703280,581,0xb92fe925dc43a0ecde6c8b1a2709c170ec4fff4f,239604.521877709215606745,239111.7441972585042224769662042446815628045928136646167208987398,991.90660199422569213621026212858819906384802663265308712968150216,0.40196359676545015245440551068025010841181999163117276124730336578,same_tx_swap_flow_allocation
0x33dcea75de7cde9aabbc76482b35964e600ae359,0x897a18fad1cbe3a7e54f34216dc7d91de11ed8c8a5f02e7c996307c7bd336a2d,50703285,266,0xb92fe925dc43a0ecde6c8b1a2709c170ec4fff4f,236739.782174481470039564,236739.78217448147003956300000000000000000000000422404714076733434,993.77625336598948555522195366225840691809063125354657628238837709,0.40272126063075831699999829888641050642888063113703308782224034162,same_tx_swap_flow_allocation
0x33dcea75de7cde9aabbc76482b35964e600ae359,0x017d0d009c9411d0d501418809c43bc221b9f9db6070875411abcd24d7375995,50703286,111,0xb92fe925dc43a0ecde6c8b1a2709c170ec4fff4f,233963.976788980379962877,233963.97678898037996287600000000000000000000000427416226089340282,993.90174030962494487049982166269053232573066112239713839961265164,0.40277211338555337599999827848663322718919013235450929480872763917,same_tx_swap_flow_allocation
0x33dcea75de7cde9aabbc76482b35964e600ae359,0x02743981ade7340a242f290855cc193d41b63fd7eadc9538e8f631fdab45f1a3,50703288,139,0xb92fe925dc43a0ecde6c8b1a2709c170ec4fff4f,231755.566075280435708094,231755.566075280435708094,993.92287734900397285180567650,0.402780679031105775,same_tx_swap_flow_allocation
0x33dcea75de7cde9aabbc76482b35964e600ae359,0xcffb218bbf5431c7699f2cb1e7555763ae084bc500c33126ad69ddb41d8e4a8f,50703289,680,0xb92fe925dc43a0ecde6c8b1a2709c170ec4fff4f,228987.85095579472961701,228987.85095579472961701,994.0047559022728732594405746,0.40281385977383271,same_tx_swap_flow_allocation
0x33dcea75de7cde9aabbc76482b35964e600ae359,0x21a551b2ab281ca4962dce22e0d8ca5dd3bff4dbf079f834e17ec94ce63463d3,50703290,525,0xb92fe925dc43a0ecde6c8b1a2709c170ec4fff4f,226351.768543558471527788,226351.76854355847152778700000000000000000000000441790230504677028,994.13714793280964113781382485920261501822790088824221636206540881,0.40286751076947146099999822017069554309748228236391198257751033270,same_tx_swap_flow_allocation
0x33dcea75de7cde9aabbc76482b35964e600ae359,0x653d7f2fbf0db0eb25281b2bc88e0dec8b72d9d11095ce80e15b0d49671532ab,50703292,452,0xb92fe925dc43a0ecde6c8b1a2709c170ec4fff4f,223716.727735711902354127,223716.72773571190235412600000000000000000000000446993843563343876,994.06599552888914430258775288619902920033402876269919169260858214,0.40283867672789850499999819933591553425280570571324811621875901513,same_tx_swap_flow_allocation
0x33dcea75de7cde9aabbc76482b35964e600ae359,0x91e95919e94110af749a379d9d148f2827211b02aa6228bab9711a227060a1a1,50703294,506,0xb92fe925dc43a0ecde6c8b1a2709c170ec4fff4f,225784.22438816273337755,225784.22438816273337755,994.13448311206376803572499312,0.402866430868471112,same_tx_swap_flow_allocation
0x33dcea75de7cde9aabbc76482b35964e600ae359,0x760e94d050bf2de39fcf17cb3a4f45254a202f303bd05c15dd2ed94980b2cb09,50703297,337,0xb92fe925dc43a0ecde6c8b1a2709c170ec4fff4f,225097.914841742464632291,225097.91484174246463229000000000000000000000000444251116543243356,993.98060545782245236800813623006203033324630346376348081151485588,0.40280407296578519999999821053840836783858647965781930177436376271,same_tx_swap_flow_allocation
0x33dcea75de7cde9aabbc76482b35964e600ae359,0xe6579a574348faac8d3b8dee8145bef4a408d487ee1a899ccce1c08dc5b2fe11,50703298,105,0xb92fe925dc43a0ecde6c8b1a2709c170ec4fff4f,221811.673804259901480681,221811.673804259901480681,993.97857121499765445740342958,0.402803248602321033,same_tx_swap_flow_allocation
0x33dcea75de7cde9aabbc76482b35964e600ae359,0x4b4c204f803bb22000a4fa4a814ed2990a9e28293daa1ab975040a8c8093bc20,50703299,635,0xb92fe925dc43a0ecde6c8b1a2709c170ec4fff4f,219230.923275115425761676,219230.92327511542576167500000000000000000000000456140030366559381,993.93182995610169638534011483904901533837600745618987811769113690,0.40278430701598075599999816273953966556961391802147111338641308042,same_tx_swap_flow_allocation
0x33dcea75de7cde9aabbc76482b35964e600ae359,0xc466f359df7a850956a95a5b6ca8b8e8ef47aad5ad19d06842294c2f8f04ff1a,50703300,677,0xb92fe925dc43a0ecde6c8b1a2709c170ec4fff4f,216717.344625982104894098,216717.344625982104894098,993.85681082335835037071320864,0.402753906008100464,same_tx_swap_flow_allocation
0x33dcea75de7cde9aabbc76482b35964e600ae359,0x39ed531c8458d8616c62dead32cf0c8d3a6d7cd2ad0870bcb3308338de00c7cc,50703302,464,0xb92fe925dc43a0ecde6c8b1a2709c170ec4fff4f,216377.95373821692863174,216377.95373821692863173900000000000000000000000462154291933937826,993.65757986282344512118750476884753706553373760643274793575570451,0.40267316897769594999999813902866710318029324737846884220640095237,same_tx_swap_flow_allocation
0x33dcea75de7cde9aabbc76482b35964e600ae359,0x96f23d0316961d21f9d2eea049220e12d2e641edcd7f8e3ba185b0d91bd3f8a5,50703306,149,0xb92fe925dc43a0ecde6c8b1a2709c170ec4fff4f,124457.406408777569409602,123963.18749532394572969845246717372028324491850025135682680123802,566.88854010559036498364788996078565944494122724930418655291904594,0.22972783535045445892339632582953528779541520585895946683718173332,same_tx_swap_flow_allocation
0x67505fc71782403718939b4bb3f6ab39be613f4f,0xf766246656f336ada49f0b0861c07872945ad79c07bc7e2b1559a773840190dc,50703320,313,0xb92fe925dc43a0ecde6c8b1a2709c170ec4fff4f,17348.837469998744801483,17348.837469998744801482000000000000000000000057640749804088881731,76.685577088705811338835351365837447737667629610379740791126806626,0.031076323440772732999998208737415719476367303961189383863482756222,same_tx_swap_flow_allocation
0x9a44d4974cad27175458ee071c189c2619f417c0,0x7783cbf71341e372a50aa8396f3f7f78d28c45567c22187f6389dfe0ae9c92b4,50703338,10,0xbc6d645cd3cf98fecc6f48b1b3fe16f7e8927d4a,39910.765112957677171052,39910.765112957677171052,171.008340236118,0.0693,same_tx_swap_flow_allocation
0x9a44d4974cad27175458ee071c189c2619f417c0,0xdf9d14b4a1877925253c5b469d8bb349c0adaeecc2eac60aab257cef6ed575b3,50703340,499,0xbc6d645cd3cf98fecc6f48b1b3fe16f7e8927d4a,39636.189293032362119873,39636.189293032362119873,171.008340236118,0.0693,same_tx_swap_flow_allocation
0x33dcea75de7cde9aabbc76482b35964e600ae359,0x69245754ec374ed97087f116a499d761f5e80fa5197e198931e76e3131164aa8,50703373,176,0xb92fe925dc43a0ecde6c8b1a2709c170ec4fff4f,438056.127888052106465166,438056.127888052106465166,1918.9069170000137251451381472,0.77762434957552272,same_tx_swap_flow_allocation
0x67505fc71782403718939b4bb3f6ab39be613f4f,0x0ee6e376113348c7e2c1fd370195dca2afc520bf553bc602bdc5cbc5191f4c4f,50703908,609,0xb92fe925dc43a0ecde6c8b1a2709c170ec4fff4f,2356.826549224900426618,2356.826549224900426618,9.59643369342846437842101264,0.003888729653819992,same_tx_swap_flow_allocation
0x9a44d4974cad27175458ee071c189c2619f417c0,0x222039567a7054b7c6a915c6b9578e00a7359344027f79afabdd0546649fa11b,50704159,500,0xbc6d645cd3cf98fecc6f48b1b3fe16f7e8927d4a,289999.753649132092986879,289999.753649132092986879,1219.6483591545,0.495,same_tx_swap_flow_allocation
0x8400275efc189259686fa57be45955b740c580d1,0x8d9bbfbaa7828d75f6815733514513b226e83919a7578bce8ef1d15b81224b75,50707835,536,0xb92fe925dc43a0ecde6c8b1a2709c170ec4fff4f,617229.125605866294067321,617229.12560586629406732000000000000000000000000162014389554026541,1751.3858890331882080086416445628431475194545301642956730704213797,0.70558010628292894099999885685869799106100711538714448210549247228,same_tx_swap_flow_allocation
0x8400275efc189259686fa57be45955b740c580d1,0x16cf81aa5c833081a86ca07c5e918eb1cd102d7fdbf2ac3f8a2b226e39bfb788,50707851,333,0xb92fe925dc43a0ecde6c8b1a2709c170ec4fff4f,358096.597904716363720548,355306.10349307341967689300000000000000000000000,1027.3415388673712944429769974000000000000000000000000000000000000,0.41388465941281289000000000000000000000000000000000000000000000000,same_tx_swap_flow_allocation
0x67df1d22c03ce81dcd7c50a65d476b17f4934fd4,0x62962125eaf85d770d44505013a6928fd5cdb2efe98fba0003825d0dbe867d65,50707853,602,0x7692acc1cdd771d09ebcae3663e1843b2911bec7,826652.136908004700020561,826652.136908004700020561,2457.3709132434,0.99,same_tx_swap_flow_allocation
0x67df1d22c03ce81dcd7c50a65d476b17f4934fd4,0xe66fee9755370fefbf27294f19495192b11baf4771ad3d6512f6c9dfac92dbd0,50708165,383,0x7692acc1cdd771d09ebcae3663e1843b2911bec7,871046.551461988125608862,871046.551461988125608862,2763.1940167111500,1.11375,same_tx_swap_flow_allocation
0x8400275efc189259686fa57be45955b740c580d1,0x77385aaa976f5bb6d61aededc8f277d6f100d99c9d446d6ed3446424d8f0fb62,50709384,753,0xb92fe925dc43a0ecde6c8b1a2709c170ec4fff4f,633859.681250596776785265,633859.68125059677678526400000000000000000000000157763623334901695,1456.6034630099261281172777020095991338860050056559835371396988314,0.58759599463069648399999907298726829985881150083745483401630501646,same_tx_swap_flow_allocation
0x8400275efc189259686fa57be45955b740c580d1,0xf193d126674182761720cdcfdd6844954c1fe8bfaec6fa2e842c3d7e51548bdb,50709501,178,0xb92fe925dc43a0ecde6c8b1a2709c170ec4fff4f,218291.589286298215009471,218291.58928629821500947000000000000000000000000458102853742321564,530.87353897788061380067756805316817947311358605506477312882967679,0.21415517200146862899999901894904562449498716620748744337406196117,same_tx_swap_flow_allocation
0x9a44d4974cad27175458ee071c189c2619f417c0,0x064711d612b3322e851aaa80ca51f34fcc29abed5c66584023c9c707e613582f,50709634,5,0xbc6d645cd3cf98fecc6f48b1b3fe16f7e8927d4a,976875.148426824589406617,976875.148426824589406617,2449.8970857405,0.99,same_tx_swap_flow_allocation
0xfc90fd5e560471fab35e3703bf5ea4c54acee766,0x00eb7c2eea9723eb19c965b33f60df40bd84c774f555ae39e717a2518256171a,50710118,143,0xb92fe925dc43a0ecde6c8b1a2709c170ec4fff4f,947743.16471132492445571,947743.16471132492445570900000000000000000000000105513818219368757,2573.6639074557874912772649826689431095974495674792059828576696469,1.0415777439866839839999989009915525964881734831392420414323783477,same_tx_swap_flow_allocation
0x4552df0be3b02bfb80c3444b3f1465ee0bdb224c,0x06b941120ca54dc3b157ffae6fc8e2a98b296961064aaefa2cb749ba95480aa8,50710980,694,0xf01a4dabfd54d1a6a1812a95f7151e8da851de2e,80.681031950993249329,0E-1883,0E-1883,0E-1883,unknown_transfer_or_unpriced_swap
0x461d5072f3eef08dedc4a7d74fb6d79f99e25e73,0x06b941120ca54dc3b157ffae6fc8e2a98b296961064aaefa2cb749ba95480aa8,50710980,695,0xf01a4dabfd54d1a6a1812a95f7151e8da851de2e,246.657350293604128101,0E-1949,0E-1949,0E-1949,unknown_transfer_or_unpriced_swap
0x7092b2648127f3e831c279d43cb5494bddc7d5dc,0x06b941120ca54dc3b157ffae6fc8e2a98b296961064aaefa2cb749ba95480aa8,50710980,714,0xf01a4dabfd54d1a6a1812a95f7151e8da851de2e,182.056674688565173002,0E-3223,0E-3223,0E-3223,unknown_transfer_or_unpriced_swap
0x8da2e73785a202263be1b04d3dcc8137181c89c3,0x06b941120ca54dc3b157ffae6fc8e2a98b296961064aaefa2cb749ba95480aa8,50710980,733,0xf01a4dabfd54d1a6a1812a95f7151e8da851de2e,341.170389855111822251,0E-4495,0E-4495,0E-4495,unknown_transfer_or_unpriced_swap
0xf055acd3193f0bc2a46c06e2b3398c6c9b3c0f97,0x06b941120ca54dc3b157ffae6fc8e2a98b296961064aaefa2cb749ba95480aa8,50710980,780,0xf01a4dabfd54d1a6a1812a95f7151e8da851de2e,92.59799032213750612,0E-7625,0E-7625,0E-7625,unknown_transfer_or_unpriced_swap
0xfc90fd5e560471fab35e3703bf5ea4c54acee766,0x06b941120ca54dc3b157ffae6fc8e2a98b296961064aaefa2cb749ba95480aa8,50710980,786,0xf01a4dabfd54d1a6a1812a95f7151e8da851de2e,167.731287469443883412,0E-8019,0E-8019,0E-8019,unknown_transfer_or_unpriced_swap
0x9a44d4974cad27175458ee071c189c2619f417c0,0xc12de7cb9a05bea7dea1ed75d124c963f377479c0a53eed2d871624ccf4f68d5,50715523,220,0xbc6d645cd3cf98fecc6f48b1b3fe16f7e8927d4a,445646.824161273631458454,445646.824161273631458454,1221.26914640115,0.495,same_tx_swap_flow_allocation
0x9a44d4974cad27175458ee071c189c2619f417c0,0x4235d35d6498728521ee4d968baf1502c0ef11b417c0e9b938f20ef70d665c79,50715540,615,0xbc6d645cd3cf98fecc6f48b1b3fe16f7e8927d4a,87917.602548141818687042,87917.602548141818687042,244.25382928023,0.099,same_tx_swap_flow_allocation
0x2ff852bc2a42c0b75576c47d647ff71b6517a801,0xd603d6e6d2d190536456088cd38da3bd118662343d371ea110ac103e90dfbc1a,50720577,246,0xb92fe925dc43a0ecde6c8b1a2709c170ec4fff4f,989532.734559152323622488,989532.734559152323622488,2488.06642215534217186656140545,1.011740363448169171,same_tx_swap_flow_allocation
0xc41ff324a9e61417833041c2ccb508683a079bb1,0xa554cd18e8b02223db160f9d119572f1349329b5ea82e0720b0e8062d5e015b6,50721110,648,0xb92fe925dc43a0ecde6c8b1a2709c170ec4fff4f,1131455.833260359512295092,1131455.833260359512295092,2984.95213398027366875069,1.211617152869274629,same_tx_swap_flow_allocation
0xc41ff324a9e61417833041c2ccb508683a079bb1,0x1b12feb8c9a98388574b8ffb82425c7f695d889c21bcdacc7d2acc44fa61a408,50721358,355,0xb92fe925dc43a0ecde6c8b1a2709c170ec4fff4f,359810.524539652206046797,357014.79589655518394519000000000000000000000000,987.25935317525902688596000000000000000000000000000000000000000000,0.40073686710772363600000000000000000000000000000000000000000000000,same_tx_swap_flow_allocation
0xc41ff324a9e61417833041c2ccb508683a079bb1,0x881d7fb3acd1d6017a4c63bb46b24107e64c522935ec38b2bb3382b49712d7f3,50723003,905,0xb92fe925dc43a0ecde6c8b1a2709c170ec4fff4f,108436.781213591570004783,108436.78121359157000478200000000000000000000000922196314579152265,292.26942497295390650002290470213425773858294822986684032360421931,0.11819845934168578199999890997816406163599856004813313455619224910,same_tx_swap_flow_allocation
0x2bb2173427bb17b78adaa3d5fad9716328c3d262,0xdacba13f62bdcefbfcaea4f23f2285c812439fee425de20fc6454970bcfb53d5,50728644,125,0xb92fe925dc43a0ecde6c8b1a2709c170ec4fff4f,338611.409385730845171529,338611.40938573084517152800000000000000000000000295323775951342827,942.27380728763598440930385920141251767402039481771043752133648174,0.38104172606638402899999887469318663058254838148873025070205238874,same_tx_swap_flow_allocation
0x8400275efc189259686fa57be45955b740c580d1,0x9fd71e4a8d6a7026ab76d210d492ab9607db301a4961b4eefbae8897f8472918,50729247,99,0xb92fe925dc43a0ecde6c8b1a2709c170ec4fff4f,274070.688540332603171298,274070.68854033260317129700000000000000000000000364869371958701335,783.04034076645981357252290985562646214329981611403126047174745300,0.31662503173702226699999884473223523708807449789045445975960282003,same_tx_swap_flow_allocation
0x8400275efc189259686fa57be45955b740c580d1,0x9a0e72248e8e153f58be12b401a6c2c85e3f48077610c769458587173e32471d,50729417,129,0xb92fe925dc43a0ecde6c8b1a2709c170ec4fff4f,951124.738893295798520501,951124.73889329579852050000000000000000000000000105138680459891538,2817.2512727383213201901609584991866034289053969206122275555226286,1.1383333092173069529999988031713794535065760041988624438159088227,same_tx_swap_flow_allocation
0x8da2e73785a202263be1b04d3dcc8137181c89c3,0x815fd44ed77cb11c803ab510911b77b65468ceea1bcc4e7f8b706d3d3668676e,50732605,566,0xb92fe925dc43a0ecde6c8b1a2709c170ec4fff4f,58676.73831329522383284,58676.73831329522383284,161.04324763743565976524243976,0.065803163742221011,same_tx_swap_flow_allocation
0x2bb2173427bb17b78adaa3d5fad9716328c3d262,0x9ec91cfae78a9d1512e4bea04a362b71b62dae8c2e6add4ce5d300fc998bd6a4,50732844,416,0xb92fe925dc43a0ecde6c8b1a2709c170ec4fff4f,358059.907327436278252434,358059.90338601755714485600000000000000000000000,992.18098176207211352848860000000000000000000000000000000000000000,0.40475067022034617800000000000000000000000000000000000000000000000,same_tx_swap_flow_allocation
0x2bb2173427bb17b78adaa3d5fad9716328c3d262,0xeaef8e2cdb51f2c7192a35782b634b028990844c42e26cd94c3df4eae0ffbae6,50732847,147,0xb92fe925dc43a0ecde6c8b1a2709c170ec4fff4f,316664.071535275421927501,316664.07117696463320328500000000000000000000000,892.58554257103641387502020000000000000000000000000000000000000000,0.36412167056761124600000000000000000000000000000000000000000000000,same_tx_swap_flow_allocation
0x2bb2173427bb17b78adaa3d5fad9716328c3d262,0x1a830fce6fbcd4c5bd5becefbe54a3b3458af7336491123e4943eebc65124b77,50732856,152,0xb92fe925dc43a0ecde6c8b1a2709c170ec4fff4f,249919.665001473891266482,249919.66500147389126648100000000000000000000000400128577314675314,714.61294907491109715869594062937356011302366001880684749282269070,0.29151946610842112399999883354730766503748488938668770965547220819,same_tx_swap_flow_allocation
0x2bb2173427bb17b78adaa3d5fad9716328c3d262,0xf1a079e579ed766c604759bbe1838d18e5693961d5a51dcedcf01b67168dedaa,50732868,1019,0xb92fe925dc43a0ecde6c8b1a2709c170ec4fff4f,343446.280422448330288908,343446.27540609735996429500000000000000000000000,995.23551999643635271413690000000000000000000000000000000000000000,0.40599673965757418700000000000000000000000000000000000000000000000,same_tx_swap_flow_allocation
0x8da2e73785a202263be1b04d3dcc8137181c89c3,0x08cb29d2b33eab93268d9d73e47fb2e2c2ab0bacf05ffe5be039d90d4de3c78f,50732893,276,0xb92fe925dc43a0ecde6c8b1a2709c170ec4fff4f,34100.336657604923654076,34100.336657604923654076,99.4311859193556339705246,0.040561994113402458,same_tx_swap_flow_allocation
0x2bb2173427bb17b78adaa3d5fad9716328c3d262,0x4f78f2faa4d5d1c4056292fac42bf86777df14fc23edb05f90bd2ae49da64e8b,50733083,98,0xb92fe925dc43a0ecde6c8b1a2709c170ec4fff4f,166637.986515921094696977,166637.98651592109469697600000000000000000000000600103266312844575,493.75425948670353428048763696456126149384030253457250702501020970,0.20142229202627263799999879125824646814160780904514439682489009360,same_tx_swap_flow_allocation
0x8da2e73785a202263be1b04d3dcc8137181c89c3,0x44fb5a05ef27485afb9ab72f09bd57f99ab4dff56a8c7dceeca253321327589a,50733086,390,0xb92fe925dc43a0ecde6c8b1a2709c170ec4fff4f,67671.69381230781031596,67671.693812307810315959000000000000000000000014777227281669203463,199.79126176750780345721344763911597007040316887864080852412652672,0.081502919921880971999998795612828194680075490538553814911063300521,same_tx_swap_flow_allocation
0x2bb2173427bb17b78adaa3d5fad9716328c3d262,0xeec6afecf82ecf050052d34f158201e5f964a621d24aa9b85448a342a4a4b902,50733094,274,0xb92fe925dc43a0ecde6c8b1a2709c170ec4fff4f,167554.180687276165117172,167554.180687276165117172,497.6738795626655995897794,0.203021263264299462,same_tx_swap_flow_allocation
0xd1c77a04b87393e98a1220532e72e8f7d0a31c5a,0xd5b27f55d1b48c5a210d439bdab6958c024b25bb56f8a8879d876b2f55342532,50733274,594,0xb92fe925dc43a0ecde6c8b1a2709c170ec4fff4f,558066.439885525036009648,553675.20539993305096180100000000000000000000000,1678.3814977638126254560158000000000000000000000000000000000000000,0.68467955805691503400000000000000000000000000000000000000000000000,same_tx_swap_flow_allocation
0x2bb2173427bb17b78adaa3d5fad9716328c3d262,0x6d2d517c0a41fa78992628f62cfd7caf697769e597f3b7d315b38eb90513625c,50733312,117,0xb92fe925dc43a0ecde6c8b1a2709c170ec4fff4f,126166.368786784008980042,126166.368786784008980042,397.8646024159836994732476,0.162305030478237748,same_tx_swap_flow_allocation
0x2bb2173427bb17b78adaa3d5fad9716328c3d262,0xeb42648977a49ade1cecd2e66d81c9e504f51e6b8b122fb63391b61358367eb1,50733450,324,0xb92fe925dc43a0ecde6c8b1a2709c170ec4fff4f,68147.721063575483706752,68147.721063575483706752,223.85023176975007516703936312,0.091307751775180792,same_tx_swap_flow_allocation
0xf055acd3193f0bc2a46c06e2b3398c6c9b3c0f97,0x544b901a8a8b79f1a89f34ce64a529ccba6d75e6fcd1764e631447af26930738,50733958,323,0xb92fe925dc43a0ecde6c8b1a2709c170ec4fff4f,489328.520690161516463838,489328.520690161516463838,1691.98480225149620009790725294,0.690154873238041054,same_tx_swap_flow_allocation
0xf055acd3193f0bc2a46c06e2b3398c6c9b3c0f97,0xcfbf8aed7e045a3cb8ca566a27747c1cb3a9647cf5af59473982e58687f4c366,50733963,246,0xb92fe925dc43a0ecde6c8b1a2709c170ec4fff4f,358085.217290576795299079,358085.217290576795299079,1269.26437018276409684496230248,0.517638045859321778,same_tx_swap_flow_allocation
0xf055acd3193f0bc2a46c06e2b3398c6c9b3c0f97,0xd7a16dbff5a692280faf94b457bde4d57ba519cf0ead914b97f8cace6f00e901,50733988,292,0xb92fe925dc43a0ecde6c8b1a2709c170ec4fff4f,924147.978367155924897284,924147.978367155924897284,3425.8922973168239264385813288,1.39716534692629218,same_tx_swap_flow_allocation
0x9a44d4974cad27175458ee071c189c2619f417c0,0xb2b7c3da4d1d469d6c88c82f58c38bc70ea213975990585f947a87c009b67a29,50735515,424,0xbc6d645cd3cf98fecc6f48b1b3fe16f7e8927d4a,49221.858498226408297551,49221.858498226408297551,170.371971,0.0693,same_tx_swap_flow_allocation
0x9a44d4974cad27175458ee071c189c2619f417c0,0x723164f82a564e4f11f5c43fe284f34e0dc70293b5424bb2e3f04d2eb7196935,50736346,380,0xbc6d645cd3cf98fecc6f48b1b3fe16f7e8927d4a,130757.407286889138541675,130757.407286889138541675,413.141599655928,0.1683,same_tx_swap_flow_allocation
0xf055acd3193f0bc2a46c06e2b3398c6c9b3c0f97,0x232bd9b7bb36b553031f0ea04fd772d1f44c5ffbc27cd3bd9f9291e6039b5b44,50736375,386,0xb92fe925dc43a0ecde6c8b1a2709c170ec4fff4f,124342.315339396568778776,124342.31533939656877877500000000000000000000000804231445482148269,394.38644866711533096274432886016309874769987390431782896598236705,0.16065978193905925399999870792351340303638508537419562617234640584,same_tx_swap_flow_allocation
0xf055acd3193f0bc2a46c06e2b3398c6c9b3c0f97,0x7cee9fe29dfb25a0ff2ec3d9710b8ada5481a9bf9ebd25815179c290d1620574,50736384,430,0xb92fe925dc43a0ecde6c8b1a2709c170ec4fff4f,27083.644199993912122583,27083.644199993912122583,86.26394925165759330066952552,0.035141033173965097,same_tx_swap_flow_allocation
0x2bb2173427bb17b78adaa3d5fad9716328c3d262,0x6887aa288f6695a8446aaa5e74293535e87339235c1c857d4b1c426ed7830163,50737031,118,0xb92fe925dc43a0ecde6c8b1a2709c170ec4fff4f,31875.980466164855702272,31875.980466164855702271000000000000000000000031371584038378429576,99.490089892893107707883007728283939279460051688909129587323169924,0.040461475525397696999998730659420238194126163392833294944029826812,same_tx_swap_flow_allocation
0x2bb2173427bb17b78adaa3d5fad9716328c3d262,0x1eebd4dcd287757de7de9239f316694be4e8ad2fd8f4f372cc9deefd1db79883,50737036,236,0xb92fe925dc43a0ecde6c8b1a2709c170ec4fff4f,31789.111206051207768456,31789.111206051207768456,99.39231275244103398463951966,0.040421710686712718,same_tx_swap_flow_allocation
0x2bb2173427bb17b78adaa3d5fad9716328c3d262,0x48947480326ccef335cdfab29d5dbf7f0c722f93cf528976b37a0fe9697b0898,50737040,563,0xb92fe925dc43a0ecde6c8b1a2709c170ec4fff4f,31741.891510312810534268,31741.891510312810534268,99.41786140066641511294164629,0.040432101028162717,same_tx_swap_flow_allocation
0x2bb2173427bb17b78adaa3d5fad9716328c3d262,0x3aeda8653bea1004f78e6ad1cd8ddb54d0237a0e60a1e98b59f557286078c5e4,50737043,110,0xb92fe925dc43a0ecde6c8b1a2709c170ec4fff4f,31681.48810705462993444,31681.48810705462993444,99.40168940782483402325369745,0.040425524064635385,same_tx_swap_flow_allocation
0xf055acd3193f0bc2a46c06e2b3398c6c9b3c0f97,0xd2b6d5176022b65b5a2bb09d3846bb958b5cc3ad0bdc2cf2acd66d61bf039385,50737484,2651,0xb92fe925dc43a0ecde6c8b1a2709c170ec4fff4f,72576.32466700074168186,72576.324667000741681859000000000000000000000013778597973764349544,231.05035280161330680775230617007705015278785715353437532273389631,0.094127309749999355999998703057640602769570370847440982930604804331,same_tx_swap_flow_allocation
0xf055acd3193f0bc2a46c06e2b3398c6c9b3c0f97,0xbc365cb09825abeebe73de96fd5d35d88446e748d8ff082edf96cf19d0a15eb3,50738394,169,0xb92fe925dc43a0ecde6c8b1a2709c170ec4fff4f,989767.310087055196322013,989767.310087055196322013,2987.30775040416912398506613589,1.219699050254284233,same_tx_swap_flow_allocation
0x67505fc71782403718939b4bb3f6ab39be613f4f,0xd76ba0b347987827a8dcc55836f966fd0bf1628bf2a9c2e1b77c0932ecb85266,50738419,3084,0xb92fe925dc43a0ecde6c8b1a2709c170ec4fff4f,2598.361549005761140249,0E-132,0E-132,0E-132,unknown_transfer_or_unpriced_swap
0x2bb2173427bb17b78adaa3d5fad9716328c3d262,0x4d2fa23b95e23989d1a5f4f1c8d1b3da8eb3018cca0c5bb366bf2ba86f7a0bfa,50738433,92,0xb92fe925dc43a0ecde6c8b1a2709c170ec4fff4f,96614.504658151441819444,96614.504658151441819443000000000000000000000010350412741215966197,299.03673873620669392425829217632929309617015924499928634434734050,0.12209482808670880099999873626813573475621775531093150843082697162,same_tx_swap_flow_allocation
0x2bb2173427bb17b78adaa3d5fad9716328c3d262,0x49e7ce653d545f49089575a70b7389a4853951d61135754c65871bf6e3626a3d,50738441,764,0xb92fe925dc43a0ecde6c8b1a2709c170ec4fff4f,80232.254022335021978103,80232.254022335021978102000000000000000000000012463815359364332579,249.24047773767406877364823211270539787394264142176954506294331465,0.10176332650709841999999873164068806081919508698422514079702302084,same_tx_swap_flow_allocation
0xfc90fd5e560471fab35e3703bf5ea4c54acee766,0x761f13543f598e47658abc217e9ee1be9661e2cb1839137e78502d1f75d0c2b2,50739381,95,0xb92fe925dc43a0ecde6c8b1a2709c170ec4fff4f,35827.776952960358064334,35827.776952960358064334,113.42744082341680768750012410,0.046588576681426642,same_tx_swap_flow_allocation
0xfc90fd5e560471fab35e3703bf5ea4c54acee766,0x8d047c7c84f19b0e4ed8200f67493c95dbe11f7adb828912fc4ee4d738296f10,50739890,1147,0xb92fe925dc43a0ecde6c8b1a2709c170ec4fff4f,22941.863476083160175771,22941.863476083160175770000000000000000000000043588438273224740282,72.773541533413389813692483414976946853544879196840675398006636767,0.029821956564622989999998700107487096141469944897324150409127095494,same_tx_swap_flow_allocation
0xc41ff324a9e61417833041c2ccb508683a079bb1,0x0ca3aca933e0381a11d576a2f2a42433a8339454b02c815e4362d09ad520d9c2,50740976,1274,0xb92fe925dc43a0ecde6c8b1a2709c170ec4fff4f,184904.409713671590499208,184904.409713671590499208,628.04468580976088479032,0.256536386692819896,same_tx_swap_flow_allocation
0x4552df0be3b02bfb80c3444b3f1465ee0bdb224c,0xe9215cee7b042b6cedbb194749cf173171b5fa502a4ccd1a351eee98c20271a5,50741118,126,0xb92fe925dc43a0ecde6c8b1a2709c170ec4fff4f,715979.355185615468205854,710476.85523531217418232400000000000000000000000,2425.4001063671875000000000000000000000000000000000000000000000000,0.99069921875000000000000000000000000000000000000000000000000000000,same_tx_swap_flow_allocation
0x4552df0be3b02bfb80c3444b3f1465ee0bdb224c,0x34e2f83a4b2ead4260798f4092e930092865b70b569fc9152ee4af476c924ade,50741132,738,0xb92fe925dc43a0ecde6c8b1a2709c170ec4fff4f,697159.679988011155005315,697159.679988011155005315,2444.497745,0.9985,same_tx_swap_flow_allocation
0xc41ff324a9e61417833041c2ccb508683a079bb1,0xf82dae58236c4a8ac5eac9202d25c39e0ce5b94c7460c412e7c2cb5ead453c1e,50741391,170,0xb92fe925dc43a0ecde6c8b1a2709c170ec4fff4f,123266.632309171754785645,123266.632309171754785645,437.61827232002550616424889826,0.178640816405860453,same_tx_swap_flow_allocation
0xac5fdc54868c317f84aed49d8448594991f62c55,0x76fe3f7f3afc37a0c7fd5a282182a8fe51c093de380f85211a37656e4e36297f,50742281,640,0xb92fe925dc43a0ecde6c8b1a2709c170ec4fff4f,284800.262417806809343615,284800.262417806809343615,994.24719610772364744282586947,0.405188684974680779,same_tx_swap_flow_allocation
0xac5fdc54868c317f84aed49d8448594991f62c55,0xe1ecae77ce5f95012bb9960b64865bd1b4549ecb56a189884289239831a9ac96,50742292,377,0xb92fe925dc43a0ecde6c8b1a2709c170ec4fff4f,280107.799586402484907516,280107.799586402484907516,994.23968677493713257483308343,0.405185624672686751,same_tx_swap_flow_allocation
0xc41ff324a9e61417833041c2ccb508683a079bb1,0x5c88a102e2525753f3a23343ca6cea0e4f081ba9af311c9b270350518aaa8183,50744153,155,0xb92fe925dc43a0ecde6c8b1a2709c170ec4fff4f,310489.090941040013133557,310489.09094104001313355600000000000000000000000322072507272049023,994.92106210030694892558705564278991584152775464295911412206522630,0.40653901927997467699999869064958756578677954037480998120160707922,same_tx_swap_flow_allocation
0xac5fdc54868c317f84aed49d8448594991f62c55,0xa6aabf24d5b74fbadbd8ecfec1f5e93c9f04ae5a04c831aba12f28c37952b724,50744381,83,0xb92fe925dc43a0ecde6c8b1a2709c170ec4fff4f,308650.947376593468616691,308650.94646081783304245000000000000000000000000,995.45009968084635999063551217000000000000000000000000000000000000,0.40592421954155960700000000000000000000000000000000000000000000000,same_tx_swap_flow_allocation
0xac5fdc54868c317f84aed49d8448594991f62c55,0x4d1925da94d8a142cca8e95d54dbe800a0765443f967ad80023634eddf38a765,50744389,95,0xb92fe925dc43a0ecde6c8b1a2709c170ec4fff4f,291088.925620745815435884,291088.92562074581543588300000000000000000000000343537631281404653,954.62335880840189956685740298952549063173477546269386050175005752,0.38927590846058640799999866269076492533236575855361862994286894869,same_tx_swap_flow_allocation
0xc41ff324a9e61417833041c2ccb508683a079bb1,0xbe36c7471c410c178ad80122442177f59d4c2abf0f2954ebc9bd45ec41e48f9d,50746829,953,0xb92fe925dc43a0ecde6c8b1a2709c170ec4fff4f,668950.189627467600926246,668950.189627467600926246,1992.63780664889485544494198907,0.819443281518890819,same_tx_swap_flow_allocation
0x8da2e73785a202263be1b04d3dcc8137181c89c3,0x65235b8131f67df7d9d0b8435acef29dafebfe75ca1a8725516612ba039bf6fd,50747436,778,0xb92fe925dc43a0ecde6c8b1a2709c170ec4fff4f,80347.659394365044815728,80347.659394365044815728,222.4762985615581971099585990,0.09132443891155818,same_tx_swap_flow_allocation
0x8400275efc189259686fa57be45955b740c580d1,0x45ccfe1e14170c2e6718ecd710754ce900170b85e39e079e31d717a6bfef0c99,50749795,203,0xb92fe925dc43a0ecde6c8b1a2709c170ec4fff4f,561157.391219717648652842,561157.39121971764865284100000000000000000000000178203123695194507,1364.6010996619579036972025894882144234166879457903234348995286157,0.56758669855141005499999898854277350295997173964992664459934546928,same_tx_swap_flow_allocation
0x67df1d22c03ce81dcd7c50a65d476b17f4934fd4,0xbd051009a3480ed06ced79f805639e24dbbe04a68382588e1e344b63257344b3,50749855,2,0x7692acc1cdd771d09ebcae3663e1843b2911bec7,554221.913092751939400534,554221.913092751939400534,1396.3376714958,0.579843,same_tx_swap_flow_allocation
0x8400275efc189259686fa57be45955b740c580d1,0x167153e5270c8bb7aea6edca847ed7e2292192e1ef4b80ac7f99a8bac2ea820e,50750049,607,0xb92fe925dc43a0ecde6c8b1a2709c170ec4fff4f,574711.962349229464758801,574711.962349229464758801,1511.5142973622979589659267,0.625630896065209187,same_tx_swap_flow_allocation
0xf055acd3193f0bc2a46c06e2b3398c6c9b3c0f97,0x558f380bcec1ad89a260d323ceeef661f5668c54f95c429aa8f3d56d0239ba39,50751194,234,0xb92fe925dc43a0ecde6c8b1a2709c170ec4fff4f,340272.907067906755790949,340272.90706790675579094800000000000000000000000293881757621224435,895.87656132500868455291736718221546147789481167078441497006989388,0.37055829706863250299999891099676356342461855845815936821448598380,same_tx_swap_flow_allocation
0x2bb2173427bb17b78adaa3d5fad9716328c3d262,0x6774265e7c0f19a5d7c016a02e9d56f8cb3f8dd37257f05ba714d617c8b23049,50751951,293,0xb92fe925dc43a0ecde6c8b1a2709c170ec4fff4f,38982.949182480247279567,38982.949182480247279566000000000000000000000025652240812232362239,99.490553202649249965431990644370703425755823291011215925101418889,0.041210953121366609999998942846706429084788409167090057401152900981,same_tx_swap_flow_allocation
0x2bb2173427bb17b78adaa3d5fad9716328c3d262,0xfa724a21bfe3e8128893adec9de55235dd827e1f2f79ff76ab95f2a85555d84f,50751956,210,0xb92fe925dc43a0ecde6c8b1a2709c170ec4fff4f,77773.485852783475134714,77773.485852783475134713000000000000000000000012857852377774198579,199.05720189794307747549254451188326345388717116640307527179181897,0.082453426499472926999998939826014028121910758156044315377673106628,same_tx_swap_flow_allocation
0x2bb2173427bb17b78adaa3d5fad9716328c3d262,0xbb9cdbbe140b34d5927c2e2a0fa2c3951f6e1a4ab807cc72845aaf090df434ec,50751964,64,0xb92fe925dc43a0ecde6c8b1a2709c170ec4fff4f,98755.805940531597198069,98755.805940531597198068000000000000000000000010125986927818464358,253.85498398687865812937821170775058730111166520831789908006158389,0.10515175067324838799999893523474724546041434459289870899222980501,same_tx_swap_flow_allocation
0xfc90fd5e560471fab35e3703bf5ea4c54acee766,0xae57b83dfaaf9cbb4701d22774e2880b5049284c311750867bc3b07e5aa7b969,50753152,348,0xb92fe925dc43a0ecde6c8b1a2709c170ec4fff4f,119059.609767807349260008,119059.60976780734926000700000000000000000000000839915401999235371,278.78013588412803502212064408270099481139379104450759067368512506,0.11522980705625305199999903216710284052889250332079493605770142145,same_tx_swap_flow_allocation
0x2ff852bc2a42c0b75576c47d647ff71b6517a801,0xc267392afb5a8db63da7a1db4426a61446fab559f51b47ef48add6c490ad2d87,50754022,135,0xb92fe925dc43a0ecde6c8b1a2709c170ec4fff4f,666147.783419969059615567,666147.78341996905961556600000000000000000000000150116839669727719,1477.7740762289556499399277816122593065787676453028549759362261270,0.61438499150994501699999907770466734014558229789458026929651980716,same_tx_swap_flow_allocation
0x8400275efc189259686fa57be45955b740c580d1,0x8a7e16afc12ed726cd7a6777cfa89ddd38d0e6836122dd36c8b66d1fa9966f87,50754046,174,0xb92fe925dc43a0ecde6c8b1a2709c170ec4fff4f,705510.165272896626132857,705510.165272896626132857,1575.22403579152898072759,0.654899839849468871,same_tx_swap_flow_allocation
0x4552df0be3b02bfb80c3444b3f1465ee0bdb224c,0xe5f01f18068df49653873c024cf04152d8f3d9bd09093d15a6924d36126d0bb8,50754189,523,0xf01a4dabfd54d1a6a1812a95f7151e8da851de2e,99.62127034165473365,0E-1812,0E-1812,0E-1812,unknown_transfer_or_unpriced_swap
0x461d5072f3eef08dedc4a7d74fb6d79f99e25e73,0xe5f01f18068df49653873c024cf04152d8f3d9bd09093d15a6924d36126d0bb8,50754189,524,0xf01a4dabfd54d1a6a1812a95f7151e8da851de2e,304.561282635563291733,0E-1878,0E-1878,0E-1878,unknown_transfer_or_unpriced_swap
0x7092b2648127f3e831c279d43cb5494bddc7d5dc,0xe5f01f18068df49653873c024cf04152d8f3d9bd09093d15a6924d36126d0bb8,50754189,545,0xf01a4dabfd54d1a6a1812a95f7151e8da851de2e,224.795305266654610832,0E-3284,0E-3284,0E-3284,unknown_transfer_or_unpriced_swap
0x8da2e73785a202263be1b04d3dcc8137181c89c3,0xe5f01f18068df49653873c024cf04152d8f3d9bd09093d15a6924d36126d0bb8,50754189,564,0xf01a4dabfd54d1a6a1812a95f7151e8da851de2e,421.261687145604444787,0E-4557,0E-4557,0E-4557,unknown_transfer_or_unpriced_swap
0xf055acd3193f0bc2a46c06e2b3398c6c9b3c0f97,0xe5f01f18068df49653873c024cf04152d8f3d9bd09093d15a6924d36126d0bb8,50754189,608,0xf01a4dabfd54d1a6a1812a95f7151e8da851de2e,198.792962288518000676,0E-7487,0E-7487,0E-7487,unknown_transfer_or_unpriced_swap
0xfc90fd5e560471fab35e3703bf5ea4c54acee766,0xe5f01f18068df49653873c024cf04152d8f3d9bd09093d15a6924d36126d0bb8,50754189,612,0xf01a4dabfd54d1a6a1812a95f7151e8da851de2e,2.116873004195998986,0E-7747,0E-7747,0E-7747,unknown_transfer_or_unpriced_swap
0x2bb2173427bb17b78adaa3d5fad9716328c3d262,0x146bf830c8858db864ed3552c539e196a75877d38519a053b96172b3276142f4,50754401,513,0xb92fe925dc43a0ecde6c8b1a2709c170ec4fff4f,110252.954275601140707942,110252.95427560114070794100000000000000000000000907005174210827398,232.83645332186239977888908816132092173012585436519483098010998003,0.096527515786436955999999124490437279843569419350701543593222267247,same_tx_swap_flow_allocation
0xfc90fd5e560471fab35e3703bf5ea4c54acee766,0x1644f0d9297cf46bf8497a379a0d146f4745804062b7ed375bb2eece9b126a3d,50754473,342,0xb92fe925dc43a0ecde6c8b1a2709c170ec4fff4f,187073.328612724763380571,187073.328612724763380571,400.3257007570496662976468,0.165963898041880109,same_tx_swap_flow_allocation
0x2bb2173427bb17b78adaa3d5fad9716328c3d262,0x0140b9934b171ce8443e7f246ce40a1d6780b07b5053062647186e533bcb29aa,50754692,304,0xb92fe925dc43a0ecde6c8b1a2709c170ec4fff4f,69073.200918241521366845,69073.200918241521366844000000000000000000000014477394802995300213,149.21507690815938598643648985442104126927611040599961354566059390,0.061968731687279637999999102854205922367587453778376411476034988200,same_tx_swap_flow_allocation
0x2bb2173427bb17b78adaa3d5fad9716328c3d262,0xf926d345cd083d76b5af8972593579bb84fe481ff871f6fa6a8b3a065bd1a6e4,50754713,65,0xb92fe925dc43a0ecde6c8b1a2709c170ec4fff4f,68811.818005998318693472,68811.818005998318693472,149.13750699724803476632274780,0.061936517053906964,same_tx_swap_flow_allocation
0x9a44d4974cad27175458ee071c189c2619f417c0,0xaf610a70a6ffe16af20ea82c297460457b54a403b2289e4fc7416924e923c993,50756491,329,0xbc6d645cd3cf98fecc6f48b1b3fe16f7e8927d4a,11327.306774021140824323,11327.306774021140824323,23.827454540406,0.0099,same_tx_swap_flow_allocation
0xac5fdc54868c317f84aed49d8448594991f62c55,0x664fcb6f833d1e764e39af653bc6d409a22dd3963db6690569b877e73576e772,50759356,131,0xb92fe925dc43a0ecde6c8b1a2709c170ec4fff4f,861415.163688883414913398,861415.16368888341491339700000000000000000000000116088042346230296,1988.9467313353503152382054561906762834552078546712497680549305735,0.82267391750680740799999904497395427330572274990833866598944650649,same_tx_swap_flow_allocation
0x7c4974927680254e9b2dd5e431d924c49b3ded64,0xe99e06bf8fab01de02658f730c73bc8114e1930ed3f7b297b624845ce94498de,50760469,204,0xb92fe925dc43a0ecde6c8b1a2709c170ec4fff4f,239797.916415826553332925,239797.916415826553332925,497.5328817096533926600776948,0.20658862414783029,same_tx_swap_flow_allocation
0x7c4974927680254e9b2dd5e431d924c49b3ded64,0xf1444122e47a47cefecf0abdf09c7e61b50bbee25c7278d78bb5fe5e492baf7b,50760509,611,0xb92fe925dc43a0ecde6c8b1a2709c170ec4fff4f,15019.408622563237739131,15019.408622563237739131,31.35407168848295126505413736,0.013019028027450378,same_tx_swap_flow_allocation
0x67df1d22c03ce81dcd7c50a65d476b17f4934fd4,0xa6123156190a2f07e19376ae3cb256e40a69fb4489b5f5bc95b7608fd65c4f1d,50765913,232,0x7692acc1cdd771d09ebcae3663e1843b2911bec7,631778.233608032974447338,631778.233608032974447338,1072.1303763544440,0.444312,same_tx_swap_flow_allocation
0x8400275efc189259686fa57be45955b740c580d1,0xb22a11aeb0e6bf64d5bfc432a3f7e0a06df5bcb4d698bd2a2648497450334b2d,50765938,160,0xb92fe925dc43a0ecde6c8b1a2709c170ec4fff4f,1035551.227021982723850863,1035551.227021982723850863,1819.4156003729387163896750420,0.754001753948672516,same_tx_swap_flow_allocation
0xf055acd3193f0bc2a46c06e2b3398c6c9b3c0f97,0xebd390d099b83aaede87049116cccae797b91671f5b7e1f4ded1034deabe6922,50767903,391,0xb92fe925dc43a0ecde6c8b1a2709c170ec4fff4f,680655.731447431173823529,680655.731447431173823529,1167.085876666281280745803980,0.483304627102428276,same_tx_swap_flow_allocation
0x8da2e73785a202263be1b04d3dcc8137181c89c3,0xed1e2490c93818cf5189ce5263203993ff7bf002a0a9250bd82d9800af51f61e,50768702,128,0xb92fe925dc43a0ecde6c8b1a2709c170ec4fff4f,26688.852819331974288116,25854.237740548378213009000000000000000000000000,48.132325020462885471150000000000000000000000000000000000000000000,0.019897694914184385000000000000000000000000000000000000000000000000,same_tx_swap_flow_allocation
0x8da2e73785a202263be1b04d3dcc8137181c89c3,0x8fecd8a179f5791ad0222d26fbacb400776f40c59af948d17758ca8b6abbf43a,50768921,585,0xb92fe925dc43a0ecde6c8b1a2709c170ec4fff4f,26623.033154214384888318,26623.033154214384888318,49.67977602309834474159,0.020537404463473741,same_tx_swap_flow_allocation
0x8da2e73785a202263be1b04d3dcc8137181c89c3,0xe3ca73efe96db6fcec6a2640a5f54a2796f16093da6819c5e8461432f8c966a6,50769097,141,0xb92fe925dc43a0ecde6c8b1a2709c170ec4fff4f,52445.699967825098855011,52445.699967825098855010000000000000000000000019067340136817504276,99.438098913831650902268893739945451468686159503254850247576119273,0.041104185377467471999999216252516361027313798518351779381152090721,same_tx_swap_flow_allocation
0xc41ff324a9e61417833041c2ccb508683a079bb1,0xcc9f6e4b0d16fb97c4a05251d745eb8ad10468012de73db34635c6503df22d14,50770888,86,0xb92fe925dc43a0ecde6c8b1a2709c170ec4fff4f,691206.776541836951538254,691206.77654183695153825300000000000000000000000144674507533488077,1366.9135150487387756111286963246036945457383075092609679618726136,0.56594512308099523499999918122168027277717796362154018377741688124,same_tx_swap_flow_allocation
0xc41ff324a9e61417833041c2ccb508683a079bb1,0x52cd683b431b51045b53bb9b1eebb746383648ff9df4e1ced38e3d237998b8cf,50771097,137,0xb92fe925dc43a0ecde6c8b1a2709c170ec4fff4f,971.583019156630997413,0E-67,0E-67,0E-67,unknown_transfer_or_unpriced_swap
0x5c3e5b6780dc15b705f606f19b6a9206fea39cdf,0x72092d8f3e92fa2002bb80e8b53e30ed11e2973454628f26f2b685d65e23b44e,50771197,123,0x7692acc1cdd771d09ebcae3663e1843b2911bec7,114921.920098536445589305,114921.920098536445589305,239.9123034,0.099,same_tx_swap_flow_allocation
0xc41ff324a9e61417833041c2ccb508683a079bb1,0x58f358712215391885d092a7c50443ea759b0e0ef3e02a138a566c5ad041cc3c,50772169,278,0xb92fe925dc43a0ecde6c8b1a2709c170ec4fff4f,734058.846859768652473788,734058.84685976865247378700000000000000000000000136228860162628837,1550.5871637030509202198996706027810592980739932412127369567456110,0.63997732712275768499999912816618196140872051573666500822533028159,same_tx_swap_flow_allocation
0xfc90fd5e560471fab35e3703bf5ea4c54acee766,0x8da251082edc9de29b27b5d78f172ee3a59aad01e325b112f679ac2ea598f876,50773410,644,0xb92fe925dc43a0ecde6c8b1a2709c170ec4fff4f,257527.591323314155524033,257527.591323314155524033,497.98398659599284566784,0.205945305535058496,same_tx_swap_flow_allocation
0xf055acd3193f0bc2a46c06e2b3398c6c9b3c0f97,0x97af7acda6c60d6eaae1b9588710dfea5abbf49bbeb76a62078fe957cdb02089,50773556,219,0xb92fe925dc43a0ecde6c8b1a2709c170ec4fff4f,453453.570654389942079134,453453.570654389942079134,895.1388382146202077020572,0.370157187872992429,same_tx_swap_flow_allocation
0xc41ff324a9e61417833041c2ccb508683a079bb1,0x0156b6dd37cfb6f59fd38cef1c2c57e4aa3b30ef7a0ffcced1ff8333407e169e,50775071,549,0xb92fe925dc43a0ecde6c8b1a2709c170ec4fff4f,301459.262426709636071949,301459.262426709636071949,515.2150683299769745432287,0.215385809345563161,same_tx_swap_flow_allocation
0xc41ff324a9e61417833041c2ccb508683a079bb1,0xb05718dcbb3736b2d1d2dd8638d7ab9787848155eda6812d7a3501539ea34212,50775382,108,0xb92fe925dc43a0ecde6c8b1a2709c170ec4fff4f,741216.673610461549318935,741216.67361046154931893400000000000000000000000134913316929178963,1308.6148260799461962991606327243323085381058550969886574793945979,0.54588853326583641799999926352367303501558119398060394425531444643,same_tx_swap_flow_allocation
0xc41ff324a9e61417833041c2ccb508683a079bb1,0x5b4044970d3f5f1097e32539d2c540219a165fcfc02c2519c3b65e5f11caf0d1,50775436,562,0xb92fe925dc43a0ecde6c8b1a2709c170ec4fff4f,1036371.203040276206305513,1028394.4485973959750236210000000000000000000000,1974.2988382829659636066220123100000000000000000000000000000000000,0.82357854701005128900000000000000000000000000000000000000000000000,same_tx_swap_flow_allocation
0x67df1d22c03ce81dcd7c50a65d476b17f4934fd4,0xf3d768d2339df92bd172d146a09fc4bee4f3165cf0096b1c5371d4441ad5d45f,50776325,481,0x7692acc1cdd771d09ebcae3663e1843b2911bec7,1214349.283653811920663277,1214349.283653811920663277,1460.45095499074464,0.615582,same_tx_swap_flow_allocation
0x5c3e5b6780dc15b705f606f19b6a9206fea39cdf,0x007894ca168f92b9f3d5c146fb939770b366efdac5d2d57cb8143d66e7440221,50776340,355,0x7692acc1cdd771d09ebcae3663e1843b2911bec7,480682.826090666167828393,480682.826090666167828393,587.186778301200,0.2475,same_tx_swap_flow_allocation
0x9a44d4974cad27175458ee071c189c2619f417c0,0xc82bb8bae8fbfca19d25b67f2f889bd05610115bb0f0b6c6d5e18a32bebbfa43,50776428,363,0xbc6d645cd3cf98fecc6f48b1b3fe16f7e8927d4a,210524.064868175996071379,210524.064868175996071379,281.849653584576,0.1188,same_tx_swap_flow_allocation
0xc41ff324a9e61417833041c2ccb508683a079bb1,0xce407c2c0c963d23d096ec5aa36c76640bda0d7413593f807f52d50305717bdd,50776607,229,0xb92fe925dc43a0ecde6c8b1a2709c170ec4fff4f,695128.676240973540825076,695128.67017245234723049800000000000000000000000,991.63852454499565662964290480000000000000000000000000000000000000,0.41863178783977938800000000000000000000000000000000000000000000000,same_tx_swap_flow_allocation
0xf99d7a743d1b5b2ff28c22b2005cd98def3591de,0xf5ac157df1af68a4a794780d590451941db95d61d1520cdd2684aac70bb20927,50777426,654,0xb92fe925dc43a0ecde6c8b1a2709c170ec4fff4f,14000.356836220334257566,14000.356836220334257565000000000000000000000071426750882013178987,19.868520447033077741031680856139635583233203032632073205564804168,0.0083746637596227089999994018249779208048643614545720631542886863221,same_tx_swap_flow_allocation
0xf99d7a743d1b5b2ff28c22b2005cd98def3591de,0x37d32e25949716ea3d2a2c959d0ce0f17cf405d4835d528596ccd6e2ef3ea591,50777995,694,0xb92fe925dc43a0ecde6c8b1a2709c170ec4fff4f,2406665.954957043221574965,2406665.9549570432215749640000000000000000000000004155125882510974,3474.4245290841657145465452904128712371380998256079033714324647691,1.4703752109946978719999993890405903793396537303141048435125369344,same_tx_swap_flow_allocation
0xf99d7a743d1b5b2ff28c22b2005cd98def3591de,0x7ad1648f738df6857ef47a606a51ec3eb518bec93d389c45e3287e5535acdc94,50778008,961,0xb92fe925dc43a0ecde6c8b1a2709c170ec4fff4f,694293.036405614580471031,694293.03640561458047103000000000000000000000000144031402817611961,1042.0974803585837704164662664123803125435189473137444332443147344,0.44101527885632114899999936479950722323741180754022352461211614893,same_tx_swap_flow_allocation
0xf99d7a743d1b5b2ff28c22b2005cd98def3591de,0x1cc308925fc35b0adf077fbb69f7fdd6f4cfaa6edd055d07bb0118c7088543f1,50778014,216,0xb92fe925dc43a0ecde6c8b1a2709c170ec4fff4f,612956.424422347801153299,612956.42442234780115329800000000000000000000000163143734229134374,938.35302427244510602415986305583594991739172436787431798788687694,0.39711066235644982799999935213883640963833000795441943884510532767,same_tx_swap_flow_allocation
0xf99d7a743d1b5b2ff28c22b2005cd98def3591de,0x2a6ddad040838eabc7042c5a273e0656ede6e0c31da182a0723ad9ac1ab3b706,50778018,553,0xb92fe925dc43a0ecde6c8b1a2709c170ec4fff4f,1335246.180414481724909364,1302182.1264651532683581680247625152831853422741316709194359841997,2059.9120614724563451687343097591956363981021667876175790209506887,0.87175404348658230699999934712111049366496691980535363793698674853,same_tx_swap_flow_allocation
0xf99d7a743d1b5b2ff28c22b2005cd98def3591de,0x847c1ce9ddcb30f5c946a8ec0cf87047cde158f2c3288e47e3534ad0d790ce83,50778029,420,0xb92fe925dc43a0ecde6c8b1a2709c170ec4fff4f,391432.315896910094867374,391432.315896910094867374,633.57151956655071275508878496,0.268127239191595989,same_tx_swap_flow_allocation
0xf99d7a743d1b5b2ff28c22b2005cd98def3591de,0x94b40707db772bdc8c13829e8830b978c4cc813ef4a1c46080ed0e483fabee5b,50778036,674,0xb92fe925dc43a0ecde6c8b1a2709c170ec4fff4f,348103.635891388272437276,348103.63589138827243727500000000000000000000000287270771372238625,569.98482989282868986304819012018246212885648593042031628934396054,0.24121737499313594299999930705298617335293998152251914527027617425,same_tx_swap_flow_allocation
0xf99d7a743d1b5b2ff28c22b2005cd98def3591de,0x833a916f6c16c0ea86b92b49ebbd5bf8a0db314f9997bd43b377e57af9d03acd,50778042,84,0xb92fe925dc43a0ecde6c8b1a2709c170ec4fff4f,310231.487134619309826558,310231.487134619309826558,512.65626880089679950264618048,0.216955948559506882,same_tx_swap_flow_allocation
0xf99d7a743d1b5b2ff28c22b2005cd98def3591de,0x464279ff7c687efe5ad1d4e27b2f970f84ffd451813b3e0cee2eee9125042521,50778045,474,0xb92fe925dc43a0ecde6c8b1a2709c170ec4fff4f,276372.608472427918114425,276372.608472427918114425,461.5065425137402303616476128,0.19530940279279727,same_tx_swap_flow_allocation
0xf99d7a743d1b5b2ff28c22b2005cd98def3591de,0x64470bc3ee581dfd06e6db82739bcedd4b4096a8c2b4a7b79b733386eacda304,50778049,288,0xb92fe925dc43a0ecde6c8b1a2709c170ec4fff4f,246704.734276360529761953,246704.73427636052976195200000000000000000000000405342849594362609,416.03822682745376648311311361879597574092940442427632516345604830,0.17579183748737352399999928744035657438919086202393630681994702827,same_tx_swap_flow_allocation
0xf99d7a743d1b5b2ff28c22b2005cd98def3591de,0x7884d6baedc7b8292d77e22a7288503d0945ab64782a9168e5dc175ff8065a13,50778053,471,0xb92fe925dc43a0ecde6c8b1a2709c170ec4fff4f,220178.543775748933055241,220178.543775748933055241,374.5149288444512491420674,0.158246678460448062,same_tx_swap_flow_allocation
0xf99d7a743d1b5b2ff28c22b2005cd98def3591de,0xf7a7b2579a02f83ac28797ffe81e78a3b2f9088882f86bee032d90ab82c39de6,50778057,220,0xb92fe925dc43a0ecde6c8b1a2709c170ec4fff4f,196991.969363099468084077,196991.96936309946808407600000000000000000000000507634906759463049,337.04790594068273783712448902717694329246549679196630938968589297,0.14241544859568230599999927704947031023709794715209642267734758588,same_tx_swap_flow_allocation
0xf99d7a743d1b5b2ff28c22b2005cd98def3591de,0xe892b345058507fb2cb0867d16ea3f6f57aa4c81b158fd6fc4ae0bbf198ca962,50778062,102,0xb92fe925dc43a0ecde6c8b1a2709c170ec4fff4f,1705129.253933722938307527,1705129.2392496463181897750000000000000000000000,3031.2654663894421036770699000000000000000000000000000000000000000,1.2808239529143596370000000000000000000000000000000000000000000000,same_tx_swap_flow_allocation
0x9a44d4974cad27175458ee071c189c2619f417c0,0x6cf530d2218aae9b5fdc92ff24bf11ed03efb75d84380bbc592a458490bd2db0,50778497,8,0xbc6d645cd3cf98fecc6f48b1b3fe16f7e8927d4a,740103.290209276796016458,740103.290209276796016458,1167.264945,0.495,same_tx_swap_flow_allocation
0x9a44d4974cad27175458ee071c189c2619f417c0,0x1df604b1ad0d7f3c6bd66325bd77af52f964b523dbc69538b833c40e5d585779,50778504,16,0xbc6d645cd3cf98fecc6f48b1b3fe16f7e8927d4a,145296.693136638293653365,145296.693136638293653365,233.452989,0.099,same_tx_swap_flow_allocation
0x9a44d4974cad27175458ee071c189c2619f417c0,0x32472e096107a41bd04f586a6dbd6f8df1ca9c2bcd9e80d2a0a247f6484ae5ff,50778950,505,0xbc6d645cd3cf98fecc6f48b1b3fe16f7e8927d4a,396206.607946978706257681,396206.607946978706257681,585.873221969475,0.2475,same_tx_swap_flow_allocation
0xc41ff324a9e61417833041c2ccb508683a079bb1,0x9c9cd39a2c30b0198afb882c9e268a3b11e38894f23c3de6c686a5002a628ab3,50778996,1755,0xb92fe925dc43a0ecde6c8b1a2709c170ec4fff4f,275900.337822325863720235,275900.337822325863720235,419.2417786585320820402094906,0.176821703973546662,same_tx_swap_flow_allocation
0xfc90fd5e560471fab35e3703bf5ea4c54acee766,0x1603059be40051055f1ffab95157a2633f748e52dd4fcd159561179b604bcca5,50779312,190,0xb92fe925dc43a0ecde6c8b1a2709c170ec4fff4f,204559.561042441565928493,204559.56104244156592849200000000000000000000000488855174944632487,304.53536854432615058637335861309133435310350974284672541250881568,0.12845570402452130499999937203764336456706005423617811591267475952,same_tx_swap_flow_allocation
0xc41ff324a9e61417833041c2ccb508683a079bb1,0x2089f6c58e4975080d3460411ab7f1954a32ef18fe834eda42b5c0edfafb5fed,50779368,117,0xb92fe925dc43a0ecde6c8b1a2709c170ec4fff4f,460885.204039790518115678,460885.20403979051811567700000000000000000000000216973769440787909,698.53826269967222583996391688520043432782019638693649955465733665,0.29464959932918833899999936068765769328153641081664012819259486537,same_tx_swap_flow_allocation
0xf99d7a743d1b5b2ff28c22b2005cd98def3591de,0xf20aa914f4e96f622f29680042e6c97c44b4b9e3ba4c0b2534ef59906581188b,50779917,155,0xb92fe925dc43a0ecde6c8b1a2709c170ec4fff4f,179196.751706071912896161,179196.75170607191289616000000000000000000000000558045829781699075,241.51694280541204646534082652477245814678079288464149266484087609,0.10149765111797400999999943359659060976796805355637885443384738400,same_tx_swap_flow_allocation
0xf99d7a743d1b5b2ff28c22b2005cd98def3591de,0xe2a73a05e163bcae401bb5e72e87451598e53b528d9344444b699a9f49eb7fbc,50780174,109,0xb92fe925dc43a0ecde6c8b1a2709c170ec4fff4f,183200.563319211640456324,183200.56331921164045632300000000000000000000000545849849957930391,232.46328477416443225178074233950885294700269619408221437848011806,0.097880075547815747999999465721754483538826305008345617378320328398,same_tx_swap_flow_allocation
0xc41ff324a9e61417833041c2ccb508683a079bb1,0x18e28a6a350df2ecbd412817dd8881313ddf4537c1190c53492bf784c7c2be9c,50780607,248,0xb92fe925dc43a0ecde6c8b1a2709c170ec4fff4f,2236875.541534877928270166,2236875.541534877928270166,2984.9860209332362007657187,1.254940704061287219,same_tx_swap_flow_allocation
0xf055acd3193f0bc2a46c06e2b3398c6c9b3c0f97,0xa288e21f2d001af487fc7ba9d09196b8501d4b017c4a7ab750f06912e144c60a,50780689,815,0xb92fe925dc43a0ecde6c8b1a2709c170ec4fff4f,75888.500119945536493934,75888.500119945536493934,108.7167830989000153790463,0.045706450673010831,same_tx_swap_flow_allocation
0xc41ff324a9e61417833041c2ccb508683a079bb1,0x17a26c62fad7f02b76a3a2700bebe25772eb05cbb20494497b5c512f198efc64,50781301,151,0xb92fe925dc43a0ecde6c8b1a2709c170ec4fff4f,878289.811712588194098537,878289.811712588194098537,1278.0814247710975218658024464,0.535439496914114701,same_tx_swap_flow_allocation
0x2bb2173427bb17b78adaa3d5fad9716328c3d262,0x40cec4b95fb6740fb5a7a25423d8f0139b4e522998099b6d50fe62bd1a407bb2,50781503,666,0xb92fe925dc43a0ecde6c8b1a2709c170ec4fff4f,50856.453230880297914155,50856.453230880297914155,74.3768868806589897499341792,0.031159456761959078,same_tx_swap_flow_allocation
0xf99d7a743d1b5b2ff28c22b2005cd98def3591de,0x2baccc3a9bae448ed6d030e07676ef8a6216d77e41e53ac31bf3b28085c0a994,50781610,254,0xb92fe925dc43a0ecde6c8b1a2709c170ec4fff4f,157950.299722178768685468,157950.29972217876868546700000000000000000000000633110542847285194,203.10714175630459039211608850727226505494861459094512354455153534,0.085089716268379970999999461288035426044823455186659247161514558739,same_tx_swap_flow_allocation
0x8400275efc189259686fa57be45955b740c580d1,0xd6892e61f2c4549a74b4b06e68b3b6f1b1a19009be7f69a2248e19629c563de7,50781619,618,0xb92fe925dc43a0ecde6c8b1a2709c170ec4fff4f,887033.65013248746585697,887033.65013248746585696900000000000000000000000112735294749036845,1162.4736790892264391370918366818714987878832642400056338529720864,0.48700678207486857299999945097146878009737937732101277240906162262,same_tx_swap_flow_allocation
0x7c4974927680254e9b2dd5e431d924c49b3ded64,0x44028d3a195d2cab990b6181a90fe7b25c5402f449140230c166ee7963a566ed,50781862,415,0xb92fe925dc43a0ecde6c8b1a2709c170ec4fff4f,1219679.758011689186622112,1219679.7580116891866221110000000000000000000000008198873461917503,1650.6469736937143697809693207154332388167152183921571627846924548,0.69292758786539192899999943187743888199295805738967025423380712855,same_tx_swap_flow_allocation
0x8da2e73785a202263be1b04d3dcc8137181c89c3,0x6829ac2cc3ba85e913aca0857cdd08072c37dbf22cbd6d11fa6a6addcccb6e61,50782434,756,0xb92fe925dc43a0ecde6c8b1a2709c170ec4fff4f,82167.294843679201496118,82167.294843679201496117000000000000000000000012170292351749802868,114.29107451691480034133470904420993352500982143640037997223941083,0.047978724545693438999999416084895614836604077501052898291240256557,same_tx_swap_flow_allocation
0xc41ff324a9e61417833041c2ccb508683a079bb1,0xbaab8805b4d3cb83a2f58ef1c59c5e1d568d71ae6836bd46cc1ac77afbf04a53,50782632,104,0xb92fe925dc43a0ecde6c8b1a2709c170ec4fff4f,331568.450324898534613283,331568.450324898534613283,446.6873727637113928691379,0.187516746224113821,same_tx_swap_flow_allocation
0x8da2e73785a202263be1b04d3dcc8137181c89c3,0x988968c272e44b0b299a8b00785e6afeb8dc7c30960055b6c01e0aeed37185d8,50783162,135,0xb92fe925dc43a0ecde6c8b1a2709c170ec4fff4f,62959.273799913755503106,62959.273799913755503106,87.4246104080991098222,0.036643729737655759,same_tx_swap_flow_allocation
0xc41ff324a9e61417833041c2ccb508683a079bb1,0xc889a4bdf87034b050c4e24b9f419b39e4a9218597969fe61109c1171768a0bf,50783315,751,0xb92fe925dc43a0ecde6c8b1a2709c170ec4fff4f,500006.099117123365301325,500006.09911712336530132400000000000000000000000199997560382909675,680.02200660083583545159863997257673141933667434542514742623487808,0.28502892388332460199999942994910584769022410694334191777442990950,same_tx_swap_flow_allocation
0xc41ff324a9e61417833041c2ccb508683a079bb1,0xa4fb694902fa4afb4468b9e8c55b8d98f4003898a78e415cde1dac752e0328ce,50784804,1443,0xb92fe925dc43a0ecde6c8b1a2709c170ec4fff4f,689863.630600788659001831,689863.630600788659001831,913.432024277838088296,0.379332235995779937,same_tx_swap_flow_allocation
0xc41ff324a9e61417833041c2ccb508683a079bb1,0x47adfd10286ea5ab0805209c18f8507bd371e264fe4268fb53230561d7fc6d57,50784972,1014,0xb92fe925dc43a0ecde6c8b1a2709c170ec4fff4f,699232.634758800352411322,699232.634758800352411322,916.66891339969568759635336999,0.381380173296029887,same_tx_swap_flow_allocation
0xc41ff324a9e61417833041c2ccb508683a079bb1,0xe7d04a16473ea182b8e70c084635043693bbda022deaa63eede297bbdefc67ea,50785094,256,0xb92fe925dc43a0ecde6c8b1a2709c170ec4fff4f,1489684.390377478887980353,1489684.3903774788879803520000000000000000000000006712831298088616,1907.1547447568196604573787197591939098215396971519464201565409886,0.79591131953510350199999946571815837217480237257978141138913900343,same_tx_swap_flow_allocation
0xc41ff324a9e61417833041c2ccb508683a079bb1,0x10c5784cca3bedd63bd334d8792f45f6078890c24fe21152498fde81ed1b64ac,50785199,608,0xb92fe925dc43a0ecde6c8b1a2709c170ec4fff4f,154330.326691973988031324,154330.326691973988031324,198.96171027897471204048,0.083032526752458992,same_tx_swap_flow_allocation
0xf99d7a743d1b5b2ff28c22b2005cd98def3591de,0x78a4fa4d4d535eaf474fa073e4d65c22f71cc21d31cab9fe380674da673ae273,50785223,471,0xb92fe925dc43a0ecde6c8b1a2709c170ec4fff4f,152938.312713698899636944,152938.312713698899636944,197.37513174549130347459,0.082370401239255361,same_tx_swap_flow_allocation
0x8da2e73785a202263be1b04d3dcc8137181c89c3,0x4ba8209e5a500616c08f816a79c88b8bfe7de9a6f50e129f53e4483dc71e3fbb,50785651,283,0xb92fe925dc43a0ecde6c8b1a2709c170ec4fff4f,78629.373305701841991056,78629.373305701841991056,99.4193451665296189693040,0.041441773535568305,same_tx_swap_flow_allocation
0xfc90fd5e560471fab35e3703bf5ea4c54acee766,0xf3157077cd67c516fcfa46de934a276c801c157e09fa4a0c5c63c98140705233,50786213,806,0xb92fe925dc43a0ecde6c8b1a2709c170ec4fff4f,162233.951702483973352535,162233.95170248397335253400000000000000000000000616393787802118206,170.14195944911632523628706991553151084791135651333496042646308688,0.071294739526125785999999560543654531259327339353753663505474579060,same_tx_swap_flow_allocation
0xf99d7a743d1b5b2ff28c22b2005cd98def3591de,0xccd165dc3551a4a0f849166336c8767fc226c97ba9fc3e9f66c9287c2577a0fc,50786416,107,0xb92fe925dc43a0ecde6c8b1a2709c170ec4fff4f,352996.917360425000825612,352996.917360425000825612,391.8739565729314773996,0.16429671660305031,same_tx_swap_flow_allocation
0xf99d7a743d1b5b2ff28c22b2005cd98def3591de,0x3d3efa64ac1f4f04a5f524b43d614de0d0bf6e8939e31264456d5d2ac77300ee,50786435,212,0xb92fe925dc43a0ecde6c8b1a2709c170ec4fff4f,310592.495563859253567413,310592.495563859253567413,348.52971243513474328752,0.146124248450894172,same_tx_swap_flow_allocation
0x9a44d4974cad27175458ee071c189c2619f417c0,0xfb2108e7b0ef4d34365828b660ddb970b47a3f54b0919aea6f8eaacf86555f72,50786539,348,0xbc6d645cd3cf98fecc6f48b1b3fe16f7e8927d4a,38045.150189335006581456,38045.150189335006581456,42.6027151927278,0.01782,same_tx_swap_flow_allocation
0xc41ff324a9e61417833041c2ccb508683a079bb1,0xeb750a2fee7e741291e4e41870df638130e08bed4d4ef8a3f3c646ccc23c4320,50786665,375,0xb92fe925dc43a0ecde6c8b1a2709c170ec4fff4f,213267.499980664799320755,213267.499980664799320755,242.010362628924842307848894,0.101446756995154462,same_tx_swap_flow_allocation
0xc41ff324a9e61417833041c2ccb508683a079bb1,0x309d0cf6188de31a80ee18a29d159eba5cafffffbe994f432bc4b37ed5d2bc52,50786774,970,0xb92fe925dc43a0ecde6c8b1a2709c170ec4fff4f,33465.177968574037483507,33465.177968574037483507,37.892750718422123346780732,0.015884016834039036,same_tx_swap_flow_allocation
0x8400275efc189259686fa57be45955b740c580d1,0x40346439e83f8c90918a650f7e3c82030d45e329aa26249f4e8b21aa9bbc22d9,50787096,610,0xb92fe925dc43a0ecde6c8b1a2709c170ec4fff4f,364183.745178711926691967,364183.74517871192669196600000000000000000000000274586664901609181,432.58505224901448259740381648913216654761254661915059956975413389,0.18095732317651108099999950311532139439155159801977845319585702640,same_tx_swap_flow_allocation
0x211c8e97a504d2d142bc945334d4a88bd3270b4d,0xf9dd9740ad90de64006a01e12cda45aee006f47ad25128a6bb72ac9d1a287823,50788177,521,0xb92fe925dc43a0ecde6c8b1a2709c170ec4fff4f,158728.591563601848797492,158728.59156360184879749100000000000000000000000630006220145476687,166.97900463379340282645386515188447009781609351421929537273811613,0.069799460165163542999999560259059331505463642099601739396572500811,same_tx_swap_flow_allocation
0x211c8e97a504d2d142bc945334d4a88bd3270b4d,0xd4dbb29f82cbf7ab8eed500bb8fb20ee217317270028e3401515ec7a75801628,50788227,327,0xb92fe925dc43a0ecde6c8b1a2709c170ec4fff4f,2038017.741192178730464571,2038017.7411921787304645700000000000000000000000004906728630414327,2288.2363901368268321834741503144991359703468691727685595386999145,0.95651345576118749899999953066480412400332638016533774569720728399,same_tx_swap_flow_allocation
0x8400275efc189259686fa57be45955b740c580d1,0xb82ca5117e19c3e8b16abc980db3caa519037d9abc7b9e498abf97870fab914d,50794207,163,0xb92fe925dc43a0ecde6c8b1a2709c170ec4fff4f,255438.138748323893876089,255438.138748323893876088000000000000000000000003914842180185443,248.72179425712156889132321304342871081499986715120585227963720658,0.10435043769720736499999959148450498215948058809002894329914336538,same_tx_swap_flow_allocation
0x8400275efc189259686fa57be45955b740c580d1,0xe43abf8d277782bd69cbaf49b9f1c5933a2229fb9fdde95d672dd1f944d4f285,50794453,148,0xb92fe925dc43a0ecde6c8b1a2709c170ec4fff4f,1136457.302915473647394916,1136457.302915473647394916,971.32637869506569891555293265,0.407516892785407127,same_tx_swap_flow_allocation
0x8400275efc189259686fa57be45955b740c580d1,0x711bfbd119ebd7ce17eabe75795dc81a6a5ead63b807cb6e6998770b0996cc51,50794477,608,0xb92fe925dc43a0ecde6c8b1a2709c170ec4fff4f,525495.385402118848842724,525495.385402118848842724,481.17966438226257312012518510,0.201877397753802818,same_tx_swap_flow_allocation
0x8b87ba04b378efc94d42f6d82ef7e6f52e48e4fd,0xf53dac317c8bae5316b501863f0ee3691c0207e56aa8849aad9ffe8082fbbdc1,50794648,119,0xb92fe925dc43a0ecde6c8b1a2709c170ec4fff4f,1294043.565477103269271398,1294043.5654771032692713980000000000000000000000,1228.0321558629583041166817845078202364023245532710582929548048094,0.51444138570135633727782132112627956050311315157792672262709618517,same_tx_swap_flow_allocation
0x8b87ba04b378efc94d42f6d82ef7e6f52e48e4fd,0x9c5c5dcc50174d291d6eca3e09727411c2dcb65bc05cccd07fae683d3e59648b,50794653,314,0xb92fe925dc43a0ecde6c8b1a2709c170ec4fff4f,1254246.394270043679081276,1254246.394270043679081276,1227.25895125997051850608724015,0.514117478509274559,same_tx_swap_flow_allocation
0x8b87ba04b378efc94d42f6d82ef7e6f52e48e4fd,0x3a7e298ae2d70c6e6aa6d86a4629fbadbd26058f5e31daaad1ce123fedd23896,50794659,658,0xb92fe925dc43a0ecde6c8b1a2709c170ec4fff4f,1216474.014826269188870145,1176643.5136006412916788355367666783553325353761755789558178315042,1187.1570969481520205820428680129989396859456732772739002443785958,0.49731820057272187711982679918430841886367348246572825204556137301,same_tx_swap_flow_allocation
0x8b87ba04b378efc94d42f6d82ef7e6f52e48e4fd,0x46fd9d16ffe4ec51524722cdeb8eb9f0d1b4d2fb8838a934860e81354ec4f3c8,50794667,214,0xb92fe925dc43a0ecde6c8b1a2709c170ec4fff4f,191855.457778891535621959,186996.23374428591657755800000000000000000000000,191.73604253169600177313992150000000000000000000000000000000000000,0.080321150336316790000000000000000000000000000000000000000000000000,same_tx_swap_flow_allocation
0xdbb81a78349a9087c7e4cc3ac42f195ce4b5e649,0xa11888752a37c2d93a1c1bbe97a31f4c1960da60a8e99afeda01f3d729c257f2,50795918,291,0xb92fe925dc43a0ecde6c8b1a2709c170ec4fff4f,2448252.187808926975704996,2448252.187808926975704996,2459.04319924127021919372774215,1.028711725369730155,same_tx_swap_flow_allocation
0xdbb81a78349a9087c7e4cc3ac42f195ce4b5e649,0xf2427aa9e9edd911638924a9295ddc0d9d10d29222d8bb035b2cdcc9c2017ac4,50795931,39,0xb92fe925dc43a0ecde6c8b1a2709c170ec4fff4f,131482.336826868385525561,131482.3368268683855255600000000000000000000000076055843251156016,136.89943299607076861254206534981828787058246886585385849654796882,0.057270263476045634999999564426181811346771499833767859382972011172,same_tx_swap_flow_allocation
0x2bb2173427bb17b78adaa3d5fad9716328c3d262,0x38e743eade6aef376c34e17c913e9962e3a9dcd1ffcb6dda87708fec60b22691,50796038,241,0xb92fe925dc43a0ecde6c8b1a2709c170ec4fff4f,289773.809920003834983112,289773.809920003834983112,304.00769235651780233426716755,0.126987257132195115,same_tx_swap_flow_allocation
0x2ff852bc2a42c0b75576c47d647ff71b6517a801,0x545a2271c65dca9db5aa9aa19e43f3beb73af1a9a0693dda89553d4df120863f,50799521,220,0xb92fe925dc43a0ecde6c8b1a2709c170ec4fff4f,1703702.833785826045647797,1703702.8337858260456477960000000000000000000000005869568214416147,1991.1359366499292896483653256291795657852926040454403056325960022,0.83621229187550765399999950917949111034429184611095294688992845340,same_tx_swap_flow_allocation
0x8400275efc189259686fa57be45955b740c580d1,0xbcdb548860c2061aa4341fc68ca9d2ac5514a58360cf4c4a8dd7db0fc22bf120,50800998,159,0xb92fe925dc43a0ecde6c8b1a2709c170ec4fff4f,1552090.070890095736569648,1552090.070890095736569647000000000000000000000000644292505155012,1993.0373501919809382953429159009727773015976893746231293671749500,0.83647987417697397399999946106228635476817862265892248107585788048,same_tx_swap_flow_allocation
0x4552df0be3b02bfb80c3444b3f1465ee0bdb224c,0xeedbf7eb1cc084f0796f5ccca8707d549cb25cfdaa0e70956e164c76f2405654,50802851,393,0xf01a4dabfd54d1a6a1812a95f7151e8da851de2e,142.524823738391832913,0E-1945,0E-1945,0E-1945,unknown_transfer_or_unpriced_swap
0x461d5072f3eef08dedc4a7d74fb6d79f99e25e73,0xeedbf7eb1cc084f0796f5ccca8707d549cb25cfdaa0e70956e164c76f2405654,50802851,394,0xf01a4dabfd54d1a6a1812a95f7151e8da851de2e,435.725653530661306342,0E-2011,0E-2011,0E-2011,unknown_transfer_or_unpriced_swap
0x8da2e73785a202263be1b04d3dcc8137181c89c3,0xeedbf7eb1cc084f0796f5ccca8707d549cb25cfdaa0e70956e164c76f2405654,50802851,428,0xf01a4dabfd54d1a6a1812a95f7151e8da851de2e,778.292799948139350058,0E-4288,0E-4288,0E-4288,unknown_transfer_or_unpriced_swap
0xfc90fd5e560471fab35e3703bf5ea4c54acee766,0xeedbf7eb1cc084f0796f5ccca8707d549cb25cfdaa0e70956e164c76f2405654,50802851,471,0xf01a4dabfd54d1a6a1812a95f7151e8da851de2e,459.312093005297043522,0E-7146,0E-7146,0E-7146,unknown_transfer_or_unpriced_swap
0x25eded2339466d3b7daf552b24d9b6e09b409b4b,0xadaeba2457afcbab8eede4f58fc38d58b9c9d304a228de22409c5bc9f4a3dc22,50807409,651,0x7692acc1cdd771d09ebcae3663e1843b2911bec7,2037879.284934430910612359,2037879.284934430910612359,2406.1587,1,same_tx_swap_flow_allocation
0xf5a838dbd68b60d4c25a97616510e0971250181e,0x799f03d2dae8c15fe1fd3de7b0a009f9a542f5d355c6799f533797944312311d,50808823,124,0xd93c912670b26d8565e9a0629f1769b3a0bed0a4,4500000,0E-65,0E-65,0E-65,unknown_transfer_or_unpriced_swap
0x67505fc71782403718939b4bb3f6ab39be613f4f,0xa0669ce35f9dbd6b5125d56afb408b50974740f8d92fb08e9edd28d6001a25b2,50812847,348,0xb92fe925dc43a0ecde6c8b1a2709c170ec4fff4f,10955.969370943293695866,10131.975688010582281482000000000000000000000000,12.753885808733866184431953840000000000000000000000000000000000000,0.0053086627727693770000000000000000000000000000000000000000000000000,same_tx_swap_flow_allocation
0x8400275efc189259686fa57be45955b740c580d1,0x469902d00204132e6f494bd19a45a5cbafabc5ab1910422fd29797271cf7fce7,50814176,234,0xb92fe925dc43a0ecde6c8b1a2709c170ec4fff4f,705226.091400200143853584,705226.091400200143853584,998.68775859298310584646871874,0.414739705326083954,same_tx_swap_flow_allocation
0xd1c77a04b87393e98a1220532e72e8f7d0a31c5a,0xb0b068e8b7fd396e08a8dfcc47e423c3668d479ff6e9890772885257384dc0b0,50815009,290,0xb92fe925dc43a0ecde6c8b1a2709c170ec4fff4f,42190.215747840825991448,42190.215747840825991448,64.0718044639214794981885385,0.02652085619727179,same_tx_swap_flow_allocation
0xd1c77a04b87393e98a1220532e72e8f7d0a31c5a,0x188e435d962cda7093e3f1ba80848bcc5f728a0cfca06aaed7a0d70a9c220690,50815122,363,0xb92fe925dc43a0ecde6c8b1a2709c170ec4fff4f,28716.615494715792107755,24374.572976012135402933000000000000000000000000,39.906212012276434426319400760000000000000000000000000000000000000,0.016561816516726822000000000000000000000000000000000000000000000000,same_tx_swap_flow_allocation
0xacf022d57bd37b7aafaa39b92be73ebf8540d4ec,0x97691abe1d62a3c0e518340b513f4b19a9cba9159b3a1ee826911dc26f22c078,50815311,368,0xb92fe925dc43a0ecde6c8b1a2709c170ec4fff4f,1592933.114622146436302094,1592933.1146221464363020930000000000000000000000006277727487868856,2953.2518347720006549224821460289778252678156898921580626419395637,1.2259921697505236299999992303555256045157065927813684271135039778,same_tx_swap_flow_allocation
0xacf022d57bd37b7aafaa39b92be73ebf8540d4ec,0x66f4ed2b9613bd7f5d936510cb9757123f3c675791faf6ebae5208fa92b65bc6,50815315,331,0xb92fe925dc43a0ecde6c8b1a2709c170ec4fff4f,1506644.194768502441321506,1506644.194768502441321506,2952.1492750383794620906044,1.225534460866985033,same_tx_swap_flow_allocation
0xacf022d57bd37b7aafaa39b92be73ebf8540d4ec,0x433cf0cf0d7ad871a362535a9de3b718a236e77d35a88e4616782dada1d070b6,50815341,1113,0xb92fe925dc43a0ecde6c8b1a2709c170ec4fff4f,1712878.728489042522792032,1671731.6878521238972145750240221563573359815987864482320863953794,3572.6030358469340427251019142697165733479509622399453670810912797,1.4831052658648182799999991341446179478865128458908335517269328797,same_tx_swap_flow_allocation
0xacf022d57bd37b7aafaa39b92be73ebf8540d4ec,0xaed89931e5acf1b7bf190cbc219c4169b041142103a5c8f2ad961631889d2104,50815376,402,0xb92fe925dc43a0ecde6c8b1a2709c170ec4fff4f,1179656.425789485017092886,1179656.4257894850170928850000000000000000000000008477044486327873,2251.9606673170963390112908910029241692370302066793759148493590984,0.93486309301830069599999920751239718577923453745112677664425409423,same_tx_swap_flow_allocation
0x8400275efc189259686fa57be45955b740c580d1,0x1dd1ceaf5f5f11d1258b83ddcea8ba8ea3bcb8c12b95a46c5929da086031d96d,50817782,117,0xb92fe925dc43a0ecde6c8b1a2709c170ec4fff4f,570968.732823711193342385,570968.732823711193342385,971.20554962278978727121940458,0.403935530993874826,same_tx_swap_flow_allocation
0x8400275efc189259686fa57be45955b740c580d1,0x37e4ee508d513baf1704a18659e5d680f052375358054af19bafabefd158b5cc,50817809,450,0xb92fe925dc43a0ecde6c8b1a2709c170ec4fff4f,520979.265365080441238462,520979.265365080441238462,901.52019230338580762502024612,0.374952591365652964,same_tx_swap_flow_allocation
0x9a44d4974cad27175458ee071c189c2619f417c0,0x2e792bcdc1c46b1e2c39c0142092c7fb57cfbe914b50948d515ea3ecebecd7cd,50820370,358,0xbc6d645cd3cf98fecc6f48b1b3fe16f7e8927d4a,179857.072974356720152171,179857.072974356720152171,321.17306999291415,0.134145,same_tx_swap_flow_allocation
0xf055acd3193f0bc2a46c06e2b3398c6c9b3c0f97,0x01730219c37b54d150002c46169a9e36d9876197ed8db340ef31649a865878b3,50824545,464,0xb92fe925dc43a0ecde6c8b1a2709c170ec4fff4f,578350.78249279337077756,578350.78249279337077756,981.44085699694496004065,0.407922382841266427,same_tx_swap_flow_allocation
0xf055acd3193f0bc2a46c06e2b3398c6c9b3c0f97,0x41ddac7c5bbecdcb9cdd711fa56103c14d317a741550d7c379b5c7c32e6a6010,50824570,883,0xb92fe925dc43a0ecde6c8b1a2709c170ec4fff4f,424857.646917114181397413,424857.646917114181397413,735.93578932282531602205,0.305881580798780239,same_tx_swap_flow_allocation
0x8400275efc189259686fa57be45955b740c580d1,0x915c1874cb638cf837164a2187f01d7bae7a406abe9720375025a53a84049aa0,50824842,116,0xb92fe925dc43a0ecde6c8b1a2709c170ec4fff4f,1032841.656121019281421791,1032841.656121019281421791,1992.97792023421914546360,0.825208652255051155,same_tx_swap_flow_allocation
0x8400275efc189259686fa57be45955b740c580d1,0x63b18340daaa48e2e19a4432c32cc9065aeeed078b2bc5d1771004ff70b5fb39,50825629,63,0xb92fe925dc43a0ecde6c8b1a2709c170ec4fff4f,768932.144215721048156952,768932.144215721048156952,1502.22511906604554230690682953,0.621182591482943157,same_tx_swap_flow_allocation
0x2ff852bc2a42c0b75576c47d647ff71b6517a801,0xc144a03d606c7c3cff2bf094c7753ad4c445d5094fc2325492d23e1daea555aa,50827323,282,0xb92fe925dc43a0ecde6c8b1a2709c170ec4fff4f,952532.87380771814724348,952532.87380771814724348,1826.93142719556831970376167546,0.752170327082602946,same_tx_swap_flow_allocation
0x8400275efc189259686fa57be45955b740c580d1,0xb10e0f944b50b653cc272391d658c11e4ba2a1028e7861c00c1e0b67aa13c4cf,50827429,450,0xb92fe925dc43a0ecde6c8b1a2709c170ec4fff4f,465530.734195727673016742,465530.73419572767301674100000000000000000000000214808588680540295,892.99948417094185940368694424041112789496646819033817271821878208,0.36765896305398144799999921023697030623338401673356491572064655448,same_tx_swap_flow_allocation
0xd8b7f8ee88f4a19933e21724a3227b04cc31e9fe,0x63ca22c9023600ca56651a7eb41c9ff5591c7ad6115f877dffadd7bdd2c293dd,50828165,722,0xb92fe925dc43a0ecde6c8b1a2709c170ec4fff4f,5197.52235796699900543,5197.522357966999005429000000000000000000000192399364760240896763,9.9005213870553609542690302259743353694618918594868306099372031231,0.0040450999103131479999992217253468640429006498311095761000828421810,same_tx_swap_flow_allocation
0xd8b7f8ee88f4a19933e21724a3227b04cc31e9fe,0x06121aeeb381f3c81e0fb8a9a7abce4406ada85895076909e83a822251b1aaa4,50828424,397,0x9a44d4974cad27175458ee071c189c2619f417c0,2862049,0E-65,0E-65,0E-65,unknown_transfer_or_unpriced_swap
0xff3014e22c63aae2a9159d1c4658dff86d01959f,0xac0eb42cdd402c2c57c40598a9e6135ff0cbcc750984ea97d6812f7f2ad5cac9,50828914,1059,0xc1062b7c5dc8e4b1df9f200fe360cdc0ed6e7741,3707067.794795487975487511,2884621.0885060374905223084736218928984798909470612668653491718219,5434.5528142430590495826578196806197969132407861079208469336699723,2.1934974671699453135020931466159703423362848293159077590694601837,same_tx_swap_flow_allocation
0x9a44d4974cad27175458ee071c189c2619f417c0,0x21a3cc47cbbf80fe69e55b92f8ec7ec4939159b32173ba33f48dbd7b3793876e,50829597,23,0xbc6d645cd3cf98fecc6f48b1b3fe16f7e8927d4a,601975.958744212065359225,601975.958744212065359225,1230.44310962595,0.495,same_tx_swap_flow_allocation
0x8400275efc189259686fa57be45955b740c580d1,0xa5fe8bf4210ba597b10622dbd7693eb287f8c274600b25d83ef047662d78b18c,50829765,190,0xb92fe925dc43a0ecde6c8b1a2709c170ec4fff4f,432443.98220450961135841,432443.98220450961135840900000000000000000000000231243823743877225,958.27024721345634533169109429923854369844968034786426715374868058,0.38550646402080270399999910854011181848152363377060701933062240681,same_tx_swap_flow_allocation
0x9a44d4974cad27175458ee071c189c2619f417c0,0x458291170f71ff5149bb0a0e3164a2c8a1c9efc02dec21c12736abcc54839890,50830122,520,0xd93c912670b26d8565e9a0629f1769b3a0bed0a4,2295064.538191110929886748,0,0,0,unknown_transfer_or_unpriced_swap
0xfc90fd5e560471fab35e3703bf5ea4c54acee766,0x3eee5090769e9d56d117b76af456a4127b44209bab36dc276aa62b35e6639c91,50830168,864,0xb92fe925dc43a0ecde6c8b1a2709c170ec4fff4f,779258.225776730553870027,779258.225776730553870027,1681.9872515434188189072832364,0.67405542449959439,same_tx_swap_flow_allocation
0x2ff852bc2a42c0b75576c47d647ff71b6517a801,0x475e8279420e69d80864477107cec8a8f0159ef43a76ae03caa0617bdcbe7c86,50830536,133,0xb92fe925dc43a0ecde6c8b1a2709c170ec4fff4f,912111.059838465508533564,893488.34255409019141610902041715982226264490919902314902121919264,1977.8217811411557077413557644798256929072571559617179863662438453,0.79261094223414293799999913101487622075977451520361741871463934127,same_tx_swap_flow_allocation
0x402b8bb4f40499882669472c8c2a8709bd0da061,0xab7a6929fe982794243cbc9d0a0171409fc4a0ac72351b50bec83bb246180a28,50831103,32,0x7692acc1cdd771d09ebcae3663e1843b2911bec7,601797.023616903832234776,601797.023616903832234776,1249.50215,0.5,same_tx_swap_flow_allocation
0x402b8bb4f40499882669472c8c2a8709bd0da061,0xb9895d41aec137e753dcdd150aad1c0b40f1ed9bf5121c177378d2db0b681749,50831146,643,0x7692acc1cdd771d09ebcae3663e1843b2911bec7,1158534.236104463432815882,1158534.236104463432815882,2499.0043,1,same_tx_swap_flow_allocation
0x402b8bb4f40499882669472c8c2a8709bd0da061,0x758d24f3c82181d5049c84dfc2dbab921db0bff524602f8c83c13aa6ce4bf324,50831175,182,0x7692acc1cdd771d09ebcae3663e1843b2911bec7,1110977.935707555904902328,1110977.935707555904902328,2499.0043,1,same_tx_swap_flow_allocation
0x402b8bb4f40499882669472c8c2a8709bd0da061,0xe31da0ce61877429959830e0242cffb8717de4e09435e4cdb21d158b46aedd72,50831201,601,0x7692acc1cdd771d09ebcae3663e1843b2911bec7,828548.647796134844311914,828548.647796134844311914,1928.5728,0.77,same_tx_swap_flow_allocation
0x9a44d4974cad27175458ee071c189c2619f417c0,0x1ab9b2e76418c8b2f7659a92f18b2998704dbb9c86a6eee82ffe74036305a806,50831429,673,0xbc6d645cd3cf98fecc6f48b1b3fe16f7e8927d4a,120684.173538144805530374,120684.173538144805530374,247.4521643979,0.099,same_tx_swap_flow_allocation
0xd1c77a04b87393e98a1220532e72e8f7d0a31c5a,0x42933309815d3f751ade4b7c8d5860512a7ae65f03338b26b3e5f3064b893f34,50831824,621,0xb92fe925dc43a0ecde6c8b1a2709c170ec4fff4f,818392.217109530001015443,818392.217109530001015443,1604.841282,0.6446,same_tx_swap_flow_allocation
0xd1c77a04b87393e98a1220532e72e8f7d0a31c5a,0x43509228ae1c7a94f074357484a8f89b800501f935f461a728fe32a8774aca28,50832999,406,0xb92fe925dc43a0ecde6c8b1a2709c170ec4fff4f,79654.076312186910101623,79654.076312186910101623,178.225909733067200406,0.07143036741335706,same_tx_swap_flow_allocation
0xfc90fd5e560471fab35e3703bf5ea4c54acee766,0x6e23eb0a014fd6f21d31f9b49f7efbab4f479419d8c6bcd4751d891905146699,50833066,137,0xb92fe925dc43a0ecde6c8b1a2709c170ec4fff4f,101988.263609416185558581,101988.26360941618555858000000000000000000000000980504976366392252,229.67603328668385924539774801506410313322351863521628625725123579,0.092050832947250153999999097437002165497664830521909457038696339141,same_tx_swap_flow_allocation
0x8400275efc189259686fa57be45955b740c580d1,0xd68a9ad14bf4cfe4e81c8b4603ac47e06c9dcff0d98756e2abe342aa61d6751a,50836108,356,0xb92fe925dc43a0ecde6c8b1a2709c170ec4fff4f,454267.153712033075813938,454267.15371203307581393700000000000000000000000220134780124101897,832.00292047731010000106481511220038116705435725551843116526982141,0.33211763712904427599999926889356975261577910387466258268742789473,same_tx_swap_flow_allocation
0xf055acd3193f0bc2a46c06e2b3398c6c9b3c0f97,0xe3989342a3291b8091956b9ca0f9a535692221522c3aa0d8e0093633d1c9651d,50836122,541,0xb92fe925dc43a0ecde6c8b1a2709c170ec4fff4f,872097.888417420523006118,872097.88841742052300611700000000000000000000000114666026977164342,1642.1769998640509195573022261908783230993296977123279218082951910,0.65447222816625976299999924954269829282801378870965866209251520369,same_tx_swap_flow_allocation
0x67505fc71782403718939b4bb3f6ab39be613f4f,0xceed47248b8e9c83a9c743a46f2bfeb38072c809a9828baf35881c1c769df599,50838838,147,0x9a44d4974cad27175458ee071c189c2619f417c0,1170000,0E-65,0E-65,0E-65,unknown_transfer_or_unpriced_swap
0xd1c77a04b87393e98a1220532e72e8f7d0a31c5a,0xc253f5e06050a12141ff7113b92f1851ff491f383f963ee95f02e6614fb1aa9f,50839463,636,0xb92fe925dc43a0ecde6c8b1a2709c170ec4fff4f,64385.830431946017960289,64385.83043194601796028800000000000000000000001553136758959677333,113.58430201210269394258365060045304225665137379842389826383986232,0.045335556031471805999999295876814396450277568332932402159100424157,same_tx_swap_flow_allocation
0x8400275efc189259686fa57be45955b740c580d1,0xc9b59106616aef98162b4a6b53446389bc5430327c9c1e890fe8fd055b3e0a1f,50840025,142,0xb92fe925dc43a0ecde6c8b1a2709c170ec4fff4f,1306704.831501415741914435,1306704.8315014157419144340000000000000000000000007652837702076841,2565.1797230881641436083989440095902547866914858826194371371787791,1.0238428363280805299999992164696941147177098313749169200034566003,same_tx_swap_flow_allocation
0x8400275efc189259686fa57be45955b740c580d1,0xb7a9fed4a49fbd829e7e63b3c4dd5a767ac1a9861478ad48c4bfe1879fccb18d,50840039,596,0xb92fe925dc43a0ecde6c8b1a2709c170ec4fff4f,1244022.720011504840435062,1244022.720011504840435062,2564.89193452473872901221665923,1.023727970981068689,same_tx_swap_flow_allocation
0xd1c77a04b87393e98a1220532e72e8f7d0a31c5a,0xb44a8b041bbf153a471ef6a428b14782f527cfe2ef89b02b5611095d3e053347,50840137,354,0xb92fe925dc43a0ecde6c8b1a2709c170ec4fff4f,12031.456182640926263267,12031.456182640926263267,24.99876485063518840986468103,0.009995833572437281,same_tx_swap_flow_allocation
0x8b87ba04b378efc94d42f6d82ef7e6f52e48e4fd,0x99d56c0de8d95a28e0d31cc1fa5b8c204a75d54ab27c0c8a62fa7600b4fc4106,50842288,193,0xb92fe925dc43a0ecde6c8b1a2709c170ec4fff4f,791527.165673433233545233,747062.81142620175063594805617539886884501608147007868954538031196,1960.8333656701017968755175227213282037894295956912115761470532252,0.78275531155993588799999901108218958730775939533548828607409591271,same_tx_swap_flow_allocation
0x8b87ba04b378efc94d42f6d82ef7e6f52e48e4fd,0x622cb5e05b4b7f53d37fb7c4629656af94f72c75df1fdb48276343ed27c04664,50842301,174,0xb92fe925dc43a0ecde6c8b1a2709c170ec4fff4f,385767.98027514816985649,385767.98027514816985649,1038.5895608187561874288,0.41459999074615822,same_tx_swap_flow_allocation
0x8b87ba04b378efc94d42f6d82ef7e6f52e48e4fd,0xee5cc031e15c659350d09902c1f9e8dbb35804082e8b4a82ff04caf1b3599622,50842307,968,0xb92fe925dc43a0ecde6c8b1a2709c170ec4fff4f,382386.263842112507612647,353318.74592803326008550100000000000000000000000,959.42517954657514038656000000000000000000000000000000000000000000,0.38299794795555166400000000000000000000000000000000000000000000000,same_tx_swap_flow_allocation
0x211c8e97a504d2d142bc945334d4a88bd3270b4d,0x3851634e9a74d0acfed0f13fad20a17d732bd2806a89ab2f7a889c6bd8694c7f,50842502,211,0xf01a4dabfd54d1a6a1812a95f7151e8da851de2e,348.76128015278990041,0E-940,0E-940,0E-940,unknown_transfer_or_unpriced_swap
0x4552df0be3b02bfb80c3444b3f1465ee0bdb224c,0x3851634e9a74d0acfed0f13fad20a17d732bd2806a89ab2f7a889c6bd8694c7f,50842502,223,0xf01a4dabfd54d1a6a1812a95f7151e8da851de2e,102.371922436229435583,0E-1743,0E-1743,0E-1743,unknown_transfer_or_unpriced_swap
0x461d5072f3eef08dedc4a7d74fb6d79f99e25e73,0x3851634e9a74d0acfed0f13fad20a17d732bd2806a89ab2f7a889c6bd8694c7f,50842502,224,0xf01a4dabfd54d1a6a1812a95f7151e8da851de2e,156.485276167020182808,0E-1809,0E-1809,0E-1809,unknown_transfer_or_unpriced_swap
0x8da2e73785a202263be1b04d3dcc8137181c89c3,0x3851634e9a74d0acfed0f13fad20a17d732bd2806a89ab2f7a889c6bd8694c7f,50842502,256,0xf01a4dabfd54d1a6a1812a95f7151e8da851de2e,559.027740284829096971,0E-3950,0E-3950,0E-3950,unknown_transfer_or_unpriced_swap
0xfc90fd5e560471fab35e3703bf5ea4c54acee766,0x3851634e9a74d0acfed0f13fad20a17d732bd2806a89ab2f7a889c6bd8694c7f,50842502,298,0xf01a4dabfd54d1a6a1812a95f7151e8da851de2e,4.825152543359716356,0E-6731,0E-6731,0E-6731,unknown_transfer_or_unpriced_swap
0x9a44d4974cad27175458ee071c189c2619f417c0,0x637de7df8db1dd67b8c6a2744feffdd230991abd453b80b71b26f28baed9fea6,50842898,495,0xbc6d645cd3cf98fecc6f48b1b3fe16f7e8927d4a,10913.353870531328606805,10913.353870531328606805,29.651257548,0.01188,same_tx_swap_flow_allocation
0xf99d7a743d1b5b2ff28c22b2005cd98def3591de,0x9907367b79a505e35eb511d1618e8a6bfe7ff9183c0c5d484449fb2661640eb0,50850512,216,0xb92fe925dc43a0ecde6c8b1a2709c170ec4fff4f,272770.639867559027245166,272770.639867559027245166,581.898646945238492741508,0.232553695268521809,same_tx_swap_flow_allocation
0xf99d7a743d1b5b2ff28c22b2005cd98def3591de,0x722835c17d13abbfa092ea8414a869a30d5a119a9dd1c0f7dcb608ca102e6ef6,50851163,962,0xb92fe925dc43a0ecde6c8b1a2709c170ec4fff4f,256299.415759624486798365,256299.415759624486798365,565.4410680274853139166436,0.225004495794737153,same_tx_swap_flow_allocation
0xf99d7a743d1b5b2ff28c22b2005cd98def3591de,0xf39046a8603c64fb97a21d86ff1fe73350dab6723e4aac87814b1c293da8b8f6,50851191,477,0xb92fe925dc43a0ecde6c8b1a2709c170ec4fff4f,205475.534450545725948252,205475.534450545725948252,458.0031057478633500730144,0.182251986472642312,same_tx_swap_flow_allocation
0xf99d7a743d1b5b2ff28c22b2005cd98def3591de,0x99062244340eb367095fa7aa489c6a9cd3a343ae2f059f9e1aca963ceed8167a,50853092,172,0xb92fe925dc43a0ecde6c8b1a2709c170ec4fff4f,232416.526180324374642378,232416.526180324374642378,536.364790360267663974493224,0.21397309930455318,same_tx_swap_flow_allocation
0x73f432da307525b6590c858bf458116322d50d16,0x4a095d4588f5bb00e29e852a97e4e23a664f55b5ec7e6d04a55113ee5835a290,50859767,295,0x7692acc1cdd771d09ebcae3663e1843b2911bec7,1130965.441639893436526593,1130965.441639893436526593,2498.1126021384458777250594,0.997640595344321799,same_tx_swap_flow_allocation
0x73f432da307525b6590c858bf458116322d50d16,0x2457c41536a05e3a43d18d209922227279bea2b4ac4b4f74fb39439f8f6ec0c7,50859805,17,0x7692acc1cdd771d09ebcae3663e1843b2911bec7,1127919.40135712228473666,1127919.40135712228473666,2498.1440750289766457926298,0.997653164286658283,same_tx_swap_flow_allocation
0x73f432da307525b6590c858bf458116322d50d16,0x8cfcde227579857fc9fda5316fff8aff94bd9d232d9f54c998cb096cca831f56,50859891,635,0x522fc3b92e25f96eaf69460646185e3211b51b88,1078278.290924056033262823,762803.47487428230904601498220780385888917197614955189815085143459,1764.4308610412146521211741743710315194176551241390779872765216987,0.70463911560520494604604058543728894219866047593181860695416072002,same_tx_swap_flow_allocation
0x73f432da307525b6590c858bf458116322d50d16,0x3a1651961da514af028488f5330b7ef18a00bc50fac79a8a1b2fc713b79fa602,50859938,11,0x9b824dd3ec24280e40ef43015ccf3073bf4cc7a9,1028866.394037121403099188,1028866.2045004877082069403298638849103017348200942834736938783592,2489.2089109128103810357008804774244554895336365646539124384011596,0.99255875120223921482858839705582275875379440891593605843874128101,same_tx_swap_flow_allocation
0xf99d7a743d1b5b2ff28c22b2005cd98def3591de,0x4ab243f837f8695eb0cdc29e6760fb5930ade52020345f7d92b81dcf967366b3,50860952,694,0xb92fe925dc43a0ecde6c8b1a2709c170ec4fff4f,292173.887157709838461412,292173.88715770983846141100000000000000000000000342261935085327887,622.24418530476898387915307029501041996421123691146511365667191581,0.24725960888420281599999915372447794851413219069708076901761932044,same_tx_swap_flow_allocation
0xf99d7a743d1b5b2ff28c22b2005cd98def3591de,0xb03ca0805c38618c855f63298533fc1b5a9dfe802e0cbd3b81baaed05a8fa89b,50860971,183,0xb92fe925dc43a0ecde6c8b1a2709c170ec4fff4f,259605.048073043320775982,259605.04807304332077598100000000000000000000000385200521878386874,559.56465611920744236683984455402438181205723526198235419050144771,0.22235280181797510999999914349584698594457837571508558548264829207,same_tx_swap_flow_allocation
0x9a44d4974cad27175458ee071c189c2619f417c0,0x9d7f3b6f28728ea828e15655d775b5f5b46f4b6fbfa97bf2b9a9775055b606d9,50860973,14,0xbc6d645cd3cf98fecc6f48b1b3fe16f7e8927d4a,500162.768019661855670334,500162.768019661855670334,1096.21449432,0.4356,same_tx_swap_flow_allocation
0xf99d7a743d1b5b2ff28c22b2005cd98def3591de,0x50d39360daed6f7de1a2748caff1d1edc8aaacc8a89b3e7b05da911dc4ebd967,50860983,552,0xb92fe925dc43a0ecde6c8b1a2709c170ec4fff4f,225992.546377769778411085,225992.546377769778411085,503.301239556220806691086,0.19999554930779013,same_tx_swap_flow_allocation
0xf99d7a743d1b5b2ff28c22b2005cd98def3591de,0x323a7b1a33190fb1de59d16ae44b7055077694c19100335a33d6452da58a77f9,50861273,92,0xb92fe925dc43a0ecde6c8b1a2709c170ec4fff4f,217985.489839665908533584,217985.489839665908533584,453.55244592692152576128,0.179613349620191008,same_tx_swap_flow_allocation
0xf99d7a743d1b5b2ff28c22b2005cd98def3591de,0x430bc39781f6d38597f26a2447b9e187add543ef797243035cefc5208e25e60f,50861286,182,0xb92fe925dc43a0ecde6c8b1a2709c170ec4fff4f,194572.400634060780362241,194572.40063406078036224000000000000000000000000513947505782557256,408.43952816085449075891790083523238724279446904707676503306890179,0.16174797959767083699999916870029320409114450927746232517268961246,same_tx_swap_flow_allocation
0xfc90fd5e560471fab35e3703bf5ea4c54acee766,0xa326e1ab012e43bbdb974952c8f696b3076bdee3f25cf337812d442450c51736,50861290,58,0xb92fe925dc43a0ecde6c8b1a2709c170ec4fff4f,70647.989755810902612528,70647.989755810902612528,149.15124098671547055624,0.059066055611016914,same_tx_swap_flow_allocation
0xf99d7a743d1b5b2ff28c22b2005cd98def3591de,0xa30ea08c1199c3b2ab57025ce2441976d177f40c3ffddf04baee4ffd8fe1d896,50861306,197,0xb92fe925dc43a0ecde6c8b1a2709c170ec4fff4f,181024.827728412046004098,181024.82772841204600409700000000000000000000000552410413835764087,367.73155862091306089255796861257521750875320683063604246320779764,0.14562703298837026599999919554110441219912924600050533133077024729,same_tx_swap_flow_allocation
0xf99d7a743d1b5b2ff28c22b2005cd98def3591de,0xdfd83480eb8644bdee1880a76227994ee2c629dabf482cc078732d6b61a20455,50861349,480,0xb92fe925dc43a0ecde6c8b1a2709c170ec4fff4f,163069.856146323616748422,163069.85614632361674842100000000000000000000000613234121640908087,330.67926993732821632067797216188355125787968077749650758650903117,0.13095378904201247299999919694668201272706667331079872466952946790,same_tx_swap_flow_allocation
0xf99d7a743d1b5b2ff28c22b2005cd98def3591de,0xd4893698f38bf1143ab3817e4b28d443f5e0c366ea11bec9a7897c7d60bdeba1,50861446,146,0xb92fe925dc43a0ecde6c8b1a2709c170ec4fff4f,145574.221120565358940057,145574.22112056535894005600000000000000000000000686934810505903088,297.54355458454140726035751430974714215216253082594228712724231622,0.11787607066219892799999919026823736481937009490435369374908218454,same_tx_swap_flow_allocation
0xf99d7a743d1b5b2ff28c22b2005cd98def3591de,0xb87c7ddf7a649b5e87b1614603b478005dac9f58d8a972fdc399d072d87a5bab,50861522,471,0xb92fe925dc43a0ecde6c8b1a2709c170ec4fff4f,129816.557205101655543469,129816.55720510165554346800000000000000000000000770317763411384816,267.72483550659693622738826682803502877344119075518567822930809683,0.10606296504142385199999918297813988510482622621366093662654948651,same_tx_swap_flow_allocation
0xfc90fd5e560471fab35e3703bf5ea4c54acee766,0x63c5f8cebe63419b8edd2f813a7756758d0bc6ddda80bf2ade915db83e970556,50861541,127,0xb92fe925dc43a0ecde6c8b1a2709c170ec4fff4f,41717.275709396495162197,41717.275709396495162196000000000000000000000023970884555502211263,86.350425689571463140727843623914476810033238611472091259298706208,0.034208937560443143999999179981506972233946778271959700026618049182,same_tx_swap_flow_allocation
0xc41ff324a9e61417833041c2ccb508683a079bb1,0xb585768749bcdba802e068b603735caf2af08dfaff49f13c3e1f5826217fec3f,50862121,389,0xb92fe925dc43a0ecde6c8b1a2709c170ec4fff4f,381469.255699731393430724,381469.255699731393430724,748.5501512158420991527015488,0.294512037514008768,same_tx_swap_flow_allocation
0xf99d7a743d1b5b2ff28c22b2005cd98def3591de,0x9500891c58b1638be5d416ffb9737632dcaaf4915d6eccfa138252c246903b31,50862292,582,0xb92fe925dc43a0ecde6c8b1a2709c170ec4fff4f,120628.693002178980104341,120628.693002178980104341,241.16937218973249879222,0.095603114310072702,same_tx_swap_flow_allocation
0xf99d7a743d1b5b2ff28c22b2005cd98def3591de,0x556e2fd31a102e1f9594687a19e04c4d472b86f81e99ed682731b075d925fc48,50862336,251,0xb92fe925dc43a0ecde6c8b1a2709c170ec4fff4f,107176.425018691286836299,107176.425018691286836299,217.2280861126771133895,0.08611243359563195,same_tx_swap_flow_allocation
0xf99d7a743d1b5b2ff28c22b2005cd98def3591de,0x2d2648872fb2fb0493a0c4039ee5e40a53f44b63d06cebc82f977fa479037335,50862490,649,0xb92fe925dc43a0ecde6c8b1a2709c170ec4fff4f,101192.254480320693724042,101192.254480320693724042,195.26880475456192110609,0.077407448933668669,same_tx_swap_flow_allocation
0xf99d7a743d1b5b2ff28c22b2005cd98def3591de,0x285445f602a0e031bcc0cf8c0cef3bff1a6470b36694cfd38c05573562f1a7fd,50862503,794,0xb92fe925dc43a0ecde6c8b1a2709c170ec4fff4f,87885.021463872705146477,87885.021463872705146477,175.67594818241931421299,0.069640550137523959,same_tx_swap_flow_allocation
0xf99d7a743d1b5b2ff28c22b2005cd98def3591de,0x07eaa92d9940c27995ae086a41989a43576810dd4ee548190a1bc50ba3fdd9e9,50862523,86,0xb92fe925dc43a0ecde6c8b1a2709c170ec4fff4f,90548.625326170515567533,90548.625326170515567533,179.09045668055731737108,0.070854515655511326,same_tx_swap_flow_allocation
0xf99d7a743d1b5b2ff28c22b2005cd98def3591de,0xdb79dfc7a479b04db6972cda8d6157415c0bd35aae1b764ca9142cc0aa14fc22,50865504,540,0xb92fe925dc43a0ecde6c8b1a2709c170ec4fff4f,98111.24416132415310409,98111.244161324153104089000000000000000000000010192511659068370273,198.93631727422472637579669733926677034004578411374515346236463728,0.078901639908869899999999195794115309229320026406367931906621311520,same_tx_swap_flow_allocation
0xf99d7a743d1b5b2ff28c22b2005cd98def3591de,0x7bdc78d65a7b0df542c5f2b7927d4ebe36e6556583d6194152de822df808141e,50865525,634,0xb92fe925dc43a0ecde6c8b1a2709c170ec4fff4f,121474.247506829677868277,121474.24750682967786827600000000000000000000000823219752765932337,248.49097153446322880966931187323848832850773726426050997833261718,0.098555886754407929999999188668472724090782909953532942196661736944,same_tx_swap_flow_allocation
0xf99d7a743d1b5b2ff28c22b2005cd98def3591de,0x6a12afc6d3817fa585dcb397170b84e07d08a900c29acc65b11d5244cc9ea4ad,50865532,322,0xb92fe925dc43a0ecde6c8b1a2709c170ec4fff4f,24208.425943465881489189,24208.425943465881489188000000000000000000000041307931475400651553,49.675323585519299293218060265137311014986977369946042202882463894,0.019702106420812198999999186146738048038490333841322165835397478086,same_tx_swap_flow_allocation
0xf99d7a743d1b5b2ff28c22b2005cd98def3591de,0x27a7a3d4c67b4c2d6eec4ea228fecedfbe9969a573fa2cfe5d5aeb4f99b8a007,50866564,620,0xb92fe925dc43a0ecde6c8b1a2709c170ec4fff4f,64366.038174082901452516,64366.038174082901452515000000000000000000000015536143413012667912,122.42497837544636745065338470797862409060859128544662848280647521,0.048489199368888483999999246664844622785165279992412056270560171044,same_tx_swap_flow_allocation
0xf99d7a743d1b5b2ff28c22b2005cd98def3591de,0x1676e30b4fdd42809fcbdd9675d237ec8d16256efa9503adef8a050a07aad568,50866611,327,0xb92fe925dc43a0ecde6c8b1a2709c170ec4fff4f,103835.912424131067641086,103835.91242413106764108500000000000000000000000963057940797372756,198.92059416675466861591233675942199575369873023333198400414963168,0.078787029224944755999999241235258730822760076583992124675121222270,same_tx_swap_flow_allocation
0xf99d7a743d1b5b2ff28c22b2005cd98def3591de,0x73507d492e3daab179f541da29fc97945c52991d3fc418f28d7f2e31a054766c,50866977,250,0xb92fe925dc43a0ecde6c8b1a2709c170ec4fff4f,52111.841182483493979415,52111.841182483493979415,99.53252016856101356803312304,0.039422120209328338,same_tx_swap_flow_allocation
0xf99d7a743d1b5b2ff28c22b2005cd98def3591de,0x97febf3c816d2edf4210770a4d0a6da6c03d6ecfcb2803d7756156973b519ea2,50868461,712,0xb92fe925dc43a0ecde6c8b1a2709c170ec4fff4f,55270.613866595917526972,55270.613866595917526972,99.05358802185067052574035284,0.040521429769725298,same_tx_swap_flow_allocation
0xf99d7a743d1b5b2ff28c22b2005cd98def3591de,0xde6a6d2b3d9e3baccfb7c15f00e05f5bd53c1d7ae818a4c840dad2b10f81f123,50868590,645,0xb92fe925dc43a0ecde6c8b1a2709c170ec4fff4f,52268.670960505199759567,52268.670960505199759567,94.3988735641325044333880,0.038428974475216376,same_tx_swap_flow_allocation
0xf99d7a743d1b5b2ff28c22b2005cd98def3591de,0xf6c8e14fff839739c5089618b83c7777854024726e4df1234a01393ff006ecf0,50868690,513,0xb92fe925dc43a0ecde6c8b1a2709c170ec4fff4f,27506.014274986679454424,27506.014274986679454423000000000000000000000036355685342219007394,49.697529379165735298338193212259605365790613795571678783947374952,0.020254860951481993999999263620648597521933238695461658040172388828,same_tx_swap_flow_allocation
0xf99d7a743d1b5b2ff28c22b2005cd98def3591de,0xb81615ef2d0df352ca5400df78015cc97b74bac7f63aec8178a1f0bcdafa8b51,50868755,558,0xb92fe925dc43a0ecde6c8b1a2709c170ec4fff4f,53694.393122475152952983,53694.393122475152952982000000000000000000000018623918473555194793,90.644676058115856228064539400943031829831525903342114050457193775,0.037014221719160970999999310650152340250070994267354119180395971972,same_tx_swap_flow_allocation
0xf99d7a743d1b5b2ff28c22b2005cd98def3591de,0x907b594707805ca6720946dac9e2ed589a2e30cb7ab27e1925f72edc43eb5dcb,50868784,2763,0xb92fe925dc43a0ecde6c8b1a2709c170ec4fff4f,48524.588755050202187461,48524.588755050202187461,81.49091640768924889359977144,0.033276337664640554,same_tx_swap_flow_allocation
0xc41ff324a9e61417833041c2ccb508683a079bb1,0x003ddc52612befaca8421c1b98d53c609931f90b16e2ab9bb96fc462cdc35654,50868809,594,0xb92fe925dc43a0ecde6c8b1a2709c170ec4fff4f,538755.680462223263147378,538755.680462223263147378,926.43630946697812680389412348,0.378304832214375693,same_tx_swap_flow_allocation
0xf99d7a743d1b5b2ff28c22b2005cd98def3591de,0x93d60f2a0a1ac3634e577459fb49677d74a95264f7f92399027328154d2c12aa,50868828,2765,0xb92fe925dc43a0ecde6c8b1a2709c170ec4fff4f,34417.936031503855521778,34417.936031503855521777000000000000000000000029054618472318255732,59.654609367694464260272427588084706454757293557761630863252159614,0.024320456315358600999999293378420684572809459710730691780263966546,same_tx_swap_flow_allocation
0x7c4974927680254e9b2dd5e431d924c49b3ded64,0x6a36563fc8ba47f6f8a84be2404136f43294f98db4b5db56a9f13a64031034f7,50869131,242,0xb92fe925dc43a0ecde6c8b1a2709c170ec4fff4f,409794.250542453592038791,409794.250542453592038791,674.6106521742616055155797845,0.27566752860659815,same_tx_swap_flow_allocation
0xf99d7a743d1b5b2ff28c22b2005cd98def3591de,0x76f6cf013e83fc94fe3478917aeb82e9e322a7d9aa0d6222b682007bb76fda91,50869270,340,0xb92fe925dc43a0ecde6c8b1a2709c170ec4fff4f,29469.326993471503894228,29469.326993471503894228,49.71540582834454589275836385,0.020265960173332385,same_tx_swap_flow_allocation
0x8400275efc189259686fa57be45955b740c580d1,0x84c012f6cf09ffd0c444774194104204c02bfe32de82e4aa97ca719961116d2c,50869431,442,0xb92fe925dc43a0ecde6c8b1a2709c170ec4fff4f,1191481.203560462147989775,1191481.203560462147989775,1998.15145159208418376375898594,0.814525338042480994,same_tx_swap_flow_allocation
0xc41ff324a9e61417833041c2ccb508683a079bb1,0xa1a6d7f47b33da8197e55a82e8280c2426f180760e31cd8e6a8e536382ae7c36,50869562,224,0xb92fe925dc43a0ecde6c8b1a2709c170ec4fff4f,1717900.47990229119493111,1717900.47990229119493111,2973.72625676649216961372241181,1.212208104950498781,same_tx_swap_flow_allocation
0xfc90fd5e560471fab35e3703bf5ea4c54acee766,0x0c908f6376f936131af4f9f1a3532b62345c25d550132e0a68ea33089580a8b3,50869587,356,0xb92fe925dc43a0ecde6c8b1a2709c170ec4fff4f,101090.875908874213073703,101090.87590887421307370200000000000000000000000989208957791031949,179.46001108668795640037492620549467770367647635422025599712322787,0.073154978357132543999999276344401021154174976509157069792887522538,same_tx_swap_flow_allocation
0xf99d7a743d1b5b2ff28c22b2005cd98def3591de,0xc927fc0220e9ff44a8b0d2ae67d18f70799980deb45a866b311f014f20f5bae5,50869725,190,0xb92fe925dc43a0ecde6c8b1a2709c170ec4fff4f,28252.018242248563748483,28252.018242248563748483,49.8241682229068607640047993,0.020293940970104281,same_tx_swap_flow_allocation
0xf99d7a743d1b5b2ff28c22b2005cd98def3591de,0x09704812ec79a3d4379ea1e3aed820c699887df8868d0f9839dcdd3aa5ed11a3,50870794,140,0xb92fe925dc43a0ecde6c8b1a2709c170ec4fff4f,22898.464085514427212712,22898.464085514427212711000000000000000000000043671051310057087735,39.747416693903837620790313138526118305853067531422980190511284974,0.016227255720194114999999291338682821985423401528079628089900623215,same_tx_swap_flow_allocation
0xf99d7a743d1b5b2ff28c22b2005cd98def3591de,0x8e0baa0da897d9e98fe4aaf8bb5c8cf28ff0501f2bfaab8c4d2f7cd9c301f0c8,50871960,670,0xb92fe925dc43a0ecde6c8b1a2709c170ec4fff4f,96685.742655966685089566,96685.742655966685089566,159.5471043081769269500314764,0.065295706880146986,same_tx_swap_flow_allocation
0xf99d7a743d1b5b2ff28c22b2005cd98def3591de,0xd1cd614ad9e7f21dca6424c399584ec67f778400d084322c5ad84972e262f2ac,50872324,134,0xb92fe925dc43a0ecde6c8b1a2709c170ec4fff4f,598499.654212734125482389,598499.654212734125482389,924.23498888380834971274,0.378310393065994429,same_tx_swap_flow_allocation
0x9a44d4974cad27175458ee071c189c2619f417c0,0x8162893a9245db31abad42099b4021ba70ce07bec39b3de28f248fcca33674c5,50872827,261,0xbc6d645cd3cf98fecc6f48b1b3fe16f7e8927d4a,325028.600232138083899285,325028.600232138083899285,484.53545035764,0.198,same_tx_swap_flow_allocation
0xf99d7a743d1b5b2ff28c22b2005cd98def3591de,0x51bf634ab724fb7ac7f4a6d385a68180818330b52542f0610d7c0b2110454e2f,50873700,282,0xb92fe925dc43a0ecde6c8b1a2709c170ec4fff4f,99605.251119392725040875,99605.251119392725040875,156.82359315108314241723689626,0.063886293328093729,same_tx_swap_flow_allocation
0xf99d7a743d1b5b2ff28c22b2005cd98def3591de,0x55a1b1dea698522ac604b348ede0ac0ab1cf812f5cd1d151a87ecdd7fc4058f3,50873710,157,0xb92fe925dc43a0ecde6c8b1a2709c170ec4fff4f,89391.281950254686094334,89391.281950254686094334,141.13001697223657472175040252,0.057493094505243958,same_tx_swap_flow_allocation
0xf99d7a743d1b5b2ff28c22b2005cd98def3591de,0xe41ade553f541c5f8ebb9dca0093a3c19bb2fbf9ed0d3756682eb939d85c061f,50873723,729,0xb92fe925dc43a0ecde6c8b1a2709c170ec4fff4f,80283.586308653449029748,80283.586308653449029747000000000000000000000012455846157089446939,127.11257654808290277494841670530188582341885557816935896217005946,0.051760782381119934999999355275657690184104722990414150739755783100,same_tx_swap_flow_allocation
0xf99d7a743d1b5b2ff28c22b2005cd98def3591de,0xa035758d3aad670cbb62e3341df52124a787c58fa35ccf5a2ce37b978a6fb856,50873742,1054,0xb92fe925dc43a0ecde6c8b1a2709c170ec4fff4f,72089.152284307336369602,72089.152284307336369602,114.39122913361095556227,0.046580595549913451,same_tx_swap_flow_allocation
0xf99d7a743d1b5b2ff28c22b2005cd98def3591de,0xc96a97871c1a714244217294b04cd67fd155dad706d079384132962c7cb22d4a,50873750,236,0xb92fe925dc43a0ecde6c8b1a2709c170ec4fff4f,64798.52065324554331622,64798.52065324554331622,103.01412210680965590078,0.041947789127976014,same_tx_swap_flow_allocation
0xf99d7a743d1b5b2ff28c22b2005cd98def3591de,0xac4a7709d891f5ccbcf99a4acd96b378fa577e06fb16ca673f6b2849cb4edc69,50873918,2695,0xb92fe925dc43a0ecde6c8b1a2709c170ec4fff4f,79609.577211315628764436,79609.57721131562876443500000000000000000000001256130273554399635,127.27702011723343400850120752481902950741033287670163597169363923,0.051831747148769942999999348925732752131381828953171582181812539213,same_tx_swap_flow_allocation
0x8da2e73785a202263be1b04d3dcc8137181c89c3,0xf1d33adfd636a025cacc12f52268fe2dbb3fbfd7d75c31c0a10a7decb82b7e92,50873928,1829,0xb92fe925dc43a0ecde6c8b1a2709c170ec4fff4f,205931.702854004707015742,205931.702854004707015742,331.43207680012723412229594797,0.134970975796516799,same_tx_swap_flow_allocation
0x8da2e73785a202263be1b04d3dcc8137181c89c3,0x03de6adb0346c64501954fa94305b0fe3fec571457dad613cb2d8717ae48be8c,50873943,660,0xb92fe925dc43a0ecde6c8b1a2709c170ec4fff4f,188599.564500093612113229,188599.56450009361211322800000000000000000000000530223917881583256,305.18830009116121364695658342863834044148988422583850643392101372,0.12428357285956098699999934101877070082365765724553987135599761150,same_tx_swap_flow_allocation
0x211c8e97a504d2d142bc945334d4a88bd3270b4d,0xdde4d9ef0a9d4037e6a4070fe9e1e83d5167cad27394e7c32b1627fab58849fd,50874054,476,0xb92fe925dc43a0ecde6c8b1a2709c170ec4fff4f,2660342.598622349426072384,2660342.598622349426072384,4612.77754522749883780654275214,1.878487720387654138,same_tx_swap_flow_allocation
0x211c8e97a504d2d142bc945334d4a88bd3270b4d,0x279daed99161a5fbe2bbad64ba291f66f381e6533e04d72c72a28eba5e9d0171,50874109,633,0xb92fe925dc43a0ecde6c8b1a2709c170ec4fff4f,2015062.681827699444662585,1910118.2480272255692363350520799847800701247495089839680938595177,3584.8451564429959315630155642558590777560839159117367090420648584,1.4621016586672307619999992744138076434042829997676769751367210114,same_tx_swap_flow_allocation
0x73f432da307525b6590c858bf458116322d50d16,0x46d122f4f148bf892cd87bb0ee825b2fbe2f324968fd21149f0d23bc2781f890,50874121,406,0x7692acc1cdd771d09ebcae3663e1843b2911bec7,1116694.890385959595313832,1116694.890385959595313832,2206.659585996,0.9,same_tx_swap_flow_allocation
0x211c8e97a504d2d142bc945334d4a88bd3270b4d,0x7ff78fa85cc409344363a96d75a9eca976c5113db4f5b82d8bcd41ace19c9bc4,50874133,469,0xb92fe925dc43a0ecde6c8b1a2709c170ec4fff4f,2369971.445184181247921039,2310496.1322038639182791540000000000000000000000,4852.1344157620321135664235062800000000000000000000000000000000000,1.9789735589029565870000000000000000000000000000000000000000000000,same_tx_swap_flow_allocation
0x211c8e97a504d2d142bc945334d4a88bd3270b4d,0xe24d6939b0c198b8c6cea87dfac62d640d59b4108f72d88971d5e33c2ca8c917,50874211,417,0xb92fe925dc43a0ecde6c8b1a2709c170ec4fff4f,1134158.459516483573683139,1134158.459516483573683139,2521.84551668735497958195407008,1.028550565489322232,same_tx_swap_flow_allocation
0x211c8e97a504d2d142bc945334d4a88bd3270b4d,0x70ff849e201ddc00c8e41ca7248caf242ce9c0913f25d8ad77acde8e0744399d,50874291,759,0xb92fe925dc43a0ecde6c8b1a2709c170ec4fff4f,1160110.558125327803403532,1160110.558125327803403532,2533.48292756548876245108371716,1.033296956757277139,same_tx_swap_flow_allocation
0xf99d7a743d1b5b2ff28c22b2005cd98def3591de,0xe347e71dae1fd972290831ed9facdaa72b43a3579552bd096bc705d1e1fe7f54,50874396,544,0xb92fe925dc43a0ecde6c8b1a2709c170ec4fff4f,772453.162497568527150812,753359.53928305358792037100000000000000000000000,1715.2135481702906466800256510400000000000000000000000000000000000,0.69956064050382251600000000000000000000000000000000000000000000000,same_tx_swap_flow_allocation
0xf99d7a743d1b5b2ff28c22b2005cd98def3591de,0x3f41cb9b4b64000a2f76500a85a5c3e7694b5057e0ed2760bc5ec485d2d930ec,50875908,195,0xb92fe925dc43a0ecde6c8b1a2709c170ec4fff4f,149633.38473481297318987,149633.38473481297318987,314.4776063669638531558818,0.127781411818579998,same_tx_swap_flow_allocation
0x9a44d4974cad27175458ee071c189c2619f417c0,0xc97e6a258ad378983e79e22549a2ceacdec3f271fb45171ba9d12838f9af06d3,50877603,261,0xbc6d645cd3cf98fecc6f48b1b3fe16f7e8927d4a,415699.836957723453535926,415699.836957723453535926,895.132125500679,0.3663,same_tx_swap_flow_allocation
0x67505fc71782403718939b4bb3f6ab39be613f4f,0x0c757dd3381fd72ce479303a389785af340748d13fbd8afe4a6925b2375f7b37,50877968,608,0xb92fe925dc43a0ecde6c8b1a2709c170ec4fff4f,858945.428820476616095289,858945.428820476616095289,2207.9531194415009486809379404,0.90190734614468113,same_tx_swap_flow_allocation
0x402b8bb4f40499882669472c8c2a8709bd0da061,0xb264984857ce63d1fafc6d8429a261bad2b240b38f4fd430f0ab41284a0213ab,50877999,538,0x7747f8d2a76bd6345cc29622a946a929647f2359,936018.805064451460702001,912603.58855556882127923389448741433972332211883398208686604699599,2421.9460385892999728381383111158210230560895774953388299061757015,0.98931943116719478895495450782604323191038740961529084562679909143,same_tx_swap_flow_allocation
0xfc90fd5e560471fab35e3703bf5ea4c54acee766,0x38692a3835d19acc45d0ab33d93229c09db1a5eec0e6770a496d34add0af053b,50878890,649,0xb92fe925dc43a0ecde6c8b1a2709c170ec4fff4f,137182.468716930551379611,137182.46871693055137961000000000000000000000000728956119067555248,329.31490568648426434151145081884399682449839232765727736708317487,0.13447487536362990899999901973716742835144249287220660098466490168,same_tx_swap_flow_allocation
0x461d5072f3eef08dedc4a7d74fb6d79f99e25e73,0x35f7ac5006814c16bcef87a965e06805119f7b3761237a173418214d64821b45,50879392,365,0x1a88da1057e056945a71bad50a74fb52707f1962,3306815.700918963662634074,0,0,0,unknown_transfer_or_unpriced_swap
0x2bb2173427bb17b78adaa3d5fad9716328c3d262,0x5b435163d20ea70e386dcdd3b18e32afdf6606753449744239ee457cb57f70cd,50880932,416,0xb92fe925dc43a0ecde6c8b1a2709c170ec4fff4f,407106.67724079721287243,407106.67724079721287242900000000000000000000000245635863007109482,994.71234109337013158542855902975651707774142129776950463509262350,0.40525138933948402999999900455725244765712645061603769421410878581,same_tx_swap_flow_allocation
0xf055acd3193f0bc2a46c06e2b3398c6c9b3c0f97,0xaba2dea38eefc15b01463c661f9d018c410f840a19fd6dea2f4b5e438bdfd727,50881907,252,0xb92fe925dc43a0ecde6c8b1a2709c170ec4fff4f,14749.465946174315941214,14749.46594617431594121300000000000000000000006779906497288315731,33.920507008411792194949244621341423550406731748899004072395900094,0.013815671696330539999999063310377016462853105711952006888855743336,same_tx_swap_flow_allocation
0xf055acd3193f0bc2a46c06e2b3398c6c9b3c0f97,0xd39c5893a77d52af790abfdce16a554d888932748b723394d929e2f91212c3d4,50882541,359,0xb92fe925dc43a0ecde6c8b1a2709c170ec4fff4f,2239525.817052422246901125,2183452.2519979022411230530000000000000000000000,6165.5267965064448149674220032800000000000000000000000000000000000,2.5118055155049999960000000000000000000000000000000000000000000000,same_tx_swap_flow_allocation
0x2bb2173427bb17b78adaa3d5fad9716328c3d262,0x15b2ba2d02c647127f6856394220371faac94f0a94ac52d1b0ab56c75cf74a6b,50882702,319,0xb92fe925dc43a0ecde6c8b1a2709c170ec4fff4f,68460.928027194258661874,68460.928027194258661874,191.48379129422332091932091748,0.078009561709336686,same_tx_swap_flow_allocation
0x4552df0be3b02bfb80c3444b3f1465ee0bdb224c,0xa70ff88d4728e1d45468242b7a813e33b45fac4f6ce66e0bacc019fe65546f24,50882727,347,0xf01a4dabfd54d1a6a1812a95f7151e8da851de2e,77.592597464574695708,0E-1813,0E-1813,0E-1813,unknown_transfer_or_unpriced_swap
0x461d5072f3eef08dedc4a7d74fb6d79f99e25e73,0xa70ff88d4728e1d45468242b7a813e33b45fac4f6ce66e0bacc019fe65546f24,50882727,348,0xf01a4dabfd54d1a6a1812a95f7151e8da851de2e,118.607707599943546546,0E-1879,0E-1879,0E-1879,unknown_transfer_or_unpriced_swap
0x8da2e73785a202263be1b04d3dcc8137181c89c3,0xa70ff88d4728e1d45468242b7a813e33b45fac4f6ce66e0bacc019fe65546f24,50882727,382,0xf01a4dabfd54d1a6a1812a95f7151e8da851de2e,435.84622009693779554,0E-4154,0E-4154,0E-4154,unknown_transfer_or_unpriced_swap
0xfc90fd5e560471fab35e3703bf5ea4c54acee766,0xa70ff88d4728e1d45468242b7a813e33b45fac4f6ce66e0bacc019fe65546f24,50882727,415,0xf01a4dabfd54d1a6a1812a95f7151e8da851de2e,3.657214889515256778,0E-6338,0E-6338,0E-6338,unknown_transfer_or_unpriced_swap
0x2bb2173427bb17b78adaa3d5fad9716328c3d262,0x8711a38c89c8d0d300ad9f2c7f8375fcde2215512daaa5025911bac57cdc3076,50883342,586,0xb92fe925dc43a0ecde6c8b1a2709c170ec4fff4f,75831.499338031204563884,75831.499338031204563883000000000000000000000013187132111714392557,197.10719171719362592338676794142265635079392516948990475190251661,0.080392567458473005999998939852592125205111654158629385251141043757,same_tx_swap_flow_allocation
0x8400275efc189259686fa57be45955b740c580d1,0x74dadebf1ffcdacb123e27ce815b1c59b85ad1021ea7c92cf7d84476b8a5aec3,50883769,102,0xb92fe925dc43a0ecde6c8b1a2709c170ec4fff4f,403101.020997768087430011,403101.020997768087430011,994.95633877888553156526,0.405254420839090859,same_tx_swap_flow_allocation
0x2bb2173427bb17b78adaa3d5fad9716328c3d262,0xb593b58711c4029e6435d271629107194ffd292bc36d6917bb25fb45c73106e4,50883896,81,0x9a44d4974cad27175458ee071c189c2619f417c0,445720.256641426055126576,0E-65,0E-65,0E-65,unknown_transfer_or_unpriced_swap
0x9a44d4974cad27175458ee071c189c2619f417c0,0x1f55e12c7d3aa79edcd94d08ed7e48dc10032b96f80f3e6e6e5ec1286d7060dd,50886069,6,0xbc6d645cd3cf98fecc6f48b1b3fe16f7e8927d4a,108306.138352080604848533,108306.138352080604848533,242.90043456096,0.099,same_tx_swap_flow_allocation
0x8da2e73785a202263be1b04d3dcc8137181c89c3,0x7cd574e580b76e7210cd40b3a6fd9cc1a0febf507fd6f8c7e7310f338f1c4fd4,50886242,531,0xb92fe925dc43a0ecde6c8b1a2709c170ec4fff4f,77124.091346726139375587,77124.091346726139375586000000000000000000000012966117104761834711,172.03953620808667785360166371522687703433282904295332898534555810,0.070118911542441609999999090829981682265797950741538654976531192019,same_tx_swap_flow_allocation
0x8da2e73785a202263be1b04d3dcc8137181c89c3,0xfd195f3ec43d2800f3b5f9249d724637f068b1b4983d422bf0f197d9312607bf,50886250,300,0xb92fe925dc43a0ecde6c8b1a2709c170ec4fff4f,44411.233390483383426696,44411.233390483383426696,100.2535848620947124983845216,0.04086079516196379,same_tx_swap_flow_allocation
0xf99d7a743d1b5b2ff28c22b2005cd98def3591de,0x44424de0d99aed35d2fe382ab70c784990230046d1c0e0c9086f9db75725325a,50887982,242,0xb92fe925dc43a0ecde6c8b1a2709c170ec4fff4f,361613.726528747343194664,361613.726528747343194664,684.12188260878415923481312059,0.278604075729365703,same_tx_swap_flow_allocation
0xfc90fd5e560471fab35e3703bf5ea4c54acee766,0x1c84e7d350f0e70d1ba3b5601ed846443a7b0739129392f06c510b8df7901b79,50889007,218,0xb92fe925dc43a0ecde6c8b1a2709c170ec4fff4f,92601.403868434508617597,92601.403868434508617597,174.38588367257823684767061507,0.071040199527342729,same_tx_swap_flow_allocation
0xfc90fd5e560471fab35e3703bf5ea4c54acee766,0x17be71f34cac6f8498656517c288b802641083f838a6457d512cf274ef1b0a79,50891356,560,0xb92fe925dc43a0ecde6c8b1a2709c170ec4fff4f,543163.550035290646636364,543163.55003529064663636300000000000000000000000184106610234620417,1070.9013526387046622607139521998207001820777096471706544612263357,0.43605086273001170499999919720153772895764425323561433895370242455,same_tx_swap_flow_allocation
0x8b87ba04b378efc94d42f6d82ef7e6f52e48e4fd,0x7253fd668abb87071b1f137fc80071ddcce9f6d183bceb769178b3eac1df1270,50904339,466,0xb92fe925dc43a0ecde6c8b1a2709c170ec4fff4f,369546.216607270656510165,369546.216607270656510165,1016.05498823337686498734123854,0.414094045074141198,same_tx_swap_flow_allocation
0x8b87ba04b378efc94d42f6d82ef7e6f52e48e4fd,0x5eeb62286f7a15e19c6991ce6638fb27a69ac164075901dd2db5701b34d76280,50904348,580,0xb92fe925dc43a0ecde6c8b1a2709c170ec4fff4f,168493.535256781273432064,168493.53525678127343206300004720957019343162613312085035940023733,507.92824296522209311852461159475653960755320501813227708757744504,0.20700657264876246475131784485435633541443417159845152003561850535,same_tx_swap_flow_allocation
0x8b87ba04b378efc94d42f6d82ef7e6f52e48e4fd,0xb386e0e5236d92467e22736dbe940f132f783f3ff076d0131ec27766d9a34a07,50904369,142,0xb92fe925dc43a0ecde6c8b1a2709c170ec4fff4f,658486.26258036491972124,658486.26258036491972123900000000000000000000000151863456662158545,2031.0152412576734344931353258400492908182864121831826039150303560,0.82774192991457167699999874296249298966968401633757181215163740039,same_tx_swap_flow_allocation
0x8400275efc189259686fa57be45955b740c580d1,0xfa37ec10c689d377379c434eced721e8202e426222156f76da47540c0c386cc1,50904389,550,0xb92fe925dc43a0ecde6c8b1a2709c170ec4fff4f,1434264.264875209785743395,1434264.264875209785743395,4750.28189330540208179859105514,1.935981287648056618,same_tx_swap_flow_allocation
0xf99d7a743d1b5b2ff28c22b2005cd98def3591de,0x3f58baed02097e0cdd4556c8fdd57621152d762f9af421e8224d06f94d11c870,50906735,175,0xb92fe925dc43a0ecde6c8b1a2709c170ec4fff4f,532647.861669700660625259,532647.861669700660625259,1372.94913230105329770056986975,0.558157003468798565,same_tx_swap_flow_allocation
0xe3fbd75c0b9374947aaf5aef9708a81ccf68555e,0xb360bb1f3651538b8cd8ac133333e29b00d62640c4dda3019c5eee2be1370cc1,50907595,240,0xb92fe925dc43a0ecde6c8b1a2709c170ec4fff4f,3601896.703322856270656744,3513052.8428253638038842070000000000000000000000,11032.446516713102276809515900000000000000000000000000000000000000,4.4906329670811510570000000000000000000000000000000000000000000000,same_tx_swap_flow_allocation
0xf99d7a743d1b5b2ff28c22b2005cd98def3591de,0x08c72d2b519d470314de7be36aced87b22c96a4a4f9cac7b1f02417676d98da1,50907613,283,0xb92fe925dc43a0ecde6c8b1a2709c170ec4fff4f,301547.31734813362717593,301547.31734813362717593,991.6302077201893072569552,0.403631895717406896,same_tx_swap_flow_allocation
0xe3fbd75c0b9374947aaf5aef9708a81ccf68555e,0x14599e88af4f1361ee99f3ce45c19bcaa77654d92916381a7f83ba97ba7986f8,50907705,237,0xb92fe925dc43a0ecde6c8b1a2709c170ec4fff4f,592343.39321880581424639,592343.3932188058142463890000000000000000000000016882099326979576,1849.3534821977162530130362779030822842599093933013831902930693588,0.75275848401915746199999872918565035620158682146242875460480645118,same_tx_swap_flow_allocation
0x0a7eaee9d588c0af4eac758c3bd6b1e69e4d8f3b,0x26723789a555c04b1f585882491b51a71e76b78dbf033dd9de889a891b6bf683,50908000,552,0x1231deb6f5749ef6ce6943a275a1d3e7486f4eae,392728.859674613298615566,392728.85967461329861556500942853351917829367441927046665793487399,1226.7653077617045559804321341188896577782220601568979353529426550,0.49934098711112061789961429178045522062301675373709292834646690795,same_tx_swap_flow_allocation
0x4552df0be3b02bfb80c3444b3f1465ee0bdb224c,0x186e829eb23c94dbb4b8ab2633bdcae88e25d2c550ddbf5931bec34017b01816,50908234,341,0xf01a4dabfd54d1a6a1812a95f7151e8da851de2e,77.326521284544890207,0E-2013,0E-2013,0E-2013,unknown_transfer_or_unpriced_swap
0x461d5072f3eef08dedc4a7d74fb6d79f99e25e73,0x186e829eb23c94dbb4b8ab2633bdcae88e25d2c550ddbf5931bec34017b01816,50908234,342,0xf01a4dabfd54d1a6a1812a95f7151e8da851de2e,118.200984706375079637,0E-2079,0E-2079,0E-2079,unknown_transfer_or_unpriced_swap
0x8da2e73785a202263be1b04d3dcc8137181c89c3,0x186e829eb23c94dbb4b8ab2633bdcae88e25d2c550ddbf5931bec34017b01816,50908234,376,0xf01a4dabfd54d1a6a1812a95f7151e8da851de2e,434.351640702598419503,0E-4354,0E-4354,0E-4354,unknown_transfer_or_unpriced_swap
0xfc90fd5e560471fab35e3703bf5ea4c54acee766,0x186e829eb23c94dbb4b8ab2633bdcae88e25d2c550ddbf5931bec34017b01816,50908234,410,0xf01a4dabfd54d1a6a1812a95f7151e8da851de2e,3.644673773491983817,0E-6607,0E-6607,0E-6607,unknown_transfer_or_unpriced_swap
0x0a7eaee9d588c0af4eac758c3bd6b1e69e4d8f3b,0x1e8ab05d7eddcf944cb56c5e61614644e69ef096c9add544941bd0b3af0117a2,50908263,370,0x1231deb6f5749ef6ce6943a275a1d3e7486f4eae,692056.568352638127383054,683549.44641336871288227904414267785243626267361611269790270240047,2248.8278387665914352259304333385623959197091426533268008549839102,0.91581908133746316600434799764477403855006748262646661625020170538,same_tx_swap_flow_allocation
0xfc90fd5e560471fab35e3703bf5ea4c54acee766,0xb2261f761ac06788dcc35981ca1f9e937b92959d5ee07f1b6ba601b86034bd62,50910402,558,0xb92fe925dc43a0ecde6c8b1a2709c170ec4fff4f,65383.929936278050917782,65383.929936278050917781000000000000000000000015294277981983970722,200.08457023212539360858077401096296407917464456227181022290512924,0.081502840510965755999998753472900903985240131636058922181960018356,same_tx_swap_flow_allocation
0xf055acd3193f0bc2a46c06e2b3398c6c9b3c0f97,0x6296109b7effc28f9159d3549168d44c3946009665ccc763bdb1fae37ae5a592,50913809,404,0xb92fe925dc43a0ecde6c8b1a2709c170ec4fff4f,5770.820145049533955003,3884.5863789848167318770000000000000000000000000,13.517736364142083947314803560000000000000000000000000000000000000,0.0055041660543425820000000000000000000000000000000000000000000000000,same_tx_swap_flow_allocation
0x9a44d4974cad27175458ee071c189c2619f417c0,0xca7583eea52294c43983debb6df06b426dc8bf58ea7c6ab2e66fd42e34d17007,50915089,422,0xbc6d645cd3cf98fecc6f48b1b3fe16f7e8927d4a,61908.822052953909395983,61908.822052953909395983,243.3724029,0.099,same_tx_swap_flow_allocation
0x9a44d4974cad27175458ee071c189c2619f417c0,0xbdb1277934e457fde42d8b6777dcd277eb090f717621c74b254e55f1b0c4a0b8,50915091,201,0xbc6d645cd3cf98fecc6f48b1b3fe16f7e8927d4a,61697.196810991514769807,61697.196810991514769807,243.3724029,0.099,same_tx_swap_flow_allocation
0x8b87ba04b378efc94d42f6d82ef7e6f52e48e4fd,0x9619e20079f87679b2ee318ec671743505fdba77574c86831dc4c7160a42d5f4,50915097,229,0xb92fe925dc43a0ecde6c8b1a2709c170ec4fff4f,260889.381701234697780819,260889.381701234697780819,1021.0384918804527492090276,0.415342123805627356,same_tx_swap_flow_allocation
0x2bb2173427bb17b78adaa3d5fad9716328c3d262,0x7eef35055006289f78de2f48f91baddb329c7609c05cc83e71ea2cfe138b6494,50915649,227,0xb92fe925dc43a0ecde6c8b1a2709c170ec4fff4f,223542.949304012447781917,223542.949304012447781916000000000000000000000004473413288647394,994.75731711099631247209555003939865643940518764310299509531508541,0.40481061518186181499999818911481465993285633556736267471954026932,same_tx_swap_flow_allocation
0x2bb2173427bb17b78adaa3d5fad9716328c3d262,0xc09bf54a466cb919cfe5c3617bbe20460284408508c8c5c1da483d7df62221b4,50915681,176,0xb92fe925dc43a0ecde6c8b1a2709c170ec4fff4f,215064.796201637926467095,215064.79620163792646709400000000000000000000000464976145636792988,994.88699030642283561057537401281903130081514277809946290021634293,0.40486338492289338699999811748183769087745901779082237822206790389,same_tx_swap_flow_allocation
0x2bb2173427bb17b78adaa3d5fad9716328c3d262,0x3309ee5d7a8384f799bba2b6335182b9f3d7ecc7473af898ad9194b3f59bdd55,50915685,1080,0xb92fe925dc43a0ecde6c8b1a2709c170ec4fff4f,212390.140568476933860048,212390.14056847693386004700000000000000000000000470831648457612336,994.92426337866571227079531558168982947158287486408173418379329637,0.40487855297950861999999809370363475525225767491030208851188410898,same_tx_swap_flow_allocation
0x402b8bb4f40499882669472c8c2a8709bd0da061,0x433f8fe7ef729ef9200579d39ed5993023c38200133fd5166737dbee831c5085,50915774,634,0x20f6ee51340adeed01a59b0e65cb3703f3dc860c,256424.297666626549211374,252312.52024104261285002800156499767345461674532823245323213734662,1172.3646676970046196831037384735775553695436613727738427869718646,0.47708687755744203882372961758388239127249125533006171013655898840,same_tx_swap_flow_allocation
0x1045162ce57c1075c1bc545e9a9affdb39287cb6,0x5e0b2b09a0353e90bfb37f8a3e8e13b191d3ee00cb2996707dfed58ca0240c73,50915853,636,0xb92fe925dc43a0ecde6c8b1a2709c170ec4fff4f,593277.545020197783009065,593277.54502019778300906400000000000000000000000168555174284567873,2931.6409643780277534359750585674630948289618788271576761572147592,1.1930139762418011969999979891132131063788331605830522744745190976,same_tx_swap_flow_allocation
0x1b72ee84b5675809d3b061a0046798cd61b31de1,0x351dacceb8506956ed07a08c1739b112d5d171a2c3a1ce5e8d02c582eb6fec79,50915945,223,0xb92fe925dc43a0ecde6c8b1a2709c170ec4fff4f,577159.816811446275737438,577159.81681144627573743700000000000000000000000173262235324101296,2854.3083655046591182374350545615228838081754241979371681957531595,1.1615439318550380159999979874830193965052355083944172024204030210,same_tx_swap_flow_allocation
0x8b87ba04b378efc94d42f6d82ef7e6f52e48e4fd,0x9561ae2ae7fd360449d0e28de87459cc276dfbf42cd9564c44732f81149f74b0,50915972,238,0xb92fe925dc43a0ecde6c8b1a2709c170ec4fff4f,396026.242482472191694702,396026.242482472191694702,2040.94599345960346840818,0.830550918252909027,same_tx_swap_flow_allocation
0x8b87ba04b378efc94d42f6d82ef7e6f52e48e4fd,0x73b66530274e024c2328e451c69040e5fd83e6fbb254f264b5f3342494be556c,50915979,132,0xb92fe925dc43a0ecde6c8b1a2709c170ec4fff4f,393193.351586179593232864,393193.35158617959323286400000000000000000000000,2032.3525816211253462648749850092302081856075762673180272224446272,0.82705388005775568145428592909781723659957823348308253120139851515,same_tx_swap_flow_allocation
0xdcbf9960904c9b2fe0abcb868544af2cef1777e1,0x243df86ec3c49877d8edce8377ea1063a4c153f14666bfa22ccbbb55591b407e,50916325,736,0x9008d19f58aabd9ed0d60971565aa8510560ab41,2885376.48652038703041805,2880183.6577480726304940774225225123103931845931278907185636111943,13615.226412147146208099548009722782388298232196134427030001218174,5.5364770189806047854861401797509152822928477620462446113010577853,same_tx_swap_flow_allocation
0xf99d7a743d1b5b2ff28c22b2005cd98def3591de,0xa8221e2dfb9695cfa5e02a88e7f242cef6a0bc95f952a3c23617c2e1140db932,50917197,386,0xb92fe925dc43a0ecde6c8b1a2709c170ec4fff4f,275429.007648304971381157,275429.00764830497138115600000000000000000000000363069964394200271,994.80129784460313837485258515528212255720031128901627662959251751,0.40459493830924649799999853103730153988218889804626279866441330797,same_tx_swap_flow_allocation
0x2bb2173427bb17b78adaa3d5fad9716328c3d262,0x28b0630eaca5897053a600921321d18ccc938fc08a8273824b8d22fd079141d4,50917198,188,0xb92fe925dc43a0ecde6c8b1a2709c170ec4fff4f,54582.142823284050034477,54582.142823284050034476000000000000000000000018321010284217216182,198.93005740936765522561959072037236305396313453828000581683686625,0.080906704162714731999998517707440972783540299633349290689467233546,same_tx_swap_flow_allocation
0xf99d7a743d1b5b2ff28c22b2005cd98def3591de,0xfdcf3a040a915f4f2c706969c8a567e599f27bddf2aac9704bb71fb74906328e,50917204,2335,0xb92fe925dc43a0ecde6c8b1a2709c170ec4fff4f,269319.90188205120261984,269319.90188205120261983900000000000000000000000371305645446859899,994.70731934976647399242901001556758119166018863365360121203690928,0.40455671638150754199999849785807304102102421258785638049178207603,same_tx_swap_flow_allocation
0xf99d7a743d1b5b2ff28c22b2005cd98def3591de,0x1854e8e334b578a6d23bc35cb6514ff3f6b615a27010c2274ae54a88a550b0f6,50917222,183,0xb92fe925dc43a0ecde6c8b1a2709c170ec4fff4f,265967.41657067134167228,265967.41657067134167228,994.85226404231583370969260229,0.404615666735781629,same_tx_swap_flow_allocation
0x211c8e97a504d2d142bc945334d4a88bd3270b4d,0xf4bfc3d7a89501df741ea2fb81bc9e3c1c4babbae8ccfdc246601236365a12ac,50917399,1032,0xb92fe925dc43a0ecde6c8b1a2709c170ec4fff4f,972497.094844310207356841,972497.094844310207356841,3940.76312989591010604197954855,1.601873368573511215,same_tx_swap_flow_allocation
0x461d5072f3eef08dedc4a7d74fb6d79f99e25e73,0x7fde86e09971abc187a55376ba18b7a28339628227a91d98af00da8e77b26830,50918414,305,0xb92fe925dc43a0ecde6c8b1a2709c170ec4fff4f,84612.808809038343968401,84612.808809038343968400000000000000000000000011818541590516020736,292.98670739218711173674030452441321708896239346226369592403536196,0.11879657759943221999999859599770683014645009745052162905359303846,same_tx_swap_flow_allocation
0x8b87ba04b378efc94d42f6d82ef7e6f52e48e4fd,0x9256355d542618c45289744c27c12f8b9fe1ef854894fe1fe1f552daac965913,50919965,285,0xb92fe925dc43a0ecde6c8b1a2709c170ec4fff4f,228625.316120416163090213,228625.316120416163090213,1030.841237632576398067537910,0.416209639571309834,same_tx_swap_flow_allocation
0x2bb2173427bb17b78adaa3d5fad9716328c3d262,0xb1f6c3b88803158e21040b8f0b5441400badd84dd1cfb206942e177383606c83,50920965,126,0xb92fe925dc43a0ecde6c8b1a2709c170ec4fff4f,101286.765153462269672513,101286.76515346226967251200000000000000000000000987295821408526004,497.54476857498747733783774699129022242762159306190635479014148879,0.20061321254190079099999801935413538040847490786590224882103401145,same_tx_swap_flow_allocation
0x4552df0be3b02bfb80c3444b3f1465ee0bdb224c,0x3223a373e627c37c743e9fafd9aa17e8bc88408e5469a5b68c8217d1a6d89138,50921520,262,0xf01a4dabfd54d1a6a1812a95f7151e8da851de2e,75.252657984608127673,0E-2150,0E-2150,0E-2150,unknown_transfer_or_unpriced_swap
0x461d5072f3eef08dedc4a7d74fb6d79f99e25e73,0x3223a373e627c37c743e9fafd9aa17e8bc88408e5469a5b68c8217d1a6d89138,50921520,263,0xf01a4dabfd54d1a6a1812a95f7151e8da851de2e,115.030886270200736408,0E-2216,0E-2216,0E-2216,unknown_transfer_or_unpriced_swap
0x8da2e73785a202263be1b04d3dcc8137181c89c3,0x3223a373e627c37c743e9fafd9aa17e8bc88408e5469a5b68c8217d1a6d89138,50921520,296,0xf01a4dabfd54d1a6a1812a95f7151e8da851de2e,322.06289055164066517,0E-4427,0E-4427,0E-4427,unknown_transfer_or_unpriced_swap
0xf0f349d0ed0673a77e0afcdffe00e8c023645a4e,0x3223a373e627c37c743e9fafd9aa17e8bc88408e5469a5b68c8217d1a6d89138,50921520,327,0xf01a4dabfd54d1a6a1812a95f7151e8da851de2e,115.034901227490890608,0E-6485,0E-6485,0E-6485,unknown_transfer_or_unpriced_swap
0xfc90fd5e560471fab35e3703bf5ea4c54acee766,0x3223a373e627c37c743e9fafd9aa17e8bc88408e5469a5b68c8217d1a6d89138,50921520,332,0xf01a4dabfd54d1a6a1812a95f7151e8da851de2e,3.546925225470882385,0E-6814,0E-6814,0E-6814,unknown_transfer_or_unpriced_swap
0xfc90fd5e560471fab35e3703bf5ea4c54acee766,0x8a203f28dc9d7b31b88b82ea3eec14b9dfb93c805802cbe5afb92fb7c896fb10,50921555,111,0xb92fe925dc43a0ecde6c8b1a2709c170ec4fff4f,147948.763334428912883834,147948.76333442891288383300000000000000000000000675909671336395448,883.11941691117599279615403091045164777846615409080044112507129218,0.35628042574844112799999759186614528780114984915230459314689488614,same_tx_swap_flow_allocation
0x8b87ba04b378efc94d42f6d82ef7e6f52e48e4fd,0x4485ce516877aa5bebd680ef48ce1405c41da8d4eda0b4d7946c38eba732c20c,50921925,320,0x9a44d4974cad27175458ee071c189c2619f417c0,632898.064155915464964969,0E-65,0E-65,0E-65,unknown_transfer_or_unpriced_swap
0x2bb2173427bb17b78adaa3d5fad9716328c3d262,0xd316baff10913d76fcc0167fe530b23f3d8b7ad14bd55ce770c3684c5852e27c,50922171,159,0xb92fe925dc43a0ecde6c8b1a2709c170ec4fff4f,164633.680060005910109054,164633.680060005910109054,995.33314231275722006150060020,0.401735611819470665,same_tx_swap_flow_allocation
0x2bb2173427bb17b78adaa3d5fad9716328c3d262,0x6bd08203589e3f5905177b642604c388824179cbab42dee422e0a659f3939383,50922177,274,0xb92fe925dc43a0ecde6c8b1a2709c170ec4fff4f,162766.954953867712296346,162766.95495386771229634500000000000000000000000614375319783690363,995.32713014850043462736598875576125632248407140639741666318758349,0.40173318519427013499999753185045878549783197119727587313379687066,same_tx_swap_flow_allocation
0x2bb2173427bb17b78adaa3d5fad9716328c3d262,0x6654e7c2251172b655ccea41923ef47725a97de80d29ed81a094170868ff4daf,50922181,318,0xb92fe925dc43a0ecde6c8b1a2709c170ec4fff4f,162045.843477041222552526,162045.843477041222552526,995.27575592423078918005281580,0.401712449568637535,same_tx_swap_flow_allocation
0x4552df0be3b02bfb80c3444b3f1465ee0bdb224c,0x8894453a397d9c5d2a3a83bbd0c29925fa18e502f449811ecdc2dfcccba1eeac,50922282,592,0xf01a4dabfd54d1a6a1812a95f7151e8da851de2e,46.52906359521887492,0E-2219,0E-2219,0E-2219,unknown_transfer_or_unpriced_swap
0x461d5072f3eef08dedc4a7d74fb6d79f99e25e73,0x8894453a397d9c5d2a3a83bbd0c29925fa18e502f449811ecdc2dfcccba1eeac,50922282,593,0xf01a4dabfd54d1a6a1812a95f7151e8da851de2e,71.124124596041421406,0E-2285,0E-2285,0E-2285,unknown_transfer_or_unpriced_swap
0x8da2e73785a202263be1b04d3dcc8137181c89c3,0x8894453a397d9c5d2a3a83bbd0c29925fa18e502f449811ecdc2dfcccba1eeac,50922282,632,0xf01a4dabfd54d1a6a1812a95f7151e8da851de2e,199.132962442367600687,0E-4900,0E-4900,0E-4900,unknown_transfer_or_unpriced_swap
0xf0f349d0ed0673a77e0afcdffe00e8c023645a4e,0x8894453a397d9c5d2a3a83bbd0c29925fa18e502f449811ecdc2dfcccba1eeac,50922282,669,0xf01a4dabfd54d1a6a1812a95f7151e8da851de2e,23.26320221885662154,0E-7356,0E-7356,0E-7356,unknown_transfer_or_unpriced_swap
0xfc90fd5e560471fab35e3703bf5ea4c54acee766,0x8894453a397d9c5d2a3a83bbd0c29925fa18e502f449811ecdc2dfcccba1eeac,50922282,674,0xf01a4dabfd54d1a6a1812a95f7151e8da851de2e,68.496871660785919976,0E-7685,0E-7685,0E-7685,unknown_transfer_or_unpriced_swap
0x7092b2648127f3e831c279d43cb5494bddc7d5dc,0x5ffaf38d2f9e9f861fc4c0bfbd906f120741b42755047bad2e8bea4ba4f83451,50922649,635,0x7692acc1cdd771d09ebcae3663e1843b2911bec7,311956.605773742742053672,311956.605773742742053672,1775.23805779616308797330,0.716269465914649514,same_tx_swap_flow_allocation
0x2bb2173427bb17b78adaa3d5fad9716328c3d262,0x0563b52fd82bf98517130b8fec3f4e1f92cf782d0650605143266f72f941d9f0,50922777,587,0xb92fe925dc43a0ecde6c8b1a2709c170ec4fff4f,87903.540307269108446835,87903.540307269108446834000000000000000000000011376106087473542305,497.64775838242175963459433870630644816928008549150497300442154078,0.20078991239783806799999771579265526767507114748794810183962619411,same_tx_swap_flow_allocation
0xfc90fd5e560471fab35e3703bf5ea4c54acee766,0x4d1cc8a9ddc878f22971d7aeace37ab074321ac79ab251e95d30212d4d3cf987,50922842,422,0xb92fe925dc43a0ecde6c8b1a2709c170ec4fff4f,123685.976252039747717624,123685.97625203974771762300000000000000000000000808499096099836669,691.55476665261059231534440878596257830866056841069117787566039846,0.27902712043923040299999774406825337541958101571978098322566942987,same_tx_swap_flow_allocation
0xddd24286c8bf7b327c152021f0413d7a779347df,0xdf7975b25ff55624d1ddc4460622bcd43b06da41a54be5546e0ab62ed8c6ebb5,50923167,630,0x0ea105e0e651f4d797c3c2bc0c67f85d39fe6e5c,4975961.1935,0E-65,0E-65,0E-65,unknown_transfer_or_unpriced_swap
0x67505fc71782403718939b4bb3f6ab39be613f4f,0x7defae3044a752a3f2ade5c2d5b714994f3d8f5968a22212c568a34099c29be4,50925085,827,0xb92fe925dc43a0ecde6c8b1a2709c170ec4fff4f,590127.946517605663780856,590127.94651760566378085500000000000000000000000169454777714067531,3187.9345787536215352806236173125459031555155543907362134354233954,1.2851631303005883009999978222296742859860326008952492701333697716,same_tx_swap_flow_allocation
0x67505fc71782403718939b4bb3f6ab39be613f4f,0xc5d5ee044f48dfa0aa5bc5b2865ab8dcaca58e188d05c133668c5282161bca68,50925636,1137,0x9a44d4974cad27175458ee071c189c2619f417c0,251573.99807404533171455,0E-65,0E-65,0E-65,unknown_transfer_or_unpriced_swap
0x67505fc71782403718939b4bb3f6ab39be613f4f,0xa7b45623552a6a388e3fc6ca3b3ee9e0ab8f87c73879ede6922bae52f67b8df1,50925941,42,0x9a44d4974cad27175458ee071c189c2619f417c0,474371.145032215310183546,0E-65,0E-65,0E-65,unknown_transfer_or_unpriced_swap
0x67505fc71782403718939b4bb3f6ab39be613f4f,0x9c07efc3459ad6c07520802d97ded25e3430395c05bba97055081c42db4fdbad,50927329,269,0xb92fe925dc43a0ecde6c8b1a2709c170ec4fff4f,173146.187951543533922536,173146.1879515435339225350000000000000000000000057754664531214438,995.70011812328237779614102336737040992370715184237721861440643531,0.40128892521588134999999768236927440651743002966633680662935255152,same_tx_swap_flow_allocation
0xfc90fd5e560471fab35e3703bf5ea4c54acee766,0x0eea2939f0bec14d3486ea50e76164b359c0ba3d6275ea6389076b25f7b234c2,50927331,302,0xb92fe925dc43a0ecde6c8b1a2709c170ec4fff4f,171711.22837085222406458,171711.22837085222406457900000000000000000000000582373097838573733,999.73176931126966064914994859112498557529114824775882175490038597,0.40291376882353514899999765353860288422885661307912542094285797513,same_tx_swap_flow_allocation
0x008808d79cc6b3893231d8a25208ffe1718a40e5,0xc52c5394d2a8f2eda674dd3d80c10148deb6b98449024719b11531d200d72311,50927407,227,0xb92fe925dc43a0ecde6c8b1a2709c170ec4fff4f,2545955.409573579179610334,2545955.409573579179610334,16767.83509899598789167218572740,6.757804285245764385,same_tx_swap_flow_allocation
0x4552df0be3b02bfb80c3444b3f1465ee0bdb224c,0x47f52b6772d202f483fca3d25af9d9e5f790e724adc7c7e52c089facab58ca3a,50927650,1002,0xf01a4dabfd54d1a6a1812a95f7151e8da851de2e,34.559378142232724471,0E-2287,0E-2287,0E-2287,unknown_transfer_or_unpriced_swap
0x461d5072f3eef08dedc4a7d74fb6d79f99e25e73,0x47f52b6772d202f483fca3d25af9d9e5f790e724adc7c7e52c089facab58ca3a,50927650,1003,0xf01a4dabfd54d1a6a1812a95f7151e8da851de2e,52.827315381486525454,0E-2353,0E-2353,0E-2353,unknown_transfer_or_unpriced_swap
0x8da2e73785a202263be1b04d3dcc8137181c89c3,0x47f52b6772d202f483fca3d25af9d9e5f790e724adc7c7e52c089facab58ca3a,50927650,1043,0xf01a4dabfd54d1a6a1812a95f7151e8da851de2e,147.905649026127495831,0E-5035,0E-5035,0E-5035,unknown_transfer_or_unpriced_swap
0xd8b7f8ee88f4a19933e21724a3227b04cc31e9fe,0x47f52b6772d202f483fca3d25af9d9e5f790e724adc7c7e52c089facab58ca3a,50927650,1070,0xf01a4dabfd54d1a6a1812a95f7151e8da851de2e,32.905271251122933408,0E-6827,0E-6827,0E-6827,unknown_transfer_or_unpriced_swap
0xf99d7a743d1b5b2ff28c22b2005cd98def3591de,0x47f52b6772d202f483fca3d25af9d9e5f790e724adc7c7e52c089facab58ca3a,50927650,1082,0xf01a4dabfd54d1a6a1812a95f7151e8da851de2e,31.744560207598412755,0E-7625,0E-7625,0E-7625,unknown_transfer_or_unpriced_swap
0xfc90fd5e560471fab35e3703bf5ea4c54acee766,0x47f52b6772d202f483fca3d25af9d9e5f790e724adc7c7e52c089facab58ca3a,50927650,1085,0xf01a4dabfd54d1a6a1812a95f7151e8da851de2e,50.875927998007878132,0E-7820,0E-7820,0E-7820,unknown_transfer_or_unpriced_swap
0xfc90fd5e560471fab35e3703bf5ea4c54acee766,0xe2bb6454dbed36a536287595f1b7f55058c115ef114f9f102bd02e609130595e,50927804,245,0xb92fe925dc43a0ecde6c8b1a2709c170ec4fff4f,149206.118714184300350196,149206.118714184300350196,1006.85296988791970767484,0.404063283017200162,same_tx_swap_flow_allocation
0x2bb2173427bb17b78adaa3d5fad9716328c3d262,0x68ef95fde927dcb44b71b00880a718442fda8e818d8f0ff0a1d611f71424a455,50927812,782,0xb92fe925dc43a0ecde6c8b1a2709c170ec4fff4f,713115.004321727695516469,713115.00432172769551646800000000000000000000000140229835852513037,4979.3498814029542084672730174658347863347121103781121426820738135,1.9982783192216750039999971978175930790886629493214245582273494127,same_tx_swap_flow_allocation
0x0c175c6a0065ee05f871a68783d2de432a1e6cbe,0xb236a589ad3c9ee695132f353395735c7bc6c2b05fddf4758bdbe87cf349c295,50928774,555,0xb92fe925dc43a0ecde6c8b1a2709c170ec4fff4f,159241.84686267121702395,159241.84686267121702395,1085.3060280800857993629938,0.436589701882488791,same_tx_swap_flow_allocation
0x8da2e73785a202263be1b04d3dcc8137181c89c3,0x209f13b7f643ba904fd326637d1ea11753e371bb9bdcf1faecb988346ea8381c,50928800,375,0xb92fe925dc43a0ecde6c8b1a2709c170ec4fff4f,141050.866278570154246463,141050.866278570154246463,1013.6541090992085039528128,0.407766043727278496,same_tx_swap_flow_allocation
0x211c8e97a504d2d142bc945334d4a88bd3270b4d,0xc0c7bd3821ce91c4aa605d10c66fff5894916ec6964d477bb5835c98d94ba214,50929667,174,0xf01a4dabfd54d1a6a1812a95f7151e8da851de2e,193.690706910695135175,0E-1417,0E-1417,0E-1417,unknown_transfer_or_unpriced_swap
0x25eded2339466d3b7daf552b24d9b6e09b409b4b,0xc0c7bd3821ce91c4aa605d10c66fff5894916ec6964d477bb5835c98d94ba214,50929667,179,0xf01a4dabfd54d1a6a1812a95f7151e8da851de2e,14.243662906650603414,0E-1752,0E-1752,0E-1752,unknown_transfer_or_unpriced_swap
0x4552df0be3b02bfb80c3444b3f1465ee0bdb224c,0xc0c7bd3821ce91c4aa605d10c66fff5894916ec6964d477bb5835c98d94ba214,50929667,192,0xf01a4dabfd54d1a6a1812a95f7151e8da851de2e,50.009291075654900353,0E-2622,0E-2622,0E-2622,unknown_transfer_or_unpriced_swap
0x461d5072f3eef08dedc4a7d74fb6d79f99e25e73,0xc0c7bd3821ce91c4aa605d10c66fff5894916ec6964d477bb5835c98d94ba214,50929667,193,0xf01a4dabfd54d1a6a1812a95f7151e8da851de2e,76.443985212504248743,0E-2688,0E-2688,0E-2688,unknown_transfer_or_unpriced_swap
0x8da2e73785a202263be1b04d3dcc8137181c89c3,0xc0c7bd3821ce91c4aa605d10c66fff5894916ec6964d477bb5835c98d94ba214,50929667,237,0xf01a4dabfd54d1a6a1812a95f7151e8da851de2e,214.027481149676707875,0E-5640,0E-5640,0E-5640,unknown_transfer_or_unpriced_swap
0xd8b7f8ee88f4a19933e21724a3227b04cc31e9fe,0xc0c7bd3821ce91c4aa605d10c66fff5894916ec6964d477bb5835c98d94ba214,50929667,265,0xf01a4dabfd54d1a6a1812a95f7151e8da851de2e,47.615708857615257797,0E-7498,0E-7498,0E-7498,unknown_transfer_or_unpriced_swap
0xf99d7a743d1b5b2ff28c22b2005cd98def3591de,0xc0c7bd3821ce91c4aa605d10c66fff5894916ec6964d477bb5835c98d94ba214,50929667,277,0xf01a4dabfd54d1a6a1812a95f7151e8da851de2e,45.936097141471259288,0E-8297,0E-8297,0E-8297,unknown_transfer_or_unpriced_swap
0xfc90fd5e560471fab35e3703bf5ea4c54acee766,0xc0c7bd3821ce91c4aa605d10c66fff5894916ec6964d477bb5835c98d94ba214,50929667,281,0xf01a4dabfd54d1a6a1812a95f7151e8da851de2e,129.785658861427551418,0E-8559,0E-8559,0E-8559,unknown_transfer_or_unpriced_swap
0xf99d7a743d1b5b2ff28c22b2005cd98def3591de,0x5ac2f9f06f4e607199e8aeee946be39eeab34db365a369dd60873f1987681e44,50930378,316,0xb92fe925dc43a0ecde6c8b1a2709c170ec4fff4f,64081.19420813318129892,64081.194208133181298919000000000000000000000015605202311805232562,497.58132890606916857709352912269584388962023824634357750077937622,0.20069061005182581299999686818242806164537907006107878673839084245,same_tx_swap_flow_allocation
0xf0f349d0ed0673a77e0afcdffe00e8c023645a4e,0xdff4a6b5adc5c01813c2df981369dcde05f70af8fdc447574d7499c1d3d61b3a,50931217,230,0x7692acc1cdd771d09ebcae3663e1843b2911bec7,392184.936818182853340526,392184.936818182853340526,2480.8023,1,same_tx_swap_flow_allocation
0xf0f349d0ed0673a77e0afcdffe00e8c023645a4e,0xed7d31e2afc5326d3de548b5850953b56dc698f47cac69fc11035b4588d9178d,50931700,265,0x7692acc1cdd771d09ebcae3663e1843b2911bec7,81998.8503935117148078,81998.8503935117148078,496.458,0.2,same_tx_swap_flow_allocation
0x37e28bd5d40667420ee9fcafc8c0d7748c674649,0xc0a373c035fefba3c16a97fde8fca6b28e2ea62ef52fd8b99e20dad093e622e2,50932563,645,0x498581ff718922c3f8e6a244956af099b2652b2b,8422.966378586913167531,0E-66,0E-66,0E-66,unknown_transfer_or_unpriced_swap
0x37e28bd5d40667420ee9fcafc8c0d7748c674649,0xc0a373c035fefba3c16a97fde8fca6b28e2ea62ef52fd8b99e20dad093e622e2,50932563,647,0x7692acc1cdd771d09ebcae3663e1843b2911bec7,693300.370625877043913312,693300.370625877043913312,4907.00527925206725631002769713,1.975325169019301427,same_tx_swap_flow_allocation
0x37e28bd5d40667420ee9fcafc8c0d7748c674649,0xb264c5ff1908bb439e336fdfba15a0b2a496486c74d1e08cdcabe58cd697c933,50932573,325,0x498581ff718922c3f8e6a244956af099b2652b2b,25294.560421802577849063,0E-66,0E-66,0E-66,unknown_transfer_or_unpriced_swap
0x37e28bd5d40667420ee9fcafc8c0d7748c674649,0xb264c5ff1908bb439e336fdfba15a0b2a496486c74d1e08cdcabe58cd697c933,50932573,327,0x7692acc1cdd771d09ebcae3663e1843b2911bec7,631759.04778758065678235,631759.04778758065678235,4606.51069259257261733175827454,1.854360448909396666,same_tx_swap_flow_allocation
0x37e28bd5d40667420ee9fcafc8c0d7748c674649,0xb264c5ff1908bb439e336fdfba15a0b2a496486c74d1e08cdcabe58cd697c933,50932573,342,0x498581ff718922c3f8e6a244956af099b2652b2b,23453.82878801294145649,0E-132,0E-132,0E-132,unknown_transfer_or_unpriced_swap
0x37e28bd5d40667420ee9fcafc8c0d7748c674649,0x4316bf949a2dbb42dc040408f756bf3ea278c0dac6f856515da4fd3e711c0ae5,50932578,37,0x498581ff718922c3f8e6a244956af099b2652b2b,20682.719894048182518758,0E-66,0E-66,0E-66,unknown_transfer_or_unpriced_swap
0x37e28bd5d40667420ee9fcafc8c0d7748c674649,0x4316bf949a2dbb42dc040408f756bf3ea278c0dac6f856515da4fd3e711c0ae5,50932578,41,0x498581ff718922c3f8e6a244956af099b2652b2b,2510.417096598499005849,0E-133,0E-133,0E-133,unknown_transfer_or_unpriced_swap
0x37e28bd5d40667420ee9fcafc8c0d7748c674649,0x4316bf949a2dbb42dc040408f756bf3ea278c0dac6f856515da4fd3e711c0ae5,50932578,67,0x7692acc1cdd771d09ebcae3663e1843b2911bec7,641813.446208104140086241,641813.446208104140086241,4790.98849822157992203926007807,1.928622372801186653,same_tx_swap_flow_allocation
0x8b87ba04b378efc94d42f6d82ef7e6f52e48e4fd,0xec5ec8f8a115f441578b552f94d84135b407f9033a7f87526cfc6607d2a25394,50932578,527,0xb92fe925dc43a0ecde6c8b1a2709c170ec4fff4f,668560.47538739940614556,668560.47538739940614555900000000000000000000000149575100056662331,5122.2740154935014833875932449235161491797949219662698813262787742,2.0619820459944768029999969157882915533482311819570524598574842171,same_tx_swap_flow_allocation
0x37e28bd5d40667420ee9fcafc8c0d7748c674649,0x4c86d94c74c26fa2617c994ece2b1a9255c7f5e1601d9d9b28bfb9142acdec66,50932582,477,0x498581ff718922c3f8e6a244956af099b2652b2b,24570.137406514547655783,0E-66,0E-66,0E-66,unknown_transfer_or_unpriced_swap
0x37e28bd5d40667420ee9fcafc8c0d7748c674649,0x4c86d94c74c26fa2617c994ece2b1a9255c7f5e1601d9d9b28bfb9142acdec66,50932582,481,0x498581ff718922c3f8e6a244956af099b2652b2b,2920.179472220631085112,0E-133,0E-133,0E-133,unknown_transfer_or_unpriced_swap
0x37e28bd5d40667420ee9fcafc8c0d7748c674649,0x4c86d94c74c26fa2617c994ece2b1a9255c7f5e1601d9d9b28bfb9142acdec66,50932582,493,0x7692acc1cdd771d09ebcae3663e1843b2911bec7,339917.420953440153709222,339917.420953440153709222,2633.54890085826049564116037923,1.060140580998387017,same_tx_swap_flow_allocation
0x37e28bd5d40667420ee9fcafc8c0d7748c674649,0x4c86d94c74c26fa2617c994ece2b1a9255c7f5e1601d9d9b28bfb9142acdec66,50932582,504,0x498581ff718922c3f8e6a244956af099b2652b2b,15300.088079278029213417,0E-199,0E-199,0E-199,unknown_transfer_or_unpriced_swap
0x37e28bd5d40667420ee9fcafc8c0d7748c674649,0x38c3ecf1bf6af2f50acb438de9b14a267ee09320c045a1929bbf591a752ebbe9,50932587,310,0x7692acc1cdd771d09ebcae3663e1843b2911bec7,378790.299250496296352719,378790.299250496296352719,2978.01901830701388601612938885,1.198807742382666415,same_tx_swap_flow_allocation
0x8b87ba04b378efc94d42f6d82ef7e6f52e48e4fd,0x42c93fcf88d6e87be560a8f2ad24a997e414ac088a889fdd4d44ce98c96b9094,50932588,69,0xb92fe925dc43a0ecde6c8b1a2709c170ec4fff4f,638302.717706722469206079,638302.717706722469206079,5130.662342744282526169123617,2.0653587845552643,same_tx_swap_flow_allocation
0x37e28bd5d40667420ee9fcafc8c0d7748c674649,0xcff46eb00453b271a66e623f24ae2cd1e192f990e28fb043dc0a2937b3bd9646,50932608,109,0x7692acc1cdd771d09ebcae3663e1843b2911bec7,588874.457720011959284822,588874.457720011959284822,4963.15551842366575882322489184,1.997928564444834336,same_tx_swap_flow_allocation
0x8b87ba04b378efc94d42f6d82ef7e6f52e48e4fd,0x9c26e7fb21aeaf63893e76a03eb8923f12fc01bb7ccd5b8ecc1e463a673409bf,50932726,287,0xb92fe925dc43a0ecde6c8b1a2709c170ec4fff4f,119487.031612658457836972,119487.031612658457836972,1027.65781368719587185,0.4129959465045195,same_tx_swap_flow_allocation
0x37e28bd5d40667420ee9fcafc8c0d7748c674649,0x6a317aea0ac5894b1fc728bb0f5f61d1f1f39dade68928a8b498bb4d8e0f20d3,50932765,19,0x498581ff718922c3f8e6a244956af099b2652b2b,13903.411192138815752329,0E-66,0E-66,0E-66,unknown_transfer_or_unpriced_swap
0x37e28bd5d40667420ee9fcafc8c0d7748c674649,0x6a317aea0ac5894b1fc728bb0f5f61d1f1f39dade68928a8b498bb4d8e0f20d3,50932765,23,0x498581ff718922c3f8e6a244956af099b2652b2b,2736.452703106937371163,0E-133,0E-133,0E-133,unknown_transfer_or_unpriced_swap
0x37e28bd5d40667420ee9fcafc8c0d7748c674649,0x6a317aea0ac5894b1fc728bb0f5f61d1f1f39dade68928a8b498bb4d8e0f20d3,50932765,27,0x498581ff718922c3f8e6a244956af099b2652b2b,1911.213668236687108706,0E-200,0E-200,0E-200,unknown_transfer_or_unpriced_swap
0x37e28bd5d40667420ee9fcafc8c0d7748c674649,0x6a317aea0ac5894b1fc728bb0f5f61d1f1f39dade68928a8b498bb4d8e0f20d3,50932765,29,0x7692acc1cdd771d09ebcae3663e1843b2911bec7,523147.28147912913210445,523147.28147912913210445,4800.1417221049794299008,1.929084805732821376,same_tx_swap_flow_allocation
0x37e28bd5d40667420ee9fcafc8c0d7748c674649,0xa2c514b2681868346c5ef8aebc3ebfdc262a8a826aa67650f6975082fb9810af,50932773,484,0x7692acc1cdd771d09ebcae3663e1843b2911bec7,282478.063848727990270699,282478.063848727990270699,2758.7170113968532404493,1.108675405456276671,same_tx_swap_flow_allocation
0x37e28bd5d40667420ee9fcafc8c0d7748c674649,0xa2c514b2681868346c5ef8aebc3ebfdc262a8a826aa67650f6975082fb9810af,50932773,499,0x498581ff718922c3f8e6a244956af099b2652b2b,22437.064793681309195368,0E-66,0E-66,0E-66,unknown_transfer_or_unpriced_swap
0x37e28bd5d40667420ee9fcafc8c0d7748c674649,0x48048e446b0a51fdd3d73fd44e731ed1d4a937515b751cc070c4c5650850bdfc,50932779,22,0x498581ff718922c3f8e6a244956af099b2652b2b,5959.435588113489131332,0E-66,0E-66,0E-66,unknown_transfer_or_unpriced_swap
0x37e28bd5d40667420ee9fcafc8c0d7748c674649,0x48048e446b0a51fdd3d73fd44e731ed1d4a937515b751cc070c4c5650850bdfc,50932779,26,0x498581ff718922c3f8e6a244956af099b2652b2b,717.56603453531625275,0E-133,0E-133,0E-133,unknown_transfer_or_unpriced_swap
0x37e28bd5d40667420ee9fcafc8c0d7748c674649,0x48048e446b0a51fdd3d73fd44e731ed1d4a937515b751cc070c4c5650850bdfc,50932779,28,0x7692acc1cdd771d09ebcae3663e1843b2911bec7,190353.320184031291295444,190353.320184031291295444,1920.576854753198403484,0.77184296698677748,same_tx_swap_flow_allocation
0x211c8e97a504d2d142bc945334d4a88bd3270b4d,0xb18548b6459da330426c168cf96351d1dd1191af2cd0a5cadc69b20cc77402d1,50932783,559,0xf01a4dabfd54d1a6a1812a95f7151e8da851de2e,127.16233190796950626,0E-1347,0E-1347,0E-1347,unknown_transfer_or_unpriced_swap
0x25eded2339466d3b7daf552b24d9b6e09b409b4b,0xb18548b6459da330426c168cf96351d1dd1191af2cd0a5cadc69b20cc77402d1,50932783,565,0xf01a4dabfd54d1a6a1812a95f7151e8da851de2e,9.35128700292189615,0E-1749,0E-1749,0E-1749,unknown_transfer_or_unpriced_swap
0x4552df0be3b02bfb80c3444b3f1465ee0bdb224c,0xb18548b6459da330426c168cf96351d1dd1191af2cd0a5cadc69b20cc77402d1,50932783,578,0xf01a4dabfd54d1a6a1812a95f7151e8da851de2e,32.832231198251363582,0E-2618,0E-2618,0E-2618,unknown_transfer_or_unpriced_swap
0x461d5072f3eef08dedc4a7d74fb6d79f99e25e73,0xb18548b6459da330426c168cf96351d1dd1191af2cd0a5cadc69b20cc77402d1,50932783,579,0xf01a4dabfd54d1a6a1812a95f7151e8da851de2e,50.187206061684414115,0E-2684,0E-2684,0E-2684,unknown_transfer_or_unpriced_swap
0x8da2e73785a202263be1b04d3dcc8137181c89c3,0xb18548b6459da330426c168cf96351d1dd1191af2cd0a5cadc69b20cc77402d1,50932783,623,0xf01a4dabfd54d1a6a1812a95f7151e8da851de2e,140.513884375105564075,0E-5638,0E-5638,0E-5638,unknown_transfer_or_unpriced_swap
0xd8b7f8ee88f4a19933e21724a3227b04cc31e9fe,0xb18548b6459da330426c168cf96351d1dd1191af2cd0a5cadc69b20cc77402d1,50932783,655,0xf01a4dabfd54d1a6a1812a95f7151e8da851de2e,31.260790310280893328,0E-7761,0E-7761,0E-7761,unknown_transfer_or_unpriced_swap
0xfc90fd5e560471fab35e3703bf5ea4c54acee766,0xb18548b6459da330426c168cf96351d1dd1191af2cd0a5cadc69b20cc77402d1,50932783,670,0xf01a4dabfd54d1a6a1812a95f7151e8da851de2e,85.207221824229148222,0E-8757,0E-8757,0E-8757,unknown_transfer_or_unpriced_swap
0x8b87ba04b378efc94d42f6d82ef7e6f52e48e4fd,0xec8137fb009830581acf96a3c1b91f74c8ec80041a3ed6093299f71bc3417fda,50932845,625,0xb92fe925dc43a0ecde6c8b1a2709c170ec4fff4f,268182.903406846057156505,268182.903406846057156505,2567.0413686317869728484,1.031644644388452748,same_tx_swap_flow_allocation
0x37e28bd5d40667420ee9fcafc8c0d7748c674649,0x8f415b8fe85896061014f6d55792df1261826faa12b721380a3436417d7cfde9,50934947,373,0x7692acc1cdd771d09ebcae3663e1843b2911bec7,545407.214277630697864738,545407.214277630697864738,4966.30883307686292910709653506,1.984200493977258603,same_tx_swap_flow_allocation
0x211c8e97a504d2d142bc945334d4a88bd3270b4d,0x9a51015f74887b3ec8ef9e0edc2fd7e777ac7d4bf0ff369da9c69a9841404173,50936771,561,0xf01a4dabfd54d1a6a1812a95f7151e8da851de2e,175.006128607204240289,0E-1348,0E-1348,0E-1348,unknown_transfer_or_unpriced_swap
0x25eded2339466d3b7daf552b24d9b6e09b409b4b,0x9a51015f74887b3ec8ef9e0edc2fd7e777ac7d4bf0ff369da9c69a9841404173,50936771,568,0xf01a4dabfd54d1a6a1812a95f7151e8da851de2e,12.869632943351695736,0E-1818,0E-1818,0E-1818,unknown_transfer_or_unpriced_swap
0x4552df0be3b02bfb80c3444b3f1465ee0bdb224c,0x9a51015f74887b3ec8ef9e0edc2fd7e777ac7d4bf0ff369da9c69a9841404173,50936771,583,0xf01a4dabfd54d1a6a1812a95f7151e8da851de2e,45.185092073500569698,0E-2823,0E-2823,0E-2823,unknown_transfer_or_unpriced_swap
0x461d5072f3eef08dedc4a7d74fb6d79f99e25e73,0x9a51015f74887b3ec8ef9e0edc2fd7e777ac7d4bf0ff369da9c69a9841404173,50936771,584,0xf01a4dabfd54d1a6a1812a95f7151e8da851de2e,69.069735563074800071,0E-2889,0E-2889,0E-2889,unknown_transfer_or_unpriced_swap
0x8da2e73785a202263be1b04d3dcc8137181c89c3,0x9a51015f74887b3ec8ef9e0edc2fd7e777ac7d4bf0ff369da9c69a9841404173,50936771,630,0xf01a4dabfd54d1a6a1812a95f7151e8da851de2e,193.381094472571550327,0E-5975,0E-5975,0E-5975,unknown_transfer_or_unpriced_swap
0xd8b7f8ee88f4a19933e21724a3227b04cc31e9fe,0x9a51015f74887b3ec8ef9e0edc2fd7e777ac7d4bf0ff369da9c69a9841404173,50936771,663,0xf01a4dabfd54d1a6a1812a95f7151e8da851de2e,43.022409288335760731,0E-8168,0E-8168,0E-8168,unknown_transfer_or_unpriced_swap
0xfc90fd5e560471fab35e3703bf5ea4c54acee766,0x9a51015f74887b3ec8ef9e0edc2fd7e777ac7d4bf0ff369da9c69a9841404173,50936771,680,0xf01a4dabfd54d1a6a1812a95f7151e8da851de2e,120.660646887194315233,0E-9298,0E-9298,0E-9298,unknown_transfer_or_unpriced_swap
0x211c8e97a504d2d142bc945334d4a88bd3270b4d,0x3772168365d58e8221f1a0bd5da6a8c2ae2de195a44ecb71af4019b61fe51339,50937381,106,0xf01a4dabfd54d1a6a1812a95f7151e8da851de2e,116.623595630364501493,0E-1347,0E-1347,0E-1347,unknown_transfer_or_unpriced_swap
0x25eded2339466d3b7daf552b24d9b6e09b409b4b,0x3772168365d58e8221f1a0bd5da6a8c2ae2de195a44ecb71af4019b61fe51339,50937381,114,0xf01a4dabfd54d1a6a1812a95f7151e8da851de2e,8.576287471997024824,0E-1883,0E-1883,0E-1883,unknown_transfer_or_unpriced_swap
0x4552df0be3b02bfb80c3444b3f1465ee0bdb224c,0x3772168365d58e8221f1a0bd5da6a8c2ae2de195a44ecb71af4019b61fe51339,50937381,132,0xf01a4dabfd54d1a6a1812a95f7151e8da851de2e,30.111219238088958296,0E-3091,0E-3091,0E-3091,unknown_transfer_or_unpriced_swap
0x461d5072f3eef08dedc4a7d74fb6d79f99e25e73,0x3772168365d58e8221f1a0bd5da6a8c2ae2de195a44ecb71af4019b61fe51339,50937381,133,0xf01a4dabfd54d1a6a1812a95f7151e8da851de2e,46.027878993219703532,0E-3157,0E-3157,0E-3157,unknown_transfer_or_unpriced_swap
0x8da2e73785a202263be1b04d3dcc8137181c89c3,0x3772168365d58e8221f1a0bd5da6a8c2ae2de195a44ecb71af4019b61fe51339,50937381,179,0xf01a4dabfd54d1a6a1812a95f7151e8da851de2e,128.868621595221664675,0E-6242,0E-6242,0E-6242,unknown_transfer_or_unpriced_swap
0xd8b7f8ee88f4a19933e21724a3227b04cc31e9fe,0x3772168365d58e8221f1a0bd5da6a8c2ae2de195a44ecb71af4019b61fe51339,50937381,212,0xf01a4dabfd54d1a6a1812a95f7151e8da851de2e,28.670013466490463817,0E-8435,0E-8435,0E-8435,unknown_transfer_or_unpriced_swap
0xfc90fd5e560471fab35e3703bf5ea4c54acee766,0x3772168365d58e8221f1a0bd5da6a8c2ae2de195a44ecb71af4019b61fe51339,50937381,230,0xf01a4dabfd54d1a6a1812a95f7151e8da851de2e,80.407918300131296467,0E-9632,0E-9632,0E-9632,unknown_transfer_or_unpriced_swap
0x6910c590d8503a1f3ef5ea9b64a5d7c7f3b5feda,0xd0e9cc2b1b5985d26b0f5a404558919a001666375d3cefcd9904bad04c04236d,50937702,700,0x7692acc1cdd771d09ebcae3663e1843b2911bec7,1590730.502833584609917623,1590730.502833584609917623,17543.05683172,7,same_tx_swap_flow_allocation
0x6910c590d8503a1f3ef5ea9b64a5d7c7f3b5feda,0xbc44da39129fada56b54bb7870b05f5ee6e6aae98c9a426379fc4bf7ebbb779b,50937718,632,0x7692acc1cdd771d09ebcae3663e1843b2911bec7,1561023.335496710074888331,1561023.335496710074888331,17543.05683172,7,same_tx_swap_flow_allocation
0xf0f349d0ed0673a77e0afcdffe00e8c023645a4e,0xf09c3a872a5cda031c9ea1ef7f337db3407d5b5099a325392fb1a9ac0874ea6b,50937739,489,0x7692acc1cdd771d09ebcae3663e1843b2911bec7,228737.47718720806177619,228737.47718720806177619,2506.15097596,1,same_tx_swap_flow_allocation
0x6910c590d8503a1f3ef5ea9b64a5d7c7f3b5feda,0xef2c4605784812d8fb8f6e6e976172ae240587fd94cf1aae37b1745c87b407d6,50937764,181,0x7692acc1cdd771d09ebcae3663e1843b2911bec7,1577900.793138492542198806,1577900.793138492542198806,17543.05683172,7,same_tx_swap_flow_allocation
0x6910c590d8503a1f3ef5ea9b64a5d7c7f3b5feda,0x611b71daa41047e9dbd92f055d6e95dbb3b325e2c5884f54465f168cc3827412,50937834,407,0x7692acc1cdd771d09ebcae3663e1843b2911bec7,1548564.91768257214647467,1548564.91768257214647467,17543.05683172,7,same_tx_swap_flow_allocation
0x6910c590d8503a1f3ef5ea9b64a5d7c7f3b5feda,0xa82c5ca0cc33d297e65db4adb34a1e8775c955e7ef61e45853322a9520009c81,50937861,248,0x7692acc1cdd771d09ebcae3663e1843b2911bec7,1576647.941360598923294512,1576647.941360598923294512,17543.05683172,7,same_tx_swap_flow_allocation
0x6910c590d8503a1f3ef5ea9b64a5d7c7f3b5feda,0x98cac58f4dd438e68968d4039d21823ec74260e7d4065577c617c20ee482bbb8,50937885,13,0x7692acc1cdd771d09ebcae3663e1843b2911bec7,1567260.813349698399785247,1567260.813349698399785247,17543.05683172,7,same_tx_swap_flow_allocation
0x6910c590d8503a1f3ef5ea9b64a5d7c7f3b5feda,0xa01db19f35032fcefb31f50d549088dcfe4cd6eb308416c6f530af88b5db1076,50937936,372,0x7692acc1cdd771d09ebcae3663e1843b2911bec7,1518081.020436239554756182,1518081.020436239554756182,17543.05683172,7,same_tx_swap_flow_allocation
0xe48b6e0e9900d68ba93ac417d9e2ce911c52f753,0x6328d6232596f8040ab876a2b020902ff7e5765d09c1495f30d40852c65491f9,50937960,793,0xb92fe925dc43a0ecde6c8b1a2709c170ec4fff4f,312498.475591872278734518,312498.47559187227873451800000000000000000000000,3793.0833081241515834202561559123958787355714365199217991940296340,1.5158536503683974492895014575695354756940704139669728975659182435,same_tx_swap_flow_allocation
0x6910c590d8503a1f3ef5ea9b64a5d7c7f3b5feda,0xf4ee6e83b41997673d705b13c8da54c734faa41065fc5f260930804d3b24d7b1,50937982,453,0x7692acc1cdd771d09ebcae3663e1843b2911bec7,1330024.792188192838850377,1330024.792188192838850377,17515.92784067,7,same_tx_swap_flow_allocation
0x6910c590d8503a1f3ef5ea9b64a5d7c7f3b5feda,0x16073cadde46755f6a79279de9f6a846c67ca6ef4404ec1b3de606fd14d4e15b,50938004,745,0x7692acc1cdd771d09ebcae3663e1843b2911bec7,1187596.075882839811993437,1187596.075882839811993437,17515.92784067,7,same_tx_swap_flow_allocation
0x6910c590d8503a1f3ef5ea9b64a5d7c7f3b5feda,0x017a79af4e1bd9a599811b347f38872bdbe319177bf18d6b547cac699b8ac787,50938067,470,0x7692acc1cdd771d09ebcae3663e1843b2911bec7,1191887.695721007686357084,1191887.695721007686357084,17515.92784067,7,same_tx_swap_flow_allocation
0x6910c590d8503a1f3ef5ea9b64a5d7c7f3b5feda,0xba56c4663bd88b432f7c5c1c90bdf66ebbb0768fb9abd4297b7d025e9aaab870,50938141,293,0x7692acc1cdd771d09ebcae3663e1843b2911bec7,1112366.972842385205700539,1112366.972842385205700539,17515.92784067,7,same_tx_swap_flow_allocation
0x6910c590d8503a1f3ef5ea9b64a5d7c7f3b5feda,0x026f248952cbe01dc84096b62bdfa3c063f8f41b6a383780f2213c62f70404b1,50938228,510,0x7692acc1cdd771d09ebcae3663e1843b2911bec7,1138319.560000849864987308,1138319.560000849864987308,17515.92784067,7,same_tx_swap_flow_allocation
0x211c8e97a504d2d142bc945334d4a88bd3270b4d,0x3f0363a16a39ae698bfbdc82d2ae66ba080cc334f401f57d7910066a45c5aa16,50938251,548,0xf01a4dabfd54d1a6a1812a95f7151e8da851de2e,62.514799309961349419,0E-1348,0E-1348,0E-1348,unknown_transfer_or_unpriced_swap
0x25eded2339466d3b7daf552b24d9b6e09b409b4b,0x3f0363a16a39ae698bfbdc82d2ae66ba080cc334f401f57d7910066a45c5aa16,50938251,556,0xf01a4dabfd54d1a6a1812a95f7151e8da851de2e,4.597224834635756445,0E-1884,0E-1884,0E-1884,unknown_transfer_or_unpriced_swap
0x4552df0be3b02bfb80c3444b3f1465ee0bdb224c,0x3f0363a16a39ae698bfbdc82d2ae66ba080cc334f401f57d7910066a45c5aa16,50938251,575,0xf01a4dabfd54d1a6a1812a95f7151e8da851de2e,16.140788812699507557,0E-3160,0E-3160,0E-3160,unknown_transfer_or_unpriced_swap
0x461d5072f3eef08dedc4a7d74fb6d79f99e25e73,0x3f0363a16a39ae698bfbdc82d2ae66ba080cc334f401f57d7910066a45c5aa16,50938251,576,0xf01a4dabfd54d1a6a1812a95f7151e8da851de2e,24.672739700499683199,0E-3226,0E-3226,0E-3226,unknown_transfer_or_unpriced_swap
0x8da2e73785a202263be1b04d3dcc8137181c89c3,0x3f0363a16a39ae698bfbdc82d2ae66ba080cc334f401f57d7910066a45c5aa16,50938251,622,0xf01a4dabfd54d1a6a1812a95f7151e8da851de2e,69.078611174967889456,0E-6309,0E-6309,0E-6309,unknown_transfer_or_unpriced_swap
0xd8b7f8ee88f4a19933e21724a3227b04cc31e9fe,0x3f0363a16a39ae698bfbdc82d2ae66ba080cc334f401f57d7910066a45c5aa16,50938251,657,0xf01a4dabfd54d1a6a1812a95f7151e8da851de2e,15.368246265980256796,0E-8634,0E-8634,0E-8634,unknown_transfer_or_unpriced_swap
0xfc90fd5e560471fab35e3703bf5ea4c54acee766,0x3f0363a16a39ae698bfbdc82d2ae66ba080cc334f401f57d7910066a45c5aa16,50938251,677,0xf01a4dabfd54d1a6a1812a95f7151e8da851de2e,43.101782690669437632,0E-9962,0E-9962,0E-9962,unknown_transfer_or_unpriced_swap
0x6910c590d8503a1f3ef5ea9b64a5d7c7f3b5feda,0x6d886cbaf6eb732fde86f398218cd65ce78cf017269a24221833178a8fffdbbf,50938404,549,0x7692acc1cdd771d09ebcae3663e1843b2911bec7,1221810.947589866769879215,1221810.947589866769879215,17588.14057686,7,same_tx_swap_flow_allocation
0x2bb2173427bb17b78adaa3d5fad9716328c3d262,0x9cd227348fc13a374a5ae2100a93d91ff13a9bb7095a02cf8a51b5fdaebe3c22,50938415,103,0xb92fe925dc43a0ecde6c8b1a2709c170ec4fff4f,356895.392657122912554881,356895.392657122912554881,4976.63497292899481356045835292,1.980678097168262054,same_tx_swap_flow_allocation
0x2bb2173427bb17b78adaa3d5fad9716328c3d262,0xff2403cb4039f3f07f692ecd7866b1f8971eea64a4b6ad5fb2b954e6472f16b0,50938422,814,0xb92fe925dc43a0ecde6c8b1a2709c170ec4fff4f,69228.355271718944785949,69214.218735300408130123000000000000000000000000,995.19653447434380802779483894000000000000000000000000000000000000,0.39608369690231970300000000000000000000000000000000000000000000000,same_tx_swap_flow_allocation
0x6910c590d8503a1f3ef5ea9b64a5d7c7f3b5feda,0x171b24d88bb8a01dbf374788c0a1e3f5c29df970265be1a8a139ea24527d3dc3,50938449,364,0x7692acc1cdd771d09ebcae3663e1843b2911bec7,1226288.147483998259334536,1226288.147483998259334536,17588.14057686,7,same_tx_swap_flow_allocation
0x6910c590d8503a1f3ef5ea9b64a5d7c7f3b5feda,0x96178a2642d2ef005088792ff6cc871c28f8175ec02a982e867672fc5b5e2b9b,50938602,427,0x7692acc1cdd771d09ebcae3663e1843b2911bec7,358091.051831644710128712,358091.051831644710128712,5016.72281656,2,same_tx_swap_flow_allocation
0x267eafdb83b0cf9ef3e5a1eda83accfc85a021c8,0x78734c26ee0324070ab929d71bae17e1ac2eb848e9f45a9f45640df46e78e18c,50938921,265,0x1231deb6f5749ef6ce6943a275a1d3e7486f4eae,466864.988127405048713237,431639.38083750961834087200000000000000000000000,6698.9477898678928577137046966800000000000000000000000000000000000,2.6706469680784180310000000000000000000000000000000000000000000000,same_tx_swap_flow_allocation
0x267eafdb83b0cf9ef3e5a1eda83accfc85a021c8,0xfad16c730d55e966ec65aabac2c779962cc4bf4d98cb6390590f8ec3cbb045c8,50939185,305,0x7747f8d2a76bd6345cc29622a946a929647f2359,430094.789410156855160865,430094.78941015685516086500000000000000000000000,7216.9652284094632496253434066401096369352391677211688781206717254,2.8771632367594843586960048566515133839408899964297806957490605479,same_tx_swap_flow_allocation
0x267eafdb83b0cf9ef3e5a1eda83accfc85a021c8,0xa78043ca05eb9c39d79f15155d0a05f3e6eaea4dc28ab9763f5fd7432fffa3b1,50939213,404,0xb92fe925dc43a0ecde6c8b1a2709c170ec4fff4f,114720.749054319188119022,114720.749054319188119022,1931.8234305330586077082923304,0.770494636688343016,same_tx_swap_flow_allocation
0x211c8e97a504d2d142bc945334d4a88bd3270b4d,0xe37e2a24eabaa3f62be6c279d3b2c4cc0129fa037ccbcdcebc5826f874e0beea,50939331,394,0xf01a4dabfd54d1a6a1812a95f7151e8da851de2e,53.266301432751455811,0E-1416,0E-1416,0E-1416,unknown_transfer_or_unpriced_swap
0x25eded2339466d3b7daf552b24d9b6e09b409b4b,0xe37e2a24eabaa3f62be6c279d3b2c4cc0129fa037ccbcdcebc5826f874e0beea,50939331,402,0xf01a4dabfd54d1a6a1812a95f7151e8da851de2e,3.917107093021083978,0E-1952,0E-1952,0E-1952,unknown_transfer_or_unpriced_swap
0x4552df0be3b02bfb80c3444b3f1465ee0bdb224c,0xe37e2a24eabaa3f62be6c279d3b2c4cc0129fa037ccbcdcebc5826f874e0beea,50939331,422,0xf01a4dabfd54d1a6a1812a95f7151e8da851de2e,13.752905419991278006,0E-3297,0E-3297,0E-3297,unknown_transfer_or_unpriced_swap
0x461d5072f3eef08dedc4a7d74fb6d79f99e25e73,0xe37e2a24eabaa3f62be6c279d3b2c4cc0129fa037ccbcdcebc5826f874e0beea,50939331,423,0xf01a4dabfd54d1a6a1812a95f7151e8da851de2e,21.022631513898441352,0E-3363,0E-3363,0E-3363,unknown_transfer_or_unpriced_swap
0x8da2e73785a202263be1b04d3dcc8137181c89c3,0xe37e2a24eabaa3f62be6c279d3b2c4cc0129fa037ccbcdcebc5826f874e0beea,50939331,472,0xf01a4dabfd54d1a6a1812a95f7151e8da851de2e,58.85905683160942636,0E-6650,0E-6650,0E-6650,unknown_transfer_or_unpriced_swap
0xd8b7f8ee88f4a19933e21724a3227b04cc31e9fe,0xe37e2a24eabaa3f62be6c279d3b2c4cc0129fa037ccbcdcebc5826f874e0beea,50939331,511,0xf01a4dabfd54d1a6a1812a95f7151e8da851de2e,13.094653540158145305,0E-9246,0E-9246,0E-9246,unknown_transfer_or_unpriced_swap
0x267eafdb83b0cf9ef3e5a1eda83accfc85a021c8,0x002cba9a34b609dbf941c4dfdfb2ce02d12d113fc01e9e7b669d58478fcd4539,50939800,393,0xb92fe925dc43a0ecde6c8b1a2709c170ec4fff4f,133900.879719969737635687,133900.879719969737635687,1898.50844910184055070048,0.759609993558984264,same_tx_swap_flow_allocation
0x267eafdb83b0cf9ef3e5a1eda83accfc85a021c8,0xdff1786ab940443283ccdfe32114d8d28cd4059983e83279141afc5c86af0a03,50939830,292,0xb92fe925dc43a0ecde6c8b1a2709c170ec4fff4f,25540.580254597289161308,25540.580254597289161307000000000000000000000039153378272210577457,379.26476198187213257337415050330880385137749330940375854222233013,0.15150830765790141799999406793791888772717721280282406027747504909,same_tx_swap_flow_allocation
0x267eafdb83b0cf9ef3e5a1eda83accfc85a021c8,0xdf4601aedf0a380dfe379a3057eae805138a9500ce731e21e106deb6b5b372f3,50939858,213,0xb92fe925dc43a0ecde6c8b1a2709c170ec4fff4f,96604.633851287620151635,96604.633851287620151635,1420.3168357996935852309645,0.567386748522454449,same_tx_swap_flow_allocation
0x267eafdb83b0cf9ef3e5a1eda83accfc85a021c8,0x67974bdd6e836bd1052a1d871076d7dcb8b0fc3cad8561f193bdc2aed5582d7a,50940000,596,0xb92fe925dc43a0ecde6c8b1a2709c170ec4fff4f,33832.390429296875624508,29603.135490689923638810000000000000000000000000,414.34710778557626216111100000000000000000000000000000000000000000,0.16552296805928758200000000000000000000000000000000000000000000000,same_tx_swap_flow_allocation
0xf0f349d0ed0673a77e0afcdffe00e8c023645a4e,0x0585ffb933d4706a6a1935d5369ade9069b5f5f3098357b07c6591e42416dd30,50940195,511,0x7692acc1cdd771d09ebcae3663e1843b2911bec7,221637.287896302471679971,221637.287896302471679971,2503.2605,1,same_tx_swap_flow_allocation
0x67df1d22c03ce81dcd7c50a65d476b17f4934fd4,0x9da4160b8e130d31c9d7db7196d6fa61bb80ed8d75f351b413cc508584b1787b,50940249,2,0x7692acc1cdd771d09ebcae3663e1843b2911bec7,201620.897814567130985475,201620.897814567130985475,2354.31650025,0.9405,same_tx_swap_flow_allocation
0xac5fdc54868c317f84aed49d8448594991f62c55,0xdc77b9755994fdea446fbbbe0af20f447ab4d158668408fa6db4024b02dc03d0,50940395,495,0xb92fe925dc43a0ecde6c8b1a2709c170ec4fff4f,75422.84530679941848525,71721.988069986755327292049068120166490569597504254395170125328464,883.93742492132425877807328024292473043673575324615660832114037639,0.35311443811833576999999531820316931874918161863144351469658885936,same_tx_swap_flow_allocation
0xac5fdc54868c317f84aed49d8448594991f62c55,0x9a2b4857e5b30218228f9a04fe2de2f645160b56b5aae6b3498252f6f2a1e772,50940408,346,0xb92fe925dc43a0ecde6c8b1a2709c170ec4fff4f,56413.453730667679378826,47946.939527724083439586000000000000000000000000,592.67914538346037650061650000000000000000000000000000000000000000,0.23676287201570127300000000000000000000000000000000000000000000000,same_tx_swap_flow_allocation
0x4e3ae00e8323558fa5cac04b152238924aa31b60,0xb484515a102d7f751bb7510ef2d4a627d202cc1bae861a60f67c314e2046b4b8,50940484,446,0xb56000f40642274a0888f35cd07efce51bfd7534,10683.86,0,0,0,unknown_transfer_or_unpriced_swap
0x4e3ae00e8323558fa5cac04b152238924aa31b60,0xf63ccf442d13914fae68723deb6c60ee6b927dcd32e85376161b26b2abfa0241,50940518,105,0x706cfe53c1445df058cf84b689be2ab08dbd0e37,8554.674197101838754405,0,0,0,unknown_transfer_or_unpriced_swap
0xe48b6e0e9900d68ba93ac417d9e2ce911c52f753,0xc6be342686726dad5a5bf1af8a9292573512fa7fdcbc767aa3e1e85e2b31f786,50940613,311,0xb92fe925dc43a0ecde6c8b1a2709c170ec4fff4f,1185585.505384888847269247,936136.41353311136994811300000000000000000000000,12238.495998862596029190624600000000000000000000000000000000000000,4.8855838478647398930000000000000000000000000000000000000000000000,same_tx_swap_flow_allocation
0x4e3ae00e8323558fa5cac04b152238924aa31b60,0x89e5f68892149ad0c07afb8072d225d14d7dc282c0c4f6f3481fcf9a1b2042a1,50940769,541,0x3cba6e89db1c9e989dc3d100220f06f3ff8f59dc,7450.719925597305224301,0,0,0,unknown_transfer_or_unpriced_swap
0x4e3ae00e8323558fa5cac04b152238924aa31b60,0x555dbb4a442ed0a8ffc36c8d39f4d730910f0e961f1bd199e3ab1422535b7b90,50940803,220,0x706cfe53c1445df058cf84b689be2ab08dbd0e37,7369.09055114800594133,0,0,0,unknown_transfer_or_unpriced_swap
0x4e3ae00e8323558fa5cac04b152238924aa31b60,0x9a89941afb9c6521a8223e87555c16f1d3b0cf52ff5e3af78c50ee2155f5f142,50941165,496,0xbd46cf0958e4880633d320eed38785ee432269da,28681.101489633139178681,0,0,0,unknown_transfer_or_unpriced_swap
0x4e3ae00e8323558fa5cac04b152238924aa31b60,0x21a061cc663406d359cbce7714a2337b46a05302d797bd3aa702a77c082705c7,50941166,7,0x706cfe53c1445df058cf84b689be2ab08dbd0e37,8214.116661131979710877,0,0,0,unknown_transfer_or_unpriced_swap
0xfc90fd5e560471fab35e3703bf5ea4c54acee766,0x66face17f937dde81bf56d5be741e07896838aa5c19bc9b537b2b71e3ecffb16,50941542,422,0xb92fe925dc43a0ecde6c8b1a2709c170ec4fff4f,9731.25848813782926507,9731.2584881378292650690000000000000000000001027616316244169260665,118.39203615346586344818783384119353289028353600098657185686843205,0.047272857865816654999995142163994159528790282858038751919338627417,same_tx_swap_flow_allocation
0xf0f349d0ed0673a77e0afcdffe00e8c023645a4e,0x4c265e51c58b3fc05971f96a370666dbf925ef6f26de96a3903fe84c2c3a73ea,50941674,408,0x7692acc1cdd771d09ebcae3663e1843b2911bec7,113226.628108531248000307,113226.628108531248000307,1252.220,0.5,same_tx_swap_flow_allocation
0x4e3ae00e8323558fa5cac04b152238924aa31b60,0x9e1c9229b78fc33bd10a45837d9cbd72a58efc8460d431e693f579e5a57fa314,50941826,747,0xbd46cf0958e4880633d320eed38785ee432269da,4957.39212604379029592,0,0,0,unknown_transfer_or_unpriced_swap
0x4e3ae00e8323558fa5cac04b152238924aa31b60,0x7661445f79ba2e4bb13229fe67df5e314dafd4edae77f4981738c4952acf5093,50942198,4,0xda3c0a86015538bb691682b617500055b480b527,4875.416143714384410244,0,0,0,unknown_transfer_or_unpriced_swap
0xac5fdc54868c317f84aed49d8448594991f62c55,0x5934dd152b84edea73173193ac78f4467e5ce4710ce3c589b725958d33bbb58b,50942277,396,0xb92fe925dc43a0ecde6c8b1a2709c170ec4fff4f,92820.541584510712943067,75197.236905793575091892189864273337293262278833071926849212483211,847.31385459583139095094979024340085503654334329030280955722747210,0.33709266464463536399999636833982122673596851488235866564377797272,same_tx_swap_flow_allocation
0xac5fdc54868c317f84aed49d8448594991f62c55,0x2ddf894b3f2e39f98d827bcc702b0fab1ebe807149789b4059c729ca4f880cd0,50942382,176,0xb92fe925dc43a0ecde6c8b1a2709c170ec4fff4f,45219.254464496411140159,45219.254464496411140158000000000000000000000022114473399492757481,523.09664054301399326394937886325734749234791226990885260418031851,0.20810711340417294299999539782077637819477950999338117130272684406,same_tx_swap_flow_allocation
0x4e3ae00e8323558fa5cac04b152238924aa31b60,0xba100091d766688549c2c04bb7c42bd638591067295eab66a99ebdf65ea4a271,50942513,257,0xda3c0a86015538bb691682b617500055b480b527,8620.120659294679990272,0,0,0,unknown_transfer_or_unpriced_swap
0x8400275efc189259686fa57be45955b740c580d1,0x0fa9b0a70e71351ea2c6d4c8f267d4f402e3f8ed32848895d70929281460891f,50942790,493,0xb92fe925dc43a0ecde6c8b1a2709c170ec4fff4f,208212.225813745034129681,186954.213483703362872940102097810284482984331148644176467817447,2183.4773013973808593421209850228151274025159797038295953013844349,0.86963673897921751299999582331567908435065362954919961728232666826,same_tx_swap_flow_allocation
0xac5fdc54868c317f84aed49d8448594991f62c55,0xa3e932fbd17e37d087815199fa3049406c18ecdf8453ee1de9de703eb7649d81,50942980,565,0xb92fe925dc43a0ecde6c8b1a2709c170ec4fff4f,38341.016606578530197332,16233.198010592276484346000000000000000000000000,200.18265256391502116366141748000000000000000000000000000000000000,0.079728875159124004000000000000000000000000000000000000000000000000,same_tx_swap_flow_allocation
0x4e3ae00e8323558fa5cac04b152238924aa31b60,0xa348424736bd05ee8707dd52e19f079e0b9796a5a8746f856b361c8f5c2cf644,50943133,8,0x5f1c5951c5b1cc112ba9e89b9467edca33063453,10777.378316777171705716,0,0,0,unknown_transfer_or_unpriced_swap
0x4e3ae00e8323558fa5cac04b152238924aa31b60,0xf298b4a63af5fe74dbca9c52efe97473273da4703cb4abb7dffc397e0dbc506e,50943133,215,0xbd46cf0958e4880633d320eed38785ee432269da,4118.674715479139127284,0,0,0,unknown_transfer_or_unpriced_swap
0xc244cfa9b8de25ffdc690426bd630d587101bb3b,0xd53d2cb2379151bee2ecb7ae31859e7fe2976d56d4ba04808fd554365876aa93,50943163,471,0x7692acc1cdd771d09ebcae3663e1843b2911bec7,193428.081354922819610473,193428.081354922819610473,2510.79238437,1,same_tx_swap_flow_allocation
0xc244cfa9b8de25ffdc690426bd630d587101bb3b,0x7c5b0cc6d12038ec75b19f96bb6c2fee529debf6b3a2f4e85248658c29f1db8d,50943168,565,0x7692acc1cdd771d09ebcae3663e1843b2911bec7,192156.998053090796204554,192156.998053090796204554,2510.79238437,1,same_tx_swap_flow_allocation
0xc244cfa9b8de25ffdc690426bd630d587101bb3b,0x52309336607054954fb82b3f6231e14b44b9bd19532950f3ea041604df729733,50943173,915,0xdeadc0de0000e54725ad1bf220324717043e02bf,191685.037559458198827552,70289.43741221707183748648612741237118560694111882687777144541586,922.93092844639633250362131087506420859026185303604446024419545051,0.36758552168301849105852014133854078007869318294336836038257998682,same_tx_swap_flow_allocation
0xc244cfa9b8de25ffdc690426bd630d587101bb3b,0xaf385ac940ebe0a584ca80ee7ba29a57c29e6800643909112a4cad564424c240,50943195,8,0x7692acc1cdd771d09ebcae3663e1843b2911bec7,187579.212601534678812477,187579.212601534678812477,2510.79238437,1,same_tx_swap_flow_allocation
0xc244cfa9b8de25ffdc690426bd630d587101bb3b,0xf2279df0e058db264e0415915a956898ea54ef8f10afdd4122a3fad29cf3ddb3,50943206,178,0x7692acc1cdd771d09ebcae3663e1843b2911bec7,184605.854270451074282858,184605.854270451074282858,2510.79238437,1,same_tx_swap_flow_allocation
0xc244cfa9b8de25ffdc690426bd630d587101bb3b,0xe91c9ff5a1b9dedf4bd964db1e2fea2488046de20bdbf9f08b856eba988aff89,50943212,624,0x7692acc1cdd771d09ebcae3663e1843b2911bec7,184485.765287396027110408,184485.765287396027110408,2510.79238437,1,same_tx_swap_flow_allocation
0xc244cfa9b8de25ffdc690426bd630d587101bb3b,0x92e540228b6f51aa26e5ce9dc2345e42a5a857454312d3cb76cf64800397f191,50943227,295,0x7692acc1cdd771d09ebcae3663e1843b2911bec7,182927.88730479859416614,182927.88730479859416614,2506.82245545,1,same_tx_swap_flow_allocation
0x211c8e97a504d2d142bc945334d4a88bd3270b4d,0x413419d058ab6462a5358352e777dd18e4c2d466ab9135f14bb91d915298ad84,50943233,58,0xf01a4dabfd54d1a6a1812a95f7151e8da851de2e,40.480790962497656303,0E-1622,0E-1622,0E-1622,unknown_transfer_or_unpriced_swap
0x25eded2339466d3b7daf552b24d9b6e09b409b4b,0x413419d058ab6462a5358352e777dd18e4c2d466ab9135f14bb91d915298ad84,50943233,65,0xf01a4dabfd54d1a6a1812a95f7151e8da851de2e,4.348630528122843799,0E-2091,0E-2091,0E-2091,unknown_transfer_or_unpriced_swap
0x4552df0be3b02bfb80c3444b3f1465ee0bdb224c,0x413419d058ab6462a5358352e777dd18e4c2d466ab9135f14bb91d915298ad84,50943233,87,0xf01a4dabfd54d1a6a1812a95f7151e8da851de2e,15.267977857004248739,0E-3572,0E-3572,0E-3572,unknown_transfer_or_unpriced_swap
0x461d5072f3eef08dedc4a7d74fb6d79f99e25e73,0x413419d058ab6462a5358352e777dd18e4c2d466ab9135f14bb91d915298ad84,50943233,88,0xf01a4dabfd54d1a6a1812a95f7151e8da851de2e,23.338564663114266425,0E-3638,0E-3638,0E-3638,unknown_transfer_or_unpriced_swap
0x8da2e73785a202263be1b04d3dcc8137181c89c3,0x413419d058ab6462a5358352e777dd18e4c2d466ab9135f14bb91d915298ad84,50943233,139,0xf01a4dabfd54d1a6a1812a95f7151e8da851de2e,65.343194688365514771,0E-7060,0E-7060,0E-7060,unknown_transfer_or_unpriced_swap
0xd8b7f8ee88f4a19933e21724a3227b04cc31e9fe,0x413419d058ab6462a5358352e777dd18e4c2d466ab9135f14bb91d915298ad84,50943233,176,0xf01a4dabfd54d1a6a1812a95f7151e8da851de2e,14.537210443231831083,0E-9521,0E-9521,0E-9521,unknown_transfer_or_unpriced_swap
0xfc90fd5e560471fab35e3703bf5ea4c54acee766,0x978f4409bae08e1f15827a6312ed822ae958dc4a82dde480b7b3f857d252f9ca,50943235,138,0xf01a4dabfd54d1a6a1812a95f7151e8da851de2e,40.771059664740647753,0E-726,0E-726,0E-726,unknown_transfer_or_unpriced_swap
0xc244cfa9b8de25ffdc690426bd630d587101bb3b,0xdb5e3930a2ae5ab14113149506ff43be1816b88e22dd6fd0cb2d297350e89e7e,50943251,208,0x7692acc1cdd771d09ebcae3663e1843b2911bec7,186862.810083642565706946,186862.810083642565706946,2506.82245545,1,same_tx_swap_flow_allocation
0xc244cfa9b8de25ffdc690426bd630d587101bb3b,0x09dbbf1c08db538cd4a3f793530d3a770ef0bc9ff45092f837612deafad8a2ff,50943256,364,0x7692acc1cdd771d09ebcae3663e1843b2911bec7,186225.929358779241000371,186225.929358779241000371,2506.82245545,1,same_tx_swap_flow_allocation
0xc244cfa9b8de25ffdc690426bd630d587101bb3b,0x86cf9bde167ba6e7e945c994617ea09d9b37996e829565c5e2ae0f877007e094,50943289,233,0x7692acc1cdd771d09ebcae3663e1843b2911bec7,185029.975263709808552561,185029.975263709808552561,2506.82245545,1,same_tx_swap_flow_allocation
0xc244cfa9b8de25ffdc690426bd630d587101bb3b,0x5d03ca0a21ef41d11993cb3eb5b2c56e9e79fa6fdeba0bf1a505040bf29e1ed7,50943295,25,0x9b824dd3ec24280e40ef43015ccf3073bf4cc7a9,365753.680704236417668853,317142.57144112036532969177286678076236378188384923005401264258036,4341.3436865499294282872083273355579300502671997036313864526836658,1.7318113921915600128932969533071995324303999862287620176314962672,same_tx_swap_flow_allocation
0xc244cfa9b8de25ffdc690426bd630d587101bb3b,0xeeaabd3821a858ac97d52af05f303e69167febb8f5a08cc861fad4b55eca493b,50943310,382,0x7692acc1cdd771d09ebcae3663e1843b2911bec7,360590.944077936000220856,360590.944077936000220856,5013.64491090,2,same_tx_swap_flow_allocation
0xc244cfa9b8de25ffdc690426bd630d587101bb3b,0xe491a9f42d25f58ebcda240bafaa2c4f1b1ed82993904273293aa4ccc02744cd,50943315,338,0x7692acc1cdd771d09ebcae3663e1843b2911bec7,354988.872526664055124914,354988.872526664055124914,5013.64491090,2,same_tx_swap_flow_allocation
0xc244cfa9b8de25ffdc690426bd630d587101bb3b,0x8decd7ff9d6df5d60e476a83ae84d6b0de6864d3dcaf53dcb80648910c4d70ee,50943321,350,0x9b824dd3ec24280e40ef43015ccf3073bf4cc7a9,176211.782979730254512351,111659.71661174982653987094535780473437081836033594683923690392951,1590.4609272234305615098035565929266437770626074983004585344880849,0.63445296006730031045597858939225764935576447327148521396275738188,same_tx_swap_flow_allocation
0x4e3ae00e8323558fa5cac04b152238924aa31b60,0x44eb4e3eab83ec2b6a26a39842e7f7f9929c6568705da11f40c95546eba08b0e,50943662,153,0xbd46cf0958e4880633d320eed38785ee432269da,9083.693184365515004395,0,0,0,unknown_transfer_or_unpriced_swap
0x4e3ae00e8323558fa5cac04b152238924aa31b60,0xe128074cf4d22f4744fbd169ffb71f4a93fe8aa86ef5a169303659b8ba8dad04,50943662,211,0x23e829647939359507c491bef51419698fe3a981,5466.94001659963627152,0,0,0,unknown_transfer_or_unpriced_swap
0x4e3ae00e8323558fa5cac04b152238924aa31b60,0x2fd354b7024c198fd1ccce8fddef8c25077a1b6442492f9f480c23dd63eadc14,50944402,1,0xbd46cf0958e4880633d320eed38785ee432269da,10277.7393963020205418,0,0,0,unknown_transfer_or_unpriced_swap
0x4e3ae00e8323558fa5cac04b152238924aa31b60,0x84680dc5af8191809b49d0f48914ff8bf425ff5365065247b8ec7a6758137677,50944402,281,0x3cba6e89db1c9e989dc3d100220f06f3ff8f59dc,9576.869372102518300611,0,0,0,unknown_transfer_or_unpriced_swap
0xfc90fd5e560471fab35e3703bf5ea4c54acee766,0xa6a060fd8b310e6b0638e6d9da3e02e746276ce120785eb9d62426a6225ea894,50945003,292,0xb92fe925dc43a0ecde6c8b1a2709c170ec4fff4f,63858.806799653958589455,55454.338566406816106984131610167092766366100246527077677411484865,747.28895707971205659016678759329538362898592835291150313525070154,0.29913577327521377999999531566923551044564106702633760267612966285,same_tx_swap_flow_allocation
0x4e3ae00e8323558fa5cac04b152238924aa31b60,0x8b91e499c9b163203973424c700a608609abbb7c29acf16c5cacdad3313983b3,50945177,189,0xbd46cf0958e4880633d320eed38785ee432269da,27260.383383525993862034,0,0,0,unknown_transfer_or_unpriced_swap
0x4e3ae00e8323558fa5cac04b152238924aa31b60,0x21f10af190537d05b17a5be3906f64a933ede42a55b22b88b077aff33536d2e2,50945177,293,0xd6abd6b8c2e30c123f28c0a09915578b52b4e527,23811.02297895990321162,0,0,0,unknown_transfer_or_unpriced_swap
0x4e3ae00e8323558fa5cac04b152238924aa31b60,0x13178c701a2cbc84cddff3e6c79f18ac7196b7f350e009ec6162886e988d9553,50945177,309,0x23e829647939359507c491bef51419698fe3a981,17969.253160263570759706,0,0,0,unknown_transfer_or_unpriced_swap
0x4e3ae00e8323558fa5cac04b152238924aa31b60,0x26622a908eb1cd3d88e4f7a60bf87a47d87fe8d784870bd1102d5383ed9c7e4f,50945177,345,0x5f1c5951c5b1cc112ba9e89b9467edca33063453,41117.682640067989977799,0,0,0,unknown_transfer_or_unpriced_swap
0xc244cfa9b8de25ffdc690426bd630d587101bb3b,0xef2472471a543956fdab79bf03fe72d617c0ac87fef9fbf05b102ea513e98475,50946368,342,0x64740f12a3ad5c13cfc76f9038dc0cb29942fad7,2275980.294123170251157093,0E-65,0E-65,0E-65,unknown_transfer_or_unpriced_swap
0x67505fc71782403718939b4bb3f6ab39be613f4f,0xa8f00010ba75e7b1fa3f63052f6851f1644af4300e6780bc0f8f5cf3ef374998,50947871,284,0xb92fe925dc43a0ecde6c8b1a2709c170ec4fff4f,224322.012150610815157757,206685.63472563277443790000000000000000000000000,2734.9461045034454619431600000000000000000000000000000000000000000,1.0969357806660538660000000000000000000000000000000000000000000000,same_tx_swap_flow_allocation
0x979e5a4f228bca19add8a306acb4ded5287c452f,0xdb20565ccd0db1a15f5624444de2847a5931db39e098c57aac67a3913d934804,50948225,508,0xb92fe925dc43a0ecde6c8b1a2709c170ec4fff4f,361836.109588501080787761,352756.43799383985946456700000000000000000000000,4846.4094159962119197723724889400000000000000000000000000000000000,1.9406805621613550940000000000000000000000000000000000000000000000,same_tx_swap_flow_allocation
0x211c8e97a504d2d142bc945334d4a88bd3270b4d,0xebece4a4738dde1e562c53dccb045398beee0f16473cbe4fd3a4a9c629656dd4,50948252,499,0xf01a4dabfd54d1a6a1812a95f7151e8da851de2e,51.866194787003465876,0E-1689,0E-1689,0E-1689,unknown_transfer_or_unpriced_swap
0x25eded2339466d3b7daf552b24d9b6e09b409b4b,0xebece4a4738dde1e562c53dccb045398beee0f16473cbe4fd3a4a9c629656dd4,50948252,507,0xf01a4dabfd54d1a6a1812a95f7151e8da851de2e,4.978931366020341031,0E-2225,0E-2225,0E-2225,unknown_transfer_or_unpriced_swap
0x4552df0be3b02bfb80c3444b3f1465ee0bdb224c,0xebece4a4738dde1e562c53dccb045398beee0f16473cbe4fd3a4a9c629656dd4,50948252,528,0xf01a4dabfd54d1a6a1812a95f7151e8da851de2e,17.480954833097068382,0E-3638,0E-3638,0E-3638,unknown_transfer_or_unpriced_swap
0x461d5072f3eef08dedc4a7d74fb6d79f99e25e73,0xebece4a4738dde1e562c53dccb045398beee0f16473cbe4fd3a4a9c629656dd4,50948252,529,0xf01a4dabfd54d1a6a1812a95f7151e8da851de2e,26.721311660669790382,0E-3704,0E-3704,0E-3704,unknown_transfer_or_unpriced_swap
0x8da2e73785a202263be1b04d3dcc8137181c89c3,0xebece4a4738dde1e562c53dccb045398beee0f16473cbe4fd3a4a9c629656dd4,50948252,580,0xf01a4dabfd54d1a6a1812a95f7151e8da851de2e,74.81419253392279573,0E-7128,0E-7128,0E-7128,unknown_transfer_or_unpriced_swap
0xd8b7f8ee88f4a19933e21724a3227b04cc31e9fe,0xebece4a4738dde1e562c53dccb045398beee0f16473cbe4fd3a4a9c629656dd4,50948252,621,0xf01a4dabfd54d1a6a1812a95f7151e8da851de2e,16.644268254605966584,0E-9857,0E-9857,0E-9857,unknown_transfer_or_unpriced_swap
0x0c175c6a0065ee05f871a68783d2de432a1e6cbe,0x5aa51e6e18600d97dd9f55392c2cf63eba09500e106aa0021f9f089c136e82aa,50948321,315,0xfc79a788c12a1334f2e53db267ac35028e0137b3,5.415060118642845635,0E-134,0E-134,0E-134,unknown_transfer_or_unpriced_swap
0x2408ce75d217e3a70d6ca370c78c1b34d706f5a0,0x5aa51e6e18600d97dd9f55392c2cf63eba09500e106aa0021f9f089c136e82aa,50948321,317,0xfc79a788c12a1334f2e53db267ac35028e0137b3,5.415060118642845635,0E-267,0E-267,0E-267,unknown_transfer_or_unpriced_swap
0x67df1d22c03ce81dcd7c50a65d476b17f4934fd4,0x5aa51e6e18600d97dd9f55392c2cf63eba09500e106aa0021f9f089c136e82aa,50948321,321,0xfc79a788c12a1334f2e53db267ac35028e0137b3,102.504130465096246321,0E-534,0E-534,0E-534,unknown_transfer_or_unpriced_swap
0xa122c3ef0ced83be89922d99e8dde8f4e272eaca,0x5aa51e6e18600d97dd9f55392c2cf63eba09500e106aa0021f9f089c136e82aa,50948321,329,0xfc79a788c12a1334f2e53db267ac35028e0137b3,226.065163925394119307,0E-1064,0E-1064,0E-1064,unknown_transfer_or_unpriced_swap
0x979e5a4f228bca19add8a306acb4ded5287c452f,0x07237e760bbe8cb091fc191e59f2904258c17b32726b8a300eb3afdc4a4ca6d6,50948480,583,0xb92fe925dc43a0ecde6c8b1a2709c170ec4fff4f,707183.290979326689032853,707183.290979326689032853,9715.13400724683097015521,3.884204721451321559,same_tx_swap_flow_allocation
0x67505fc71782403718939b4bb3f6ab39be613f4f,0xc82d7deee48426c6d5b32872af39cc56c2e124ddc5b79143953a54957ebba9c4,50948752,454,0xb92fe925dc43a0ecde6c8b1a2709c170ec4fff4f,71490.324475338712904738,71490.324475338712904738,985.06835777620638991521,0.393839875329825559,same_tx_swap_flow_allocation
0x67505fc71782403718939b4bb3f6ab39be613f4f,0x9890dbc38f45d53ab26d259dba7c86f51e450298b5a63f093c9ac046d4211c2d,50948758,397,0xb92fe925dc43a0ecde6c8b1a2709c170ec4fff4f,357033.652700859914162887,356333.02252855308338543400000000000000000000000,4963.7608910764760324871900000000000000000000000000000000000000000,1.9845597060105294010000000000000000000000000000000000000000000000,same_tx_swap_flow_allocation
0x67505fc71782403718939b4bb3f6ab39be613f4f,0xb521ff974f6497d501f6f1f75d0284a226eb12d07583952140ac980543f207e3,50948762,515,0xb92fe925dc43a0ecde6c8b1a2709c170ec4fff4f,141670.174048647031893943,136180.12587724545020288003875232178028098036678694569708810669825,1912.8172029149143926194264980952006306789796451786957892840112236,0.76476285404743917599999460180761982523478010274257285103651111016,same_tx_swap_flow_allocation
0x0c175c6a0065ee05f871a68783d2de432a1e6cbe,0xd225ea71c51a0bcb8455c10ea5613efabad11ac03ee1e81e1289adedf7ba1cb7,50948790,776,0xfc79a788c12a1334f2e53db267ac35028e0137b3,4.407780204272037736,0E-134,0E-134,0E-134,unknown_transfer_or_unpriced_swap
0x2408ce75d217e3a70d6ca370c78c1b34d706f5a0,0xd225ea71c51a0bcb8455c10ea5613efabad11ac03ee1e81e1289adedf7ba1cb7,50948790,780,0xfc79a788c12a1334f2e53db267ac35028e0137b3,4.407780204272037736,0E-401,0E-401,0E-401,unknown_transfer_or_unpriced_swap
0x2bb2173427bb17b78adaa3d5fad9716328c3d262,0xd225ea71c51a0bcb8455c10ea5613efabad11ac03ee1e81e1289adedf7ba1cb7,50948790,783,0xfc79a788c12a1334f2e53db267ac35028e0137b3,70.801479905650486346,0E-601,0E-601,0E-601,unknown_transfer_or_unpriced_swap
0x461d5072f3eef08dedc4a7d74fb6d79f99e25e73,0xd225ea71c51a0bcb8455c10ea5613efabad11ac03ee1e81e1289adedf7ba1cb7,50948790,787,0xfc79a788c12a1334f2e53db267ac35028e0137b3,43.113405596462830508,0E-866,0E-866,0E-866,unknown_transfer_or_unpriced_swap
0x67df1d22c03ce81dcd7c50a65d476b17f4934fd4,0xd225ea71c51a0bcb8455c10ea5613efabad11ac03ee1e81e1289adedf7ba1cb7,50948790,790,0xfc79a788c12a1334f2e53db267ac35028e0137b3,83.436871839089803842,0E-1065,0E-1065,0E-1065,unknown_transfer_or_unpriced_swap
0xa122c3ef0ced83be89922d99e8dde8f4e272eaca,0xd225ea71c51a0bcb8455c10ea5613efabad11ac03ee1e81e1289adedf7ba1cb7,50948790,804,0xfc79a788c12a1334f2e53db267ac35028e0137b3,184.013756559290141416,0E-1996,0E-1996,0E-1996,unknown_transfer_or_unpriced_swap
0xd8b7f8ee88f4a19933e21724a3227b04cc31e9fe,0xd225ea71c51a0bcb8455c10ea5613efabad11ac03ee1e81e1289adedf7ba1cb7,50948790,814,0xfc79a788c12a1334f2e53db267ac35028e0137b3,53.735781310822845367,0E-2660,0E-2660,0E-2660,unknown_transfer_or_unpriced_swap
0xf055acd3193f0bc2a46c06e2b3398c6c9b3c0f97,0xd225ea71c51a0bcb8455c10ea5613efabad11ac03ee1e81e1289adedf7ba1cb7,50948790,821,0xfc79a788c12a1334f2e53db267ac35028e0137b3,65.39751264065185235,0E-3122,0E-3122,0E-3122,unknown_transfer_or_unpriced_swap
0xf99d7a743d1b5b2ff28c22b2005cd98def3591de,0xd225ea71c51a0bcb8455c10ea5613efabad11ac03ee1e81e1289adedf7ba1cb7,50948790,826,0xfc79a788c12a1334f2e53db267ac35028e0137b3,36.037233720798690525,0E-3449,0E-3449,0E-3449,unknown_transfer_or_unpriced_swap
0xfc90fd5e560471fab35e3703bf5ea4c54acee766,0xd225ea71c51a0bcb8455c10ea5613efabad11ac03ee1e81e1289adedf7ba1cb7,50948790,829,0xfc79a788c12a1334f2e53db267ac35028e0137b3,48.159366753056594475,0E-3645,0E-3645,0E-3645,unknown_transfer_or_unpriced_swap
0x979e5a4f228bca19add8a306acb4ded5287c452f,0x0a8ab7d7b5421cbdc916f5180ce500d9d655aaf46415b69e660037438bbc8898,50948874,466,0xb92fe925dc43a0ecde6c8b1a2709c170ec4fff4f,259863.196125031613964443,259863.19612503161396444200000000000000000000000384817863749684667,3855.7299911318729002408351624622161704206706123244595688501494945,1.5415582147425317149999940678086095700129420844975629875579821983,same_tx_swap_flow_allocation
0x979e5a4f228bca19add8a306acb4ded5287c452f,0xd990fbb3ae686a0023fc0febe7b7fd080a5e3d766e50b3dfb3b03a3bc3ba6043,50948880,707,0xb92fe925dc43a0ecde6c8b1a2709c170ec4fff4f,231253.352982103610629956,213928.01650157949715252000000000000000000000000,3211.7060962509633722523600000000000000000000000000000000000000000,1.2840712205993800440000000000000000000000000000000000000000000000,same_tx_swap_flow_allocation
0x211c8e97a504d2d142bc945334d4a88bd3270b4d,0xaf468c240c0990df9c00718d1f570048c680e6edd0064a4139e729d08dd98fe1,50949903,120,0xf01a4dabfd54d1a6a1812a95f7151e8da851de2e,43.36421856242598712,0E-1756,0E-1756,0E-1756,unknown_transfer_or_unpriced_swap
0x25eded2339466d3b7daf552b24d9b6e09b409b4b,0xaf468c240c0990df9c00718d1f570048c680e6edd0064a4139e729d08dd98fe1,50949903,128,0xf01a4dabfd54d1a6a1812a95f7151e8da851de2e,4.162778257593054405,0E-2292,0E-2292,0E-2292,unknown_transfer_or_unpriced_swap
0x4552df0be3b02bfb80c3444b3f1465ee0bdb224c,0xaf468c240c0990df9c00718d1f570048c680e6edd0064a4139e729d08dd98fe1,50949903,150,0xf01a4dabfd54d1a6a1812a95f7151e8da851de2e,14.615453267303665844,0E-3772,0E-3772,0E-3772,unknown_transfer_or_unpriced_swap
0x461d5072f3eef08dedc4a7d74fb6d79f99e25e73,0xaf468c240c0990df9c00718d1f570048c680e6edd0064a4139e729d08dd98fe1,50949903,151,0xf01a4dabfd54d1a6a1812a95f7151e8da851de2e,22.341118408369221869,0E-3838,0E-3838,0E-3838,unknown_transfer_or_unpriced_swap
0x8da2e73785a202263be1b04d3dcc8137181c89c3,0xaf468c240c0990df9c00718d1f570048c680e6edd0064a4139e729d08dd98fe1,50949903,202,0xf01a4dabfd54d1a6a1812a95f7151e8da851de2e,62.550549735439372348,0E-7261,0E-7261,0E-7261,unknown_transfer_or_unpriced_swap
0xd8b7f8ee88f4a19933e21724a3227b04cc31e9fe,0xb783f6273229e97819cdbe799a7cdd70d9e8b86a883130afd7742ab65e97b2ac,50949905,173,0xf01a4dabfd54d1a6a1812a95f7151e8da851de2e,13.915917475118886847,0E-65,0E-65,0E-65,unknown_transfer_or_unpriced_swap
0xfc90fd5e560471fab35e3703bf5ea4c54acee766,0xb783f6273229e97819cdbe799a7cdd70d9e8b86a883130afd7742ab65e97b2ac,50949905,193,0xf01a4dabfd54d1a6a1812a95f7151e8da851de2e,39.028581438183086626,0E-1394,0E-1394,0E-1394,unknown_transfer_or_unpriced_swap
0xfc90fd5e560471fab35e3703bf5ea4c54acee766,0x3a2a545f7d7b06916d493d0c6c3b5c4aca53cd98c15f8d2b5932910a31537606,50950085,335,0xb92fe925dc43a0ecde6c8b1a2709c170ec4fff4f,66484.61748366201880565,66484.61748366201880565,1094.71712151285209912084385630,0.437938364146267545,same_tx_swap_flow_allocation
0x67505fc71782403718939b4bb3f6ab39be613f4f,0x26d3e871e1a605c9799a4e1f90d6c83f7d3248045656d727aa0a8f894183f9b1,50950135,359,0xb92fe925dc43a0ecde6c8b1a2709c170ec4fff4f,107391.776722375739643378,107391.77672237573964337700000000000000000000000931169993197108384,1785.3038306096151262582819179064419647314401143516487336426397384,0.71420554563059415799999334953226933822556311224004698037800909043,same_tx_swap_flow_allocation
0x211c8e97a504d2d142bc945334d4a88bd3270b4d,0xe7bdedcc313619d9aa72c331c55179b0e1ba63b94af35f0ec4d51b4e3e7d541f,50950390,404,0xf01a4dabfd54d1a6a1812a95f7151e8da851de2e,107.147124512388187818,0E-2027,0E-2027,0E-2027,unknown_transfer_or_unpriced_swap
0x25eded2339466d3b7daf552b24d9b6e09b409b4b,0xe7bdedcc313619d9aa72c331c55179b0e1ba63b94af35f0ec4d51b4e3e7d541f,50950390,412,0xf01a4dabfd54d1a6a1812a95f7151e8da851de2e,10.28566258242824576,0E-2563,0E-2563,0E-2563,unknown_transfer_or_unpriced_swap
0x4552df0be3b02bfb80c3444b3f1465ee0bdb224c,0xe7bdedcc313619d9aa72c331c55179b0e1ba63b94af35f0ec4d51b4e3e7d541f,50950390,434,0xf01a4dabfd54d1a6a1812a95f7151e8da851de2e,36.112810122068701044,0E-4043,0E-4043,0E-4043,unknown_transfer_or_unpriced_swap
0x461d5072f3eef08dedc4a7d74fb6d79f99e25e73,0xe7bdedcc313619d9aa72c331c55179b0e1ba63b94af35f0ec4d51b4e3e7d541f,50950390,435,0xf01a4dabfd54d1a6a1812a95f7151e8da851de2e,55.201884761315661237,0E-4109,0E-4109,0E-4109,unknown_transfer_or_unpriced_swap
0x8da2e73785a202263be1b04d3dcc8137181c89c3,0xe7bdedcc313619d9aa72c331c55179b0e1ba63b94af35f0ec4d51b4e3e7d541f,50950390,484,0xf01a4dabfd54d1a6a1812a95f7151e8da851de2e,149.800701245311018147,0E-7400,0E-7400,0E-7400,unknown_transfer_or_unpriced_swap
0x0c175c6a0065ee05f871a68783d2de432a1e6cbe,0x14e77a454b540549a11f066ba88a1bbf40312f32d27a3d49fb9c60d914884391,50950706,338,0xfc79a788c12a1334f2e53db267ac35028e0137b3,2.125721827582600414,0E-400,0E-400,0E-400,unknown_transfer_or_unpriced_swap
0x211c8e97a504d2d142bc945334d4a88bd3270b4d,0x14e77a454b540549a11f066ba88a1bbf40312f32d27a3d49fb9c60d914884391,50950706,345,0xfc79a788c12a1334f2e53db267ac35028e0137b3,40.30618984188657534,0E-868,0E-868,0E-868,unknown_transfer_or_unpriced_swap
0x2408ce75d217e3a70d6ca370c78c1b34d706f5a0,0x14e77a454b540549a11f066ba88a1bbf40312f32d27a3d49fb9c60d914884391,50950706,347,0xfc79a788c12a1334f2e53db267ac35028e0137b3,2.125721827582600414,0E-1002,0E-1002,0E-1002,unknown_transfer_or_unpriced_swap
0x2bb2173427bb17b78adaa3d5fad9716328c3d262,0x14e77a454b540549a11f066ba88a1bbf40312f32d27a3d49fb9c60d914884391,50950706,351,0xfc79a788c12a1334f2e53db267ac35028e0137b3,34.145135257589025116,0E-1268,0E-1268,0E-1268,unknown_transfer_or_unpriced_swap
0x461d5072f3eef08dedc4a7d74fb6d79f99e25e73,0x14e77a454b540549a11f066ba88a1bbf40312f32d27a3d49fb9c60d914884391,50950706,355,0xfc79a788c12a1334f2e53db267ac35028e0137b3,20.792122812520948183,0E-1534,0E-1534,0E-1534,unknown_transfer_or_unpriced_swap
0x67df1d22c03ce81dcd7c50a65d476b17f4934fd4,0x14e77a454b540549a11f066ba88a1bbf40312f32d27a3d49fb9c60d914884391,50950706,360,0xfc79a788c12a1334f2e53db267ac35028e0137b3,40.238753175955487051,0E-1869,0E-1869,0E-1869,unknown_transfer_or_unpriced_swap
0xa122c3ef0ced83be89922d99e8dde8f4e272eaca,0x14e77a454b540549a11f066ba88a1bbf40312f32d27a3d49fb9c60d914884391,50950706,376,0xfc79a788c12a1334f2e53db267ac35028e0137b3,88.743549080427870132,0E-2933,0E-2933,0E-2933,unknown_transfer_or_unpriced_swap
0xd8b7f8ee88f4a19933e21724a3227b04cc31e9fe,0x14e77a454b540549a11f066ba88a1bbf40312f32d27a3d49fb9c60d914884391,50950706,388,0xfc79a788c12a1334f2e53db267ac35028e0137b3,25.914931770851848673,0E-3732,0E-3732,0E-3732,unknown_transfer_or_unpriced_swap
0xf055acd3193f0bc2a46c06e2b3398c6c9b3c0f97,0x14e77a454b540549a11f066ba88a1bbf40312f32d27a3d49fb9c60d914884391,50950706,394,0xfc79a788c12a1334f2e53db267ac35028e0137b3,31.538986439275471986,0E-4128,0E-4128,0E-4128,unknown_transfer_or_unpriced_swap
0xf99d7a743d1b5b2ff28c22b2005cd98def3591de,0x14e77a454b540549a11f066ba88a1bbf40312f32d27a3d49fb9c60d914884391,50950706,398,0xfc79a788c12a1334f2e53db267ac35028e0137b3,17.379526831159029471,0E-4388,0E-4388,0E-4388,unknown_transfer_or_unpriced_swap
0xfc90fd5e560471fab35e3703bf5ea4c54acee766,0x14e77a454b540549a11f066ba88a1bbf40312f32d27a3d49fb9c60d914884391,50950706,400,0xfc79a788c12a1334f2e53db267ac35028e0137b3,23.225617513846873397,0E-4519,0E-4519,0E-4519,unknown_transfer_or_unpriced_swap
0x211c8e97a504d2d142bc945334d4a88bd3270b4d,0xfb4316a361bde89629d10e659256086d314bb6c177ebe4c6a67e7fb2df0d1e55,50950852,207,0xf01a4dabfd54d1a6a1812a95f7151e8da851de2e,41.017404663844030884,0E-1958,0E-1958,0E-1958,unknown_transfer_or_unpriced_swap
0x25eded2339466d3b7daf552b24d9b6e09b409b4b,0xfb4316a361bde89629d10e659256086d314bb6c177ebe4c6a67e7fb2df0d1e55,50950852,215,0xf01a4dabfd54d1a6a1812a95f7151e8da851de2e,4.798949140549129225,0E-2494,0E-2494,0E-2494,unknown_transfer_or_unpriced_swap
0x4552df0be3b02bfb80c3444b3f1465ee0bdb224c,0xfb4316a361bde89629d10e659256086d314bb6c177ebe4c6a67e7fb2df0d1e55,50950852,238,0xf01a4dabfd54d1a6a1812a95f7151e8da851de2e,16.849039885304294872,0E-4043,0E-4043,0E-4043,unknown_transfer_or_unpriced_swap
0x461d5072f3eef08dedc4a7d74fb6d79f99e25e73,0xfb4316a361bde89629d10e659256086d314bb6c177ebe4c6a67e7fb2df0d1e55,50950852,239,0xf01a4dabfd54d1a6a1812a95f7151e8da851de2e,25.755369215063974992,0E-4109,0E-4109,0E-4109,unknown_transfer_or_unpriced_swap
0x8da2e73785a202263be1b04d3dcc8137181c89c3,0xfb4316a361bde89629d10e659256086d314bb6c177ebe4c6a67e7fb2df0d1e55,50950852,290,0xf01a4dabfd54d1a6a1812a95f7151e8da851de2e,69.892040569459078193,0E-7535,0E-7535,0E-7535,unknown_transfer_or_unpriced_swap
0xac90c496a291dcda0e789b491fe175beb7bb5b46,0xadb15dc61d35ee00b8c087d3e772f0d86d18208d504f9fadc9466411637304f2,50950974,236,0xa290435b2cfea5b5b293d067b68ad6888f3b3e78,13883637.470876868659783316,0,0,0,unknown_transfer_or_unpriced_swap
0xac90c496a291dcda0e789b491fe175beb7bb5b46,0xdf570eb3f841e1a53990c8063bebb181cf54be91fc39c144c3e9f02199c60fda,50951140,611,0xa290435b2cfea5b5b293d067b68ad6888f3b3e78,7744801.096168099973185483,0E-65,0E-65,0E-65,unknown_transfer_or_unpriced_swap
0x005094277e1899be3feb79767d3489e51b377bef,0x1008596fdc128560e975c96d51a41cefae617a46686ea209a7a13d18048e7862,50951227,332,0x77547b77cc92438b93c5e0fa6b2b5f9e54712fc6,6361383.845610986902145264,0E-65,0E-65,0E-65,unknown_transfer_or_unpriced_swap
0x4e3ae00e8323558fa5cac04b152238924aa31b60,0x390fd65d7bbfca8d390f394a8b433b0fc7fedc81cf6f474e3957fdbd29ee930c,50951415,9,0xaa5e5c97be235c3b7035bb1492fef2b4167edf05,3490.880759538121061371,0,0,0,unknown_transfer_or_unpriced_swap
0x211c8e97a504d2d142bc945334d4a88bd3270b4d,0x6f8072fd8bc66dc48872afdb5852fcc955acbe0ccd8b8af84e60add2175ee327,50951490,537,0xf01a4dabfd54d1a6a1812a95f7151e8da851de2e,32.090566267877177231,0E-2026,0E-2026,0E-2026,unknown_transfer_or_unpriced_swap
0x25eded2339466d3b7daf552b24d9b6e09b409b4b,0x6f8072fd8bc66dc48872afdb5852fcc955acbe0ccd8b8af84e60add2175ee327,50951490,546,0xf01a4dabfd54d1a6a1812a95f7151e8da851de2e,3.754528027140455731,0E-2629,0E-2629,0E-2629,unknown_transfer_or_unpriced_swap
0x4552df0be3b02bfb80c3444b3f1465ee0bdb224c,0x6f8072fd8bc66dc48872afdb5852fcc955acbe0ccd8b8af84e60add2175ee327,50951490,572,0xf01a4dabfd54d1a6a1812a95f7151e8da851de2e,13.182092709685127521,0E-4382,0E-4382,0E-4382,unknown_transfer_or_unpriced_swap
0x461d5072f3eef08dedc4a7d74fb6d79f99e25e73,0x6f8072fd8bc66dc48872afdb5852fcc955acbe0ccd8b8af84e60add2175ee327,50951490,573,0xf01a4dabfd54d1a6a1812a95f7151e8da851de2e,20.150089683226601312,0E-4448,0E-4448,0E-4448,unknown_transfer_or_unpriced_swap
0x8da2e73785a202263be1b04d3dcc8137181c89c3,0x6f8072fd8bc66dc48872afdb5852fcc955acbe0ccd8b8af84e60add2175ee327,50951490,624,0xf01a4dabfd54d1a6a1812a95f7151e8da851de2e,54.681059854292375135,0E-7873,0E-7873,0E-7873,unknown_transfer_or_unpriced_swap
0x4e3ae00e8323558fa5cac04b152238924aa31b60,0x7f72244919b6960d51e82d7938cdf621e209302cd46c9ddae1d7adfd3471077a,50951519,699,0xbd46cf0958e4880633d320eed38785ee432269da,3440.758999550918873693,0,0,0,unknown_transfer_or_unpriced_swap
0x211c8e97a504d2d142bc945334d4a88bd3270b4d,0xec7fedefdf62bce9d9b74dc2b089947344b044e7460259fab15ba0ecf12c1192,50952001,291,0xf01a4dabfd54d1a6a1812a95f7151e8da851de2e,31.129611122858646684,0E-2024,0E-2024,0E-2024,unknown_transfer_or_unpriced_swap
0x25eded2339466d3b7daf552b24d9b6e09b409b4b,0xec7fedefdf62bce9d9b74dc2b089947344b044e7460259fab15ba0ecf12c1192,50952001,300,0xf01a4dabfd54d1a6a1812a95f7151e8da851de2e,3.642098318213553633,0E-2627,0E-2627,0E-2627,unknown_transfer_or_unpriced_swap
0x4552df0be3b02bfb80c3444b3f1465ee0bdb224c,0xec7fedefdf62bce9d9b74dc2b089947344b044e7460259fab15ba0ecf12c1192,50952001,327,0xf01a4dabfd54d1a6a1812a95f7151e8da851de2e,12.78735365442067372,0E-4448,0E-4448,0E-4448,unknown_transfer_or_unpriced_swap
0x461d5072f3eef08dedc4a7d74fb6d79f99e25e73,0xec7fedefdf62bce9d9b74dc2b089947344b044e7460259fab15ba0ecf12c1192,50952001,328,0xf01a4dabfd54d1a6a1812a95f7151e8da851de2e,19.546693277191092655,0E-4514,0E-4514,0E-4514,unknown_transfer_or_unpriced_swap
0x8da2e73785a202263be1b04d3dcc8137181c89c3,0xec7fedefdf62bce9d9b74dc2b089947344b044e7460259fab15ba0ecf12c1192,50952001,383,0xf01a4dabfd54d1a6a1812a95f7151e8da851de2e,53.043630169710980205,0E-8210,0E-8210,0E-8210,unknown_transfer_or_unpriced_swap
0x4e3ae00e8323558fa5cac04b152238924aa31b60,0xedc05f5c086de5e45c4c5565b34cb6978f50c5bc1187007aef87866fd9ac4608,50952047,207,0xaa5e5c97be235c3b7035bb1492fef2b4167edf05,3820.467308805373486358,0,0,0,unknown_transfer_or_unpriced_swap
0x9a44d4974cad27175458ee071c189c2619f417c0,0x5199b46dfe359fab014eb4ecb3a397278c9eb6f737697f8545b6b7606054a4b5,50952212,213,0xbc6d645cd3cf98fecc6f48b1b3fe16f7e8927d4a,40408.434412946650119965,40408.434412946650119965,743.05226411361,0.297,same_tx_swap_flow_allocation
0x979e5a4f228bca19add8a306acb4ded5287c452f,0xc81766d6e13bcb3b098c411f8d9c523962f71b7c744d720b511bb9f8ee117b43,50952446,205,0xb92fe925dc43a0ecde6c8b1a2709c170ec4fff4f,571934.267698489763903775,571934.267698489763903775,9682.19420649860217377057808508,3.869999215681569116,same_tx_swap_flow_allocation
0x4e3ae00e8323558fa5cac04b152238924aa31b60,0x27ad1860a18140b5f27c89124ebe3725215a4e69109875b972e00fca8665d446,50952456,273,0xbd46cf0958e4880633d320eed38785ee432269da,20332.163559342166254856,0,0,0,unknown_transfer_or_unpriced_swap
0x4e3ae00e8323558fa5cac04b152238924aa31b60,0x07b0afb6856c938fe2f80024a3665038ba96adec11d52f5728e20edb49343372,50952488,2,0x23e829647939359507c491bef51419698fe3a981,12677.524136297350470086,0,0,0,unknown_transfer_or_unpriced_swap
0x2bb2173427bb17b78adaa3d5fad9716328c3d262,0x51a2ede30414aa913c3c4a5e87a78786ed77e0d360bfe9cc672f0e31d9660ed5,50952548,179,0xb92fe925dc43a0ecde6c8b1a2709c170ec4fff4f,288180.776296845414435715,288180.77629684541443571400000000000000000000000347004409124754846,4868.6707376613519531946121514278745483825469334608287280041886756,1.9460208641048351609999932472217990685682748246869273106535642355,same_tx_swap_flow_allocation
0x4e3ae00e8323558fa5cac04b152238924aa31b60,0x16c6eeaff788acdddcd9c4715c5dd5b38c57bd18aa1e957fe2fe55a93bef1795,50952597,363,0xd6abd6b8c2e30c123f28c0a09915578b52b4e527,52053.457313804062630994,0,0,0,unknown_transfer_or_unpriced_swap
0x4e3ae00e8323558fa5cac04b152238924aa31b60,0xac67b0a5da68f6519cb7438a2b43e7f606bdc785fddf9a11ec32ed0b60bc0b9d,50952597,417,0x5f1c5951c5b1cc112ba9e89b9467edca33063453,21292.935012113680809586,0,0,0,unknown_transfer_or_unpriced_swap
0x4e3ae00e8323558fa5cac04b152238924aa31b60,0x6c2cebdc406b11e82a36984156e499b1483d7bad18b9bc4e60e58b4d2301d84c,50952638,128,0xbd46cf0958e4880633d320eed38785ee432269da,3915.769529190834084696,0,0,0,unknown_transfer_or_unpriced_swap
0x4e3ae00e8323558fa5cac04b152238924aa31b60,0x0fd17fc3f27ac4b188f91eb849adb39fd70aaa0945bfc29808c2d63009deaca2,50952663,331,0xaa5e5c97be235c3b7035bb1492fef2b4167edf05,2931.961570025737693088,0,0,0,unknown_transfer_or_unpriced_swap
0xfc90fd5e560471fab35e3703bf5ea4c54acee766,0x6dafe1715b484afea4c9765a0a97becd76c74b19eda0dd0905dd15a81e7b2b7f,50954628,477,0xb92fe925dc43a0ecde6c8b1a2709c170ec4fff4f,22579.070750401028067192,22579.070750401028067191000000000000000000000044288802274214006226,377.38139541409432238673021306999653820423470038943187132779079016,0.15088921148387443799999331729754727862364522865822644666114325876,same_tx_swap_flow_allocation
0xf01bb1267ba5787122c7c1b5231d168c3117abc0,0x808b9bc93d2ad5e6ec3db6a7c5d2054fcabff66c6f0310e74bdf57b05547abde,50954923,469,0xb92fe925dc43a0ecde6c8b1a2709c170ec4fff4f,569927.339121655067336718,569927.33912165506733671700000000000000000000000175460963417047598,9949.8129495256600412291964544023405681170627190213994582885595400,3.9782550189539603579999930197154165563316362128418797871980355028,same_tx_swap_flow_allocation
0xac5fdc54868c317f84aed49d8448594991f62c55,0x0000528f7353e322724dbc515bfa984383bd7f01cabb90ecd98c2dad8b0100a7,50955869,105,0xb92fe925dc43a0ecde6c8b1a2709c170ec4fff4f,136971.270215577102764893,136971.270215577102764893,2140.8136359442713052278688,0.858755801997826531,same_tx_swap_flow_allocation
0x2bb2173427bb17b78adaa3d5fad9716328c3d262,0x9cd9e0a2a5ef8ef353f015f69ebfe5a8c4d611e06022c732d325eb741073ec95,50955881,937,0xb92fe925dc43a0ecde6c8b1a2709c170ec4fff4f,315889.187484784378913257,315889.187484784378913257,4977.3717168293183840455232,1.996599222258657134,same_tx_swap_flow_allocation
0xac5fdc54868c317f84aed49d8448594991f62c55,0xd798003ef31847977485d9af21a64f1ffb598526996aab3a9286dec2ad5c9a89,50955886,197,0xb92fe925dc43a0ecde6c8b1a2709c170ec4fff4f,134496.658985082473279722,98699.261718756788559026000000000000000000000000,1570.7766039419395573403552000000000000000000000000000000000000000,0.63009385760129609900000000000000000000000000000000000000000000000,same_tx_swap_flow_allocation
0xfc90fd5e560471fab35e3703bf5ea4c54acee766,0x7b14a495b02072cadca92790cea3543c0333843adde0f2ab33e46e0f7528bffd,50955972,169,0xb92fe925dc43a0ecde6c8b1a2709c170ec4fff4f,5882.39428613952622335,0E-65,0E-65,0E-65,unknown_transfer_or_unpriced_swap
0x0c175c6a0065ee05f871a68783d2de432a1e6cbe,0xd5c9a22d5ac63ec25bb9f8b4f22cd893f0473c1872bfb82a1b33f6cd04ab2a87,50956531,528,0xfc79a788c12a1334f2e53db267ac35028e0137b3,3.841969437632719535,0E-334,0E-334,0E-334,unknown_transfer_or_unpriced_swap
0x211c8e97a504d2d142bc945334d4a88bd3270b4d,0xd5c9a22d5ac63ec25bb9f8b4f22cd893f0473c1872bfb82a1b33f6cd04ab2a87,50956531,534,0xfc79a788c12a1334f2e53db267ac35028e0137b3,72.848266179801129987,0E-735,0E-735,0E-735,unknown_transfer_or_unpriced_swap
0x2408ce75d217e3a70d6ca370c78c1b34d706f5a0,0xd5c9a22d5ac63ec25bb9f8b4f22cd893f0473c1872bfb82a1b33f6cd04ab2a87,50956531,535,0xfc79a788c12a1334f2e53db267ac35028e0137b3,3.841969437632719535,0E-802,0E-802,0E-802,unknown_transfer_or_unpriced_swap
0x2bb2173427bb17b78adaa3d5fad9716328c3d262,0xd5c9a22d5ac63ec25bb9f8b4f22cd893f0473c1872bfb82a1b33f6cd04ab2a87,50956531,540,0xfc79a788c12a1334f2e53db267ac35028e0137b3,61.712950585203009417,0E-1135,0E-1135,0E-1135,unknown_transfer_or_unpriced_swap
0x461d5072f3eef08dedc4a7d74fb6d79f99e25e73,0xd5c9a22d5ac63ec25bb9f8b4f22cd893f0473c1872bfb82a1b33f6cd04ab2a87,50956531,547,0xfc79a788c12a1334f2e53db267ac35028e0137b3,37.579094005943022381,0E-1602,0E-1602,0E-1602,unknown_transfer_or_unpriced_swap
0x67df1d22c03ce81dcd7c50a65d476b17f4934fd4,0xd5c9a22d5ac63ec25bb9f8b4f22cd893f0473c1872bfb82a1b33f6cd04ab2a87,50956531,552,0xfc79a788c12a1334f2e53db267ac35028e0137b3,106.09324084501914052,0E-1935,0E-1935,0E-1935,unknown_transfer_or_unpriced_swap
0xa122c3ef0ced83be89922d99e8dde8f4e272eaca,0xd5c9a22d5ac63ec25bb9f8b4f22cd893f0473c1872bfb82a1b33f6cd04ab2a87,50956531,568,0xfc79a788c12a1334f2e53db267ac35028e0137b3,129.124781997462578312,0E-2998,0E-2998,0E-2998,unknown_transfer_or_unpriced_swap
0xd8b7f8ee88f4a19933e21724a3227b04cc31e9fe,0xd5c9a22d5ac63ec25bb9f8b4f22cd893f0473c1872bfb82a1b33f6cd04ab2a87,50956531,584,0xfc79a788c12a1334f2e53db267ac35028e0137b3,46.837913855914029542,0E-4063,0E-4063,0E-4063,unknown_transfer_or_unpriced_swap
0xf055acd3193f0bc2a46c06e2b3398c6c9b3c0f97,0xd5c9a22d5ac63ec25bb9f8b4f22cd893f0473c1872bfb82a1b33f6cd04ab2a87,50956531,587,0xfc79a788c12a1334f2e53db267ac35028e0137b3,62.251329908553974511,0E-4262,0E-4262,0E-4262,unknown_transfer_or_unpriced_swap
0xf99d7a743d1b5b2ff28c22b2005cd98def3591de,0xd5c9a22d5ac63ec25bb9f8b4f22cd893f0473c1872bfb82a1b33f6cd04ab2a87,50956531,594,0xfc79a788c12a1334f2e53db267ac35028e0137b3,31.411264662867198781,0E-4719,0E-4719,0E-4719,unknown_transfer_or_unpriced_swap
0xfc90fd5e560471fab35e3703bf5ea4c54acee766,0xd5c9a22d5ac63ec25bb9f8b4f22cd893f0473c1872bfb82a1b33f6cd04ab2a87,50956531,596,0xfc79a788c12a1334f2e53db267ac35028e0137b3,41.977323420450961854,0E-4850,0E-4850,0E-4850,unknown_transfer_or_unpriced_swap
0x2bb2173427bb17b78adaa3d5fad9716328c3d262,0x736395816cf038ef7acb1bd386fef7b8400799f55528fc6526c6a1e854182dd6,50956561,459,0xb92fe925dc43a0ecde6c8b1a2709c170ec4fff4f,357188.963805009757528707,357188.96380500975752870600000000000000000000000279963857042879467,4970.1004927475779115169050679949615967230078857118903467735628961,1.9954598312770457959999944134336906154476954981040959626434693532,same_tx_swap_flow_allocation
0xf055acd3193f0bc2a46c06e2b3398c6c9b3c0f97,0xe06acc024ab6ca014b32fdb952a7943b6642422354ac49f7f90e1818acba28a4,50956587,326,0xb92fe925dc43a0ecde6c8b1a2709c170ec4fff4f,347094.393896793871970191,347094.393896793871970191,4967.94825326469889098114463950,1.994595722504669775,same_tx_swap_flow_allocation
0x2bb2173427bb17b78adaa3d5fad9716328c3d262,0x3d70cb43853c98b4136a65aa3bd57dedee99e1f19d55c74f0791bb8623abca54,50956748,675,0xb92fe925dc43a0ecde6c8b1a2709c170ec4fff4f,71483.383070116414083516,0E-65,0E-65,0E-65,unknown_transfer_or_unpriced_swap
0x4e3ae00e8323558fa5cac04b152238924aa31b60,0x3c9b92f17c92cf44226eeeb63a591c4457d7acab7c7353940a8f079ca07402a5,50956777,334,0xaa5e5c97be235c3b7035bb1492fef2b4167edf05,7664.478477836123025093,0,0,0,unknown_transfer_or_unpriced_swap
0xac5fdc54868c317f84aed49d8448594991f62c55,0x6e90dbddfbf45dfd41c85c136fef7b45eebcf5e41f4026788fdf96adb2f3c52d,50956840,493,0xb92fe925dc43a0ecde6c8b1a2709c170ec4fff4f,202818.704698486043267974,198142.78480989565249934302305467779977047922291868296316655320174,2809.1940406865104961188254334258662742216313800181581750564078109,1.1260802575565883909999944478480955164382885785271804176152540661,same_tx_swap_flow_allocation
0x211c8e97a504d2d142bc945334d4a88bd3270b4d,0xb398355736dd62d830a92771905bc59aa470002cd988d367949b551f91517446,50957464,810,0xf01a4dabfd54d1a6a1812a95f7151e8da851de2e,49.016152926635934831,0E-1891,0E-1891,0E-1891,unknown_transfer_or_unpriced_swap
0x25eded2339466d3b7daf552b24d9b6e09b409b4b,0xb398355736dd62d830a92771905bc59aa470002cd988d367949b551f91517446,50957464,818,0xf01a4dabfd54d1a6a1812a95f7151e8da851de2e,5.734785681543887115,0E-2427,0E-2427,0E-2427,unknown_transfer_or_unpriced_swap
0x4552df0be3b02bfb80c3444b3f1465ee0bdb224c,0xb398355736dd62d830a92771905bc59aa470002cd988d367949b551f91517446,50957464,845,0xf01a4dabfd54d1a6a1812a95f7151e8da851de2e,20.134748223430504947,0E-4249,0E-4249,0E-4249,unknown_transfer_or_unpriced_swap
0x461d5072f3eef08dedc4a7d74fb6d79f99e25e73,0xb398355736dd62d830a92771905bc59aa470002cd988d367949b551f91517446,50957464,846,0xf01a4dabfd54d1a6a1812a95f7151e8da851de2e,30.777888715137345373,0E-4315,0E-4315,0E-4315,unknown_transfer_or_unpriced_swap
0x8da2e73785a202263be1b04d3dcc8137181c89c3,0xb398355736dd62d830a92771905bc59aa470002cd988d367949b551f91517446,50957464,901,0xf01a4dabfd54d1a6a1812a95f7151e8da851de2e,80.652062729912774354,0E-8015,0E-8015,0E-8015,unknown_transfer_or_unpriced_swap
0x67505fc71782403718939b4bb3f6ab39be613f4f,0x4f7fccf71ea44a4daf1696ddee6a73b02fad1a24eadd05c78d82aa09a588e931,50958432,502,0xb92fe925dc43a0ecde6c8b1a2709c170ec4fff4f,204392.092352014863397357,200203.03016146595688436002049522631890416885624915738086120984724,2920.4724998865951533240344043012869996796670350457997423600100500,1.1764508035217322639999942441471683963853369250834586470058750166,same_tx_swap_flow_allocation
0x267eafdb83b0cf9ef3e5a1eda83accfc85a021c8,0xd2ea3b10952c9c976f4b155819d0b6eb89a34ac126e2fa624819497e1c36cdb2,50958572,507,0xb92fe925dc43a0ecde6c8b1a2709c170ec4fff4f,206512.270430693472650081,188346.11862414522967163608796645239850235590469217847009873085137,2914.5921588564196327302595871508898397831172740186628399554092594,1.1740820320540329679999943147105515550436183362257367628674488087,same_tx_swap_flow_allocation
0x4e3ae00e8323558fa5cac04b152238924aa31b60,0x8091baf1fddcbfc0740a383734bc835733f5188fdc1a553def77933daa0635b5,50959902,511,0xaa5e5c97be235c3b7035bb1492fef2b4167edf05,3844.16461819571739043,0,0,0,unknown_transfer_or_unpriced_swap
0x211c8e97a504d2d142bc945334d4a88bd3270b4d,0x43a969240b594c582d505071cf86e54bc4e9e9790f6b8d53740f8ec83919db06,50960439,385,0xf01a4dabfd54d1a6a1812a95f7151e8da851de2e,41.379628219173175339,0E-1889,0E-1889,0E-1889,unknown_transfer_or_unpriced_swap
0x25eded2339466d3b7daf552b24d9b6e09b409b4b,0x43a969240b594c582d505071cf86e54bc4e9e9790f6b8d53740f8ec83919db06,50960439,394,0xf01a4dabfd54d1a6a1812a95f7151e8da851de2e,4.841328526416653786,0E-2493,0E-2493,0E-2493,unknown_transfer_or_unpriced_swap
0x4552df0be3b02bfb80c3444b3f1465ee0bdb224c,0x43a969240b594c582d505071cf86e54bc4e9e9790f6b8d53740f8ec83919db06,50960439,418,0xf01a4dabfd54d1a6a1812a95f7151e8da851de2e,16.997833286085140755,0E-4110,0E-4110,0E-4110,unknown_transfer_or_unpriced_swap
0x461d5072f3eef08dedc4a7d74fb6d79f99e25e73,0x43a969240b594c582d505071cf86e54bc4e9e9790f6b8d53740f8ec83919db06,50960439,419,0xf01a4dabfd54d1a6a1812a95f7151e8da851de2e,25.982814161480069474,0E-4176,0E-4176,0E-4176,unknown_transfer_or_unpriced_swap
0x8da2e73785a202263be1b04d3dcc8137181c89c3,0x43a969240b594c582d505071cf86e54bc4e9e9790f6b8d53740f8ec83919db06,50960439,477,0xf01a4dabfd54d1a6a1812a95f7151e8da851de2e,68.086787142767961625,0E-8081,0E-8081,0E-8081,unknown_transfer_or_unpriced_swap
0x0c175c6a0065ee05f871a68783d2de432a1e6cbe,0x889342adb1929f25eda45575464cb5ef2a02680df37a969da2ee5ab766869fbe,50960516,394,0xfc79a788c12a1334f2e53db267ac35028e0137b3,2.167367316196691468,0E-400,0E-400,0E-400,unknown_transfer_or_unpriced_swap
0x211c8e97a504d2d142bc945334d4a88bd3270b4d,0x889342adb1929f25eda45575464cb5ef2a02680df37a969da2ee5ab766869fbe,50960516,403,0xfc79a788c12a1334f2e53db267ac35028e0137b3,41.095837362252197899,0E-1004,0E-1004,0E-1004,unknown_transfer_or_unpriced_swap
0x2408ce75d217e3a70d6ca370c78c1b34d706f5a0,0x889342adb1929f25eda45575464cb5ef2a02680df37a969da2ee5ab766869fbe,50960516,405,0xfc79a788c12a1334f2e53db267ac35028e0137b3,2.167367316196691468,0E-1139,0E-1139,0E-1139,unknown_transfer_or_unpriced_swap
0x2bb2173427bb17b78adaa3d5fad9716328c3d262,0x889342adb1929f25eda45575464cb5ef2a02680df37a969da2ee5ab766869fbe,50960516,410,0xfc79a788c12a1334f2e53db267ac35028e0137b3,34.814080188739132347,0E-1472,0E-1472,0E-1472,unknown_transfer_or_unpriced_swap
0x461d5072f3eef08dedc4a7d74fb6d79f99e25e73,0x889342adb1929f25eda45575464cb5ef2a02680df37a969da2ee5ab766869fbe,50960516,419,0xfc79a788c12a1334f2e53db267ac35028e0137b3,21.199465910105985941,0E-2075,0E-2075,0E-2075,unknown_transfer_or_unpriced_swap
0x67df1d22c03ce81dcd7c50a65d476b17f4934fd4,0x889342adb1929f25eda45575464cb5ef2a02680df37a969da2ee5ab766869fbe,50960516,425,0xfc79a788c12a1334f2e53db267ac35028e0137b3,62.471643070657691403,0E-2478,0E-2478,0E-2478,unknown_transfer_or_unpriced_swap
0xa122c3ef0ced83be89922d99e8dde8f4e272eaca,0x889342adb1929f25eda45575464cb5ef2a02680df37a969da2ee5ab766869fbe,50960516,442,0xfc79a788c12a1334f2e53db267ac35028e0137b3,72.843065712871286282,0E-3608,0E-3608,0E-3608,unknown_transfer_or_unpriced_swap
0xd8b7f8ee88f4a19933e21724a3227b04cc31e9fe,0x889342adb1929f25eda45575464cb5ef2a02680df37a969da2ee5ab766869fbe,50960516,468,0xfc79a788c12a1334f2e53db267ac35028e0137b3,26.422636956918119386,0E-5338,0E-5338,0E-5338,unknown_transfer_or_unpriced_swap
0xf055acd3193f0bc2a46c06e2b3398c6c9b3c0f97,0x889342adb1929f25eda45575464cb5ef2a02680df37a969da2ee5ab766869fbe,50960516,473,0xfc79a788c12a1334f2e53db267ac35028e0137b3,51.536136911100665336,0E-5670,0E-5670,0E-5670,unknown_transfer_or_unpriced_swap
0xf99d7a743d1b5b2ff28c22b2005cd98def3591de,0x889342adb1929f25eda45575464cb5ef2a02680df37a969da2ee5ab766869fbe,50960516,479,0xfc79a788c12a1334f2e53db267ac35028e0137b3,17.720013002667375163,0E-6062,0E-6062,0E-6062,unknown_transfer_or_unpriced_swap
0xfc90fd5e560471fab35e3703bf5ea4c54acee766,0x889342adb1929f25eda45575464cb5ef2a02680df37a969da2ee5ab766869fbe,50960516,481,0xfc79a788c12a1334f2e53db267ac35028e0137b3,23.680635746796056885,0E-6193,0E-6193,0E-6193,unknown_transfer_or_unpriced_swap
0x211c8e97a504d2d142bc945334d4a88bd3270b4d,0x68905d42b3720966275df7f0f293662e43c052af74bf3b9e3dcac41c8ec3390a,50960896,2041,0xf01a4dabfd54d1a6a1812a95f7151e8da851de2e,58.342994078625939712,0E-1821,0E-1821,0E-1821,unknown_transfer_or_unpriced_swap
0x25eded2339466d3b7daf552b24d9b6e09b409b4b,0x68905d42b3720966275df7f0f293662e43c052af74bf3b9e3dcac41c8ec3390a,50960896,2050,0xf01a4dabfd54d1a6a1812a95f7151e8da851de2e,6.826006266980752214,0E-2425,0E-2425,0E-2425,unknown_transfer_or_unpriced_swap
0x4552df0be3b02bfb80c3444b3f1465ee0bdb224c,0x68905d42b3720966275df7f0f293662e43c052af74bf3b9e3dcac41c8ec3390a,50960896,2074,0xf01a4dabfd54d1a6a1812a95f7151e8da851de2e,23.966007657362948436,0E-4042,0E-4042,0E-4042,unknown_transfer_or_unpriced_swap
0x461d5072f3eef08dedc4a7d74fb6d79f99e25e73,0x68905d42b3720966275df7f0f293662e43c052af74bf3b9e3dcac41c8ec3390a,50960896,2075,0xf01a4dabfd54d1a6a1812a95f7151e8da851de2e,36.634335251636537688,0E-4108,0E-4108,0E-4108,unknown_transfer_or_unpriced_swap
0x8da2e73785a202263be1b04d3dcc8137181c89c3,0x68905d42b3720966275df7f0f293662e43c052af74bf3b9e3dcac41c8ec3390a,50960896,2132,0xf01a4dabfd54d1a6a1812a95f7151e8da851de2e,95.998615503813967622,0E-7945,0E-7945,0E-7945,unknown_transfer_or_unpriced_swap
0x4e3ae00e8323558fa5cac04b152238924aa31b60,0xffbb77cdea788e45911d4c4780da2165696f187e1b79ac3c9f5be1d72d5f8f68,50961300,350,0xbd46cf0958e4880633d320eed38785ee432269da,7647.770037570034560841,0,0,0,unknown_transfer_or_unpriced_swap
0x4e3ae00e8323558fa5cac04b152238924aa31b60,0xc5638413913c001eb78dc3e5cfc2bf0717ae4aa4c96649ac675113ef9fc9f2b5,50961300,398,0x23e829647939359507c491bef51419698fe3a981,4123.386954282308598927,0,0,0,unknown_transfer_or_unpriced_swap
0x4e3ae00e8323558fa5cac04b152238924aa31b60,0x4be5f8a607b7bf641315c23624f340087dcc3e7db9bb4028fd78891cf3d118aa,50961300,426,0xaa5e5c97be235c3b7035bb1492fef2b4167edf05,4897.485448151131049272,0,0,0,unknown_transfer_or_unpriced_swap
0x4e3ae00e8323558fa5cac04b152238924aa31b60,0xa6087fb5873329cddd01302c2fd6cd2f7abddce2e65a83ac36d945d6aba9189a,50961694,658,0xaa5e5c97be235c3b7035bb1492fef2b4167edf05,3925.012161273627109644,0,0,0,unknown_transfer_or_unpriced_swap
0x25eded2339466d3b7daf552b24d9b6e09b409b4b,0x6a7dcfb6c8378b768cd0bce8884c7e6c273d2f45e78697fcaef62fcbe7e697fc,50963262,427,0x7692acc1cdd771d09ebcae3663e1843b2911bec7,168293.32763777891754857,168293.32763777891754857,2488.04098859,1,same_tx_swap_flow_allocation
0x0ca6cadb6a8ca4199788b9a060c3285fe7b897fd,0x5d3fc965fa065af29610ebda3f449759c183a099163f08d52621bb9b9bd381c6,50963494,1969,0xbedfac7488dccaafdd66d1d7d56349780fe0477e,330154.614317247240445223,297115.38571104564738144027613247926720644193406716113671424894913,4496.6543507928443669736568032468910522267488238811544036246076727,1.8041609429055497157149957141856892579512125353703429700823124429,same_tx_swap_flow_allocation
0x0ca6cadb6a8ca4199788b9a060c3285fe7b897fd,0xa3f30e720b901b1085ef2e55f9db00f6ac8df3130a07cb348f0097a021fa65f6,50963824,610,0xf01a4dabfd54d1a6a1812a95f7151e8da851de2e,15.373519648998096438,0E-469,0E-469,0E-469,unknown_transfer_or_unpriced_swap
0x211c8e97a504d2d142bc945334d4a88bd3270b4d,0xa3f30e720b901b1085ef2e55f9db00f6ac8df3130a07cb348f0097a021fa65f6,50963824,631,0xf01a4dabfd54d1a6a1812a95f7151e8da851de2e,45.602315588048601298,0E-1891,0E-1891,0E-1891,unknown_transfer_or_unpriced_swap
0x25eded2339466d3b7daf552b24d9b6e09b409b4b,0xa3f30e720b901b1085ef2e55f9db00f6ac8df3130a07cb348f0097a021fa65f6,50963824,639,0xf01a4dabfd54d1a6a1812a95f7151e8da851de2e,5.335373970923655494,0E-2427,0E-2427,0E-2427,unknown_transfer_or_unpriced_swap
0x4552df0be3b02bfb80c3444b3f1465ee0bdb224c,0xa3f30e720b901b1085ef2e55f9db00f6ac8df3130a07cb348f0097a021fa65f6,50963824,664,0xf01a4dabfd54d1a6a1812a95f7151e8da851de2e,18.73241957901235636,0E-4110,0E-4110,0E-4110,unknown_transfer_or_unpriced_swap
0x461d5072f3eef08dedc4a7d74fb6d79f99e25e73,0xa3f30e720b901b1085ef2e55f9db00f6ac8df3130a07cb348f0097a021fa65f6,50963824,665,0xf01a4dabfd54d1a6a1812a95f7151e8da851de2e,28.634295237781333099,0E-4176,0E-4176,0E-4176,unknown_transfer_or_unpriced_swap
0x8da2e73785a202263be1b04d3dcc8137181c89c3,0xa3f30e720b901b1085ef2e55f9db00f6ac8df3130a07cb348f0097a021fa65f6,50963824,721,0xf01a4dabfd54d1a6a1812a95f7151e8da851de2e,75.034873155823515218,0E-7942,0E-7942,0E-7942,unknown_transfer_or_unpriced_swap
0xd8b7f8ee88f4a19933e21724a3227b04cc31e9fe,0xe899b66deb48297302784220851a82d0d4dde5167a080875661ab04cd4f760c8,50963826,187,0xf01a4dabfd54d1a6a1812a95f7151e8da851de2e,17.835834455712956554,0E-1197,0E-1197,0E-1197,unknown_transfer_or_unpriced_swap
0xfc90fd5e560471fab35e3703bf5ea4c54acee766,0xe899b66deb48297302784220851a82d0d4dde5167a080875661ab04cd4f760c8,50963826,206,0xf01a4dabfd54d1a6a1812a95f7151e8da851de2e,50.02238040124609383,0E-2458,0E-2458,0E-2458,unknown_transfer_or_unpriced_swap
0x4e3ae00e8323558fa5cac04b152238924aa31b60,0x433516b659284ffab7340657d8779702c41794645ee184d475c71072386781c9,50964103,214,0xaa5e5c97be235c3b7035bb1492fef2b4167edf05,4865.865839458471153321,0,0,0,unknown_transfer_or_unpriced_swap
0x4e3ae00e8323558fa5cac04b152238924aa31b60,0x79f73b067d5e86addf3422ac9a5923bc28285d84ce7fac09dcdaa0f23afd9286,50964174,890,0xbd46cf0958e4880633d320eed38785ee432269da,6918.442051959198290153,0,0,0,unknown_transfer_or_unpriced_swap
0x4e3ae00e8323558fa5cac04b152238924aa31b60,0x005d5450e747e54a0eccdd8289af286ff8826634032d9209f2e52be9bb46ebbe,50964175,420,0x23e829647939359507c491bef51419698fe3a981,3143.403588424346593563,0,0,0,unknown_transfer_or_unpriced_swap
0x4e3ae00e8323558fa5cac04b152238924aa31b60,0xe2ace37de0ce76c44a7bcf4a8f7b699a381190bf5d3df23d02b5756055edd3c0,50964294,172,0xaa5e5c97be235c3b7035bb1492fef2b4167edf05,5808.926026165830120024,0,0,0,unknown_transfer_or_unpriced_swap
0x0ca6cadb6a8ca4199788b9a060c3285fe7b897fd,0xac013e1e2f40025002f4f18f3c4bfc33c148a742ce96bb0a2496f41504a4f367,50964322,82,0xf01a4dabfd54d1a6a1812a95f7151e8da851de2e,12.264533163705062964,0E-538,0E-538,0E-538,unknown_transfer_or_unpriced_swap
0x211c8e97a504d2d142bc945334d4a88bd3270b4d,0xac013e1e2f40025002f4f18f3c4bfc33c148a742ce96bb0a2496f41504a4f367,50964322,103,0xf01a4dabfd54d1a6a1812a95f7151e8da851de2e,36.380160473390088864,0E-1960,0E-1960,0E-1960,unknown_transfer_or_unpriced_swap
0x25eded2339466d3b7daf552b24d9b6e09b409b4b,0xac013e1e2f40025002f4f18f3c4bfc33c148a742ce96bb0a2496f41504a4f367,50964322,111,0xf01a4dabfd54d1a6a1812a95f7151e8da851de2e,4.256401429286653229,0E-2496,0E-2496,0E-2496,unknown_transfer_or_unpriced_swap
0x4552df0be3b02bfb80c3444b3f1465ee0bdb224c,0xac013e1e2f40025002f4f18f3c4bfc33c148a742ce96bb0a2496f41504a4f367,50964322,136,0xf01a4dabfd54d1a6a1812a95f7151e8da851de2e,14.944162846808322688,0E-4180,0E-4180,0E-4180,unknown_transfer_or_unpriced_swap
0x461d5072f3eef08dedc4a7d74fb6d79f99e25e73,0xac013e1e2f40025002f4f18f3c4bfc33c148a742ce96bb0a2496f41504a4f367,50964322,137,0xf01a4dabfd54d1a6a1812a95f7151e8da851de2e,22.843582444439011599,0E-4246,0E-4246,0E-4246,unknown_transfer_or_unpriced_swap
0x8da2e73785a202263be1b04d3dcc8137181c89c3,0xac013e1e2f40025002f4f18f3c4bfc33c148a742ce96bb0a2496f41504a4f367,50964322,193,0xf01a4dabfd54d1a6a1812a95f7151e8da851de2e,59.860572677251223995,0E-8011,0E-8011,0E-8011,unknown_transfer_or_unpriced_swap
0xd8b7f8ee88f4a19933e21724a3227b04cc31e9fe,0x23edd57a9950e0dbf2997c7e7d030bca49363f5ca9df6577a646c125e44a18a3,50964324,155,0xf01a4dabfd54d1a6a1812a95f7151e8da851de2e,14.228894110055076196,0E-1534,0E-1534,0E-1534,unknown_transfer_or_unpriced_swap
0xfc90fd5e560471fab35e3703bf5ea4c54acee766,0x23edd57a9950e0dbf2997c7e7d030bca49363f5ca9df6577a646c125e44a18a3,50964324,175,0xf01a4dabfd54d1a6a1812a95f7151e8da851de2e,39.906355692499811651,0E-2862,0E-2862,0E-2862,unknown_transfer_or_unpriced_swap
0x4e3ae00e8323558fa5cac04b152238924aa31b60,0x5fc7d008e4b31802a3ac8746c72865361b552bea4c22f35318a099ce6c6582ab,50964504,1,0xbd46cf0958e4880633d320eed38785ee432269da,22635.991063648989483522,0,0,0,unknown_transfer_or_unpriced_swap
0x4e3ae00e8323558fa5cac04b152238924aa31b60,0x01fb8c347482f874ed02caffd8215e294bbabe4fa3f49ca344b21a970bcb52b2,50964504,276,0x7a2c734655b098e68d10a084baf5890ca45a865c,17769.049521216326698793,0,0,0,unknown_transfer_or_unpriced_swap
0x4e3ae00e8323558fa5cac04b152238924aa31b60,0x66b7eb523d10f94c843613d77547eefef40a83d2b6be536f2c338ffc1ed8fed9,50964504,310,0x23e829647939359507c491bef51419698fe3a981,6447.980295187115090436,0,0,0,unknown_transfer_or_unpriced_swap
0x4e3ae00e8323558fa5cac04b152238924aa31b60,0x0d524bcaf27ca8e27955d051341a28f3c055371bf49bb9abea6f0be0354beeb8,50964504,429,0xaa5e5c97be235c3b7035bb1492fef2b4167edf05,5936.405865297485324447,0,0,0,unknown_transfer_or_unpriced_swap
0x4e3ae00e8323558fa5cac04b152238924aa31b60,0x759908db42f7c2e67945bd4b40fc5865c301db4c8c1d9f94b10fba20a02a5a66,50964504,559,0x5f1c5951c5b1cc112ba9e89b9467edca33063453,5322.706346215980515673,0,0,0,unknown_transfer_or_unpriced_swap
0x7e3ba68c49561aae7c23c1d20fef0f1d7615a3ad,0x3eceedbfc0ab5fc42ceafc0313579054e563fe72b9e4c3da19f39a0ab56db4a2,50964560,935,0x0a2854fbbd9b3ef66f17d47284e7f899b9509330,2777396.480767788611326103,2689877.6097339452502112380000000000000000000000,47910.629455000000000000000000000000000000000000000000000000000000,19.230250000000000000000000000000000000000000000000000000000000000,same_tx_swap_flow_allocation
0x7e3ba68c49561aae7c23c1d20fef0f1d7615a3ad,0x6411b33481c3fc9f00f87ec32ed3f5e23bc25eeedc57dc693c047a708d7ff041,50964592,416,0x0a2854fbbd9b3ef66f17d47284e7f899b9509330,1325021.598001507974306269,1325021.598001507974306269,24723.322234988000,9.9125,same_tx_swap_flow_allocation
0x25eded2339466d3b7daf552b24d9b6e09b409b4b,0x1f98f40db2476b5e415be37bf65f9987266cc2cf2b0ea2e103fded5a54b96e7a,50964639,433,0x669eca0d4b4c864148c4121b31dfef5e7179ed54,69.711243671275617527,0E-198,0E-198,0E-198,unknown_transfer_or_unpriced_swap
0x461d5072f3eef08dedc4a7d74fb6d79f99e25e73,0x1f98f40db2476b5e415be37bf65f9987266cc2cf2b0ea2e103fded5a54b96e7a,50964639,436,0x669eca0d4b4c864148c4121b31dfef5e7179ed54,34.915558034298688423,0E-397,0E-397,0E-397,unknown_transfer_or_unpriced_swap
0x67df1d22c03ce81dcd7c50a65d476b17f4934fd4,0x1f98f40db2476b5e415be37bf65f9987266cc2cf2b0ea2e103fded5a54b96e7a,50964639,443,0x669eca0d4b4c864148c4121b31dfef5e7179ed54,40.6842351149329017,0E-859,0E-859,0E-859,unknown_transfer_or_unpriced_swap
0x7092b2648127f3e831c279d43cb5494bddc7d5dc,0x1f98f40db2476b5e415be37bf65f9987266cc2cf2b0ea2e103fded5a54b96e7a,50964639,446,0x669eca0d4b4c864148c4121b31dfef5e7179ed54,41.975872143105273309,0E-1058,0E-1058,0E-1058,unknown_transfer_or_unpriced_swap
0x7e3ba68c49561aae7c23c1d20fef0f1d7615a3ad,0xbaf30c8dd1635b270443648f2a648a7d9e565c449f395e01246ca934738ecf06,50964648,380,0x0a2854fbbd9b3ef66f17d47284e7f899b9509330,3178214.691915377084161987,3021245.690974127056024260267085280819282464204032652685146429618,58705.985502712914194111434746169739542158703319767519567187630501,23.537414420466303926009367590500915364651200471705996518772787791,same_tx_swap_flow_allocation
0x4e3ae00e8323558fa5cac04b152238924aa31b60,0x5b9b7a4958e3900dfd741204e7e9c7a90f016e0cd7f4b59fdf3b6f88662e6a10,50964745,712,0x371f41fbf424fa514fad1cd3879b2309829e7529,2675.271670743404700774,0,0,0,unknown_transfer_or_unpriced_swap
0x7e3ba68c49561aae7c23c1d20fef0f1d7615a3ad,0x29eed5b6131fd0547249ab6293f9187e7f55089a8b275e15bdbc03449e337e10,50964766,372,0xb92fe925dc43a0ecde6c8b1a2709c170ec4fff4f,3780306.636614279221249069,3780306.636614279221249069,78778.09557578085705348973242848,31.585070362826453141,same_tx_swap_flow_allocation
0x4e3ae00e8323558fa5cac04b152238924aa31b60,0x650b2683c96742ee6d768f03a1c938e2e69d542345c295630a7a22c65d6b2d67,50964782,614,0xaa5e5c97be235c3b7035bb1492fef2b4167edf05,2595.943531047173321487,0,0,0,unknown_transfer_or_unpriced_swap
0x7e3ba68c49561aae7c23c1d20fef0f1d7615a3ad,0xe1b743de34316d22eda5ace4f70990c92c0ca1bd4748051fbf4c0ad7568bb5bf,50964897,419,0xb92fe925dc43a0ecde6c8b1a2709c170ec4fff4f,3559801.876890044881220787,3559801.876890044881220787,78993.28392848475915343385896224,31.671347381986878483,same_tx_swap_flow_allocation
0x4e3ae00e8323558fa5cac04b152238924aa31b60,0x7b2a7382e548c824270be0e97cfc451c5f02476a0f60731daa3ad322e0daea43,50965094,4,0x23e829647939359507c491bef51419698fe3a981,4438.750091661337625007,0,0,0,unknown_transfer_or_unpriced_swap
0x4e3ae00e8323558fa5cac04b152238924aa31b60,0x157d3c993370bba9b4c7c4b4c096d01da55f5865d40a280d5f0b899acbbf0833,50965094,253,0xaa5e5c97be235c3b7035bb1492fef2b4167edf05,4370.130779171509381092,0,0,0,unknown_transfer_or_unpriced_swap
0x0ca6cadb6a8ca4199788b9a060c3285fe7b897fd,0xb4a1b0a8369a088054a2ca5cc2aa8860599ebe20ace234ea8792f5dedb43097f,50965121,885,0xf01a4dabfd54d1a6a1812a95f7151e8da851de2e,7.298964156165767748,0E-538,0E-538,0E-538,unknown_transfer_or_unpriced_swap
0x211c8e97a504d2d142bc945334d4a88bd3270b4d,0xb4a1b0a8369a088054a2ca5cc2aa8860599ebe20ace234ea8792f5dedb43097f,50965121,907,0xf01a4dabfd54d1a6a1812a95f7151e8da851de2e,21.650843431745849635,0E-2027,0E-2027,0E-2027,unknown_transfer_or_unpriced_swap
0x25eded2339466d3b7daf552b24d9b6e09b409b4b,0xb4a1b0a8369a088054a2ca5cc2aa8860599ebe20ace234ea8792f5dedb43097f,50965121,915,0xf01a4dabfd54d1a6a1812a95f7151e8da851de2e,2.533102650702990135,0E-2564,0E-2564,0E-2564,unknown_transfer_or_unpriced_swap
0x4552df0be3b02bfb80c3444b3f1465ee0bdb224c,0xb4a1b0a8369a088054a2ca5cc2aa8860599ebe20ace234ea8792f5dedb43097f,50965121,943,0xf01a4dabfd54d1a6a1812a95f7151e8da851de2e,8.893686168630853886,0E-4451,0E-4451,0E-4451,unknown_transfer_or_unpriced_swap
0x461d5072f3eef08dedc4a7d74fb6d79f99e25e73,0xb4a1b0a8369a088054a2ca5cc2aa8860599ebe20ace234ea8792f5dedb43097f,50965121,944,0xf01a4dabfd54d1a6a1812a95f7151e8da851de2e,13.594850063580256236,0E-4517,0E-4517,0E-4517,unknown_transfer_or_unpriced_swap
0x8da2e73785a202263be1b04d3dcc8137181c89c3,0xb4a1b0a8369a088054a2ca5cc2aa8860599ebe20ace234ea8792f5dedb43097f,50965121,1002,0xf01a4dabfd54d1a6a1812a95f7151e8da851de2e,35.624688563916025863,0E-8415,0E-8415,0E-8415,unknown_transfer_or_unpriced_swap
0x7e3ba68c49561aae7c23c1d20fef0f1d7615a3ad,0xbb2f21282c714119b6ac1e07835b99a8ece851c376320ed017e8f0be44b65988,50965243,210,0x0a2854fbbd9b3ef66f17d47284e7f899b9509330,1120582.844739078504934596,1059303.501544335823809457676754166544401506205455442209623835833,24506.187735821481842583029322927668222586857711324638631843152940,9.8066036744755469422959183107799056293046803549592933152229700463,same_tx_swap_flow_allocation
0x4e3ae00e8323558fa5cac04b152238924aa31b60,0x2094363be27b946deee8e83b678cdaea5bf51e5fc4b23c458fba620874a8e77c,50965274,487,0xbd46cf0958e4880633d320eed38785ee432269da,20567.612811104394488715,0,0,0,unknown_transfer_or_unpriced_swap
0x4e3ae00e8323558fa5cac04b152238924aa31b60,0x901301a3cdcb0ae1ad50d12011f3c901066a0f3c3ffd733e7b291d261412facf,50965274,770,0xaa5e5c97be235c3b7035bb1492fef2b4167edf05,4373.561851346310847872,0,0,0,unknown_transfer_or_unpriced_swap
0x4e3ae00e8323558fa5cac04b152238924aa31b60,0xb81de8c7734e5ffa98e2cbf8689edfcbaa5f9d6bddd67f57ad228948459b4235,50965313,395,0x90bde6e9df2ec4259ab6ad96903e0ac1e34dac5e,4943.567718485282484091,0,0,0,unknown_transfer_or_unpriced_swap
0x2bb2173427bb17b78adaa3d5fad9716328c3d262,0xd22f319d6eeef75f31039f4a712ebc6d814594545e6bb855a5d135e3d3892085,50965426,245,0xb92fe925dc43a0ecde6c8b1a2709c170ec4fff4f,211230.095789696829364461,211230.09578969682936446000000000000000000000000473417386978611123,4973.7195853150855626601789535467035579089632966421529178486091767,1.9903257612715295389999905774517886261752050799955392891801885301,same_tx_swap_flow_allocation
0x3e2b153785b3823dd5a10b8c0b37b26e226b4b80,0xe9621f2483a3d47a50d28a6bbb11432569de768a9be93b3fd8b0b59d396f98fd,50965434,390,0x03a520b32c04bf3beef7beb72e919cf822ed34f1,3333410.386531810262291269,0E-65,0E-65,0E-65,unknown_transfer_or_unpriced_swap
0x4e3ae00e8323558fa5cac04b152238924aa31b60,0x498b6b3ce530064b9c0771a61d70b701c2a32a670bf0f6415a91998d03e7cc1a,50965483,1,0xd6abd6b8c2e30c123f28c0a09915578b52b4e527,38078.08536924893924411,0,0,0,unknown_transfer_or_unpriced_swap
0x4e3ae00e8323558fa5cac04b152238924aa31b60,0xba34b77ffbc7647e2db537a47474f6771fab22aa8cb03699b9d0ba6db93efe58,50965483,2,0x23e829647939359507c491bef51419698fe3a981,24407.420820038739498803,0,0,0,unknown_transfer_or_unpriced_swap
0x4e3ae00e8323558fa5cac04b152238924aa31b60,0x1fda23cc20c713ed507c077de1ec2ba9d9bf55f7ed964a703c58f83a4d9b7be3,50965483,197,0xbd46cf0958e4880633d320eed38785ee432269da,15128.756138435463961087,0,0,0,unknown_transfer_or_unpriced_swap
0x4e3ae00e8323558fa5cac04b152238924aa31b60,0x75d376c7d58ebfb9748a1ce101d68adc5aed204d0ca031b7605ad2dc9f083e44,50965483,323,0x5f1c5951c5b1cc112ba9e89b9467edca33063453,3297.89704562629592488,0,0,0,unknown_transfer_or_unpriced_swap
0x4e3ae00e8323558fa5cac04b152238924aa31b60,0xf69ade0b2ea59e8beb63fc9c1b581a1771053a95b4f342191e55ca6a1059ff6d,50965483,360,0xaa5e5c97be235c3b7035bb1492fef2b4167edf05,2417.038030165957004597,0,0,0,unknown_transfer_or_unpriced_swap
0x2bb2173427bb17b78adaa3d5fad9716328c3d262,0xdc92c4bfe5b059e1f5649c844c2d882ffd5410ca6f48afb55d960db48329f13a,50965540,989,0xb92fe925dc43a0ecde6c8b1a2709c170ec4fff4f,144003.017338817936891419,144003.01733881793689141800000000000000000000000694429893539763102,3405.9218907927993721329878000002397200768185141618245284001673618,1.3651258157816265179999905201582507838284077518557044789522069559,same_tx_swap_flow_allocation
0x3fa87fac3430294f5461f9599ed2c9bd7b7eda6d,0x10b733d8acbd7476644c6088fdb2de114bb54f30aafbc1dcceb9be87850a18c7,50965596,220,0x7747f8d2a76bd6345cc29622a946a929647f2359,199502.393555329488196798,199502.393555329488196798,4987.524211061841165488283491,1.9990470350368387,same_tx_swap_flow_allocation
0x211c8e97a504d2d142bc945334d4a88bd3270b4d,0xf50da244b0e4be9bd70bb691765f52d77887118b9db563bcfb6ed6e76eba9d81,50965621,336,0x669eca0d4b4c864148c4121b31dfef5e7179ed54,60.82152239374683699,0E-734,0E-734,0E-734,unknown_transfer_or_unpriced_swap
0x25eded2339466d3b7daf552b24d9b6e09b409b4b,0xf50da244b0e4be9bd70bb691765f52d77887118b9db563bcfb6ed6e76eba9d81,50965621,337,0x669eca0d4b4c864148c4121b31dfef5e7179ed54,66.573174644614255468,0E-800,0E-800,0E-800,unknown_transfer_or_unpriced_swap
0x461d5072f3eef08dedc4a7d74fb6d79f99e25e73,0xf50da244b0e4be9bd70bb691765f52d77887118b9db563bcfb6ed6e76eba9d81,50965621,341,0x669eca0d4b4c864148c4121b31dfef5e7179ed54,33.343825478031340804,0E-1065,0E-1065,0E-1065,unknown_transfer_or_unpriced_swap
0x67df1d22c03ce81dcd7c50a65d476b17f4934fd4,0xf50da244b0e4be9bd70bb691765f52d77887118b9db563bcfb6ed6e76eba9d81,50965621,348,0x669eca0d4b4c864148c4121b31dfef5e7179ed54,38.852824120608816097,0E-1528,0E-1528,0E-1528,unknown_transfer_or_unpriced_swap
0x0ca6cadb6a8ca4199788b9a060c3285fe7b897fd,0xfa5b0f55b2ae0b9c7e93db24e7ff00952805de9caa8f648050480fa909dd9e93,50965709,607,0xf01a4dabfd54d1a6a1812a95f7151e8da851de2e,17.2976137171801929,0E-606,0E-606,0E-606,unknown_transfer_or_unpriced_swap
0x211c8e97a504d2d142bc945334d4a88bd3270b4d,0xfa5b0f55b2ae0b9c7e93db24e7ff00952805de9caa8f648050480fa909dd9e93,50965709,629,0xf01a4dabfd54d1a6a1812a95f7151e8da851de2e,51.30973632979465624,0E-2095,0E-2095,0E-2095,unknown_transfer_or_unpriced_swap
0x25eded2339466d3b7daf552b24d9b6e09b409b4b,0xfa5b0f55b2ae0b9c7e93db24e7ff00952805de9caa8f648050480fa909dd9e93,50965709,637,0xf01a4dabfd54d1a6a1812a95f7151e8da851de2e,6.003130063436692348,0E-2632,0E-2632,0E-2632,unknown_transfer_or_unpriced_swap
0x3fa87fac3430294f5461f9599ed2c9bd7b7eda6d,0xfa5b0f55b2ae0b9c7e93db24e7ff00952805de9caa8f648050480fa909dd9e93,50965709,659,0xf01a4dabfd54d1a6a1812a95f7151e8da851de2e,21.733166947080353604,0E-4118,0E-4118,0E-4118,unknown_transfer_or_unpriced_swap
0x4552df0be3b02bfb80c3444b3f1465ee0bdb224c,0xfa5b0f55b2ae0b9c7e93db24e7ff00952805de9caa8f648050480fa909dd9e93,50965709,666,0xf01a4dabfd54d1a6a1812a95f7151e8da851de2e,21.076901403447711617,0E-4585,0E-4585,0E-4585,unknown_transfer_or_unpriced_swap
0x461d5072f3eef08dedc4a7d74fb6d79f99e25e73,0xfa5b0f55b2ae0b9c7e93db24e7ff00952805de9caa8f648050480fa909dd9e93,50965709,667,0xf01a4dabfd54d1a6a1812a95f7151e8da851de2e,32.218059975557597822,0E-4651,0E-4651,0E-4651,unknown_transfer_or_unpriced_swap
0x68ccd83694d6b664a62982310fcefc9f792f39d6,0xfa5b0f55b2ae0b9c7e93db24e7ff00952805de9caa8f648050480fa909dd9e93,50965709,694,0xf01a4dabfd54d1a6a1812a95f7151e8da851de2e,12.674828058074396765,0E-6477,0E-6477,0E-6477,unknown_transfer_or_unpriced_swap
0x8da2e73785a202263be1b04d3dcc8137181c89c3,0xfa5b0f55b2ae0b9c7e93db24e7ff00952805de9caa8f648050480fa909dd9e93,50965709,731,0xf01a4dabfd54d1a6a1812a95f7151e8da851de2e,83.448553080402461115,0E-8962,0E-8962,0E-8962,unknown_transfer_or_unpriced_swap
0x3fa87fac3430294f5461f9599ed2c9bd7b7eda6d,0x9b1ea1dd708b0775794629ab7702ab8e812c8be6e0ac552229878653d92cf9c2,50965711,130,0x7747f8d2a76bd6345cc29622a946a929647f2359,770156.598789873963314586,770156.59878987396331458600000000000000000000000,19946.124593724782976205107654290648416542050128557037717583263224,7.9945960244415345212872958514161477156301128711071902825492978032,same_tx_swap_flow_allocation
0x0c175c6a0065ee05f871a68783d2de432a1e6cbe,0x1220ca60f7824f5c411ffca07cd97de8141b3b0e06a65ebb80fa4dd791a43eac,50965785,554,0xfc79a788c12a1334f2e53db267ac35028e0137b3,2.063383811547401069,0E-535,0E-535,0E-535,unknown_transfer_or_unpriced_swap
0x211c8e97a504d2d142bc945334d4a88bd3270b4d,0x1220ca60f7824f5c411ffca07cd97de8141b3b0e06a65ebb80fa4dd791a43eac,50965785,565,0xfc79a788c12a1334f2e53db267ac35028e0137b3,39.124187626884301995,0E-1274,0E-1274,0E-1274,unknown_transfer_or_unpriced_swap
0x2408ce75d217e3a70d6ca370c78c1b34d706f5a0,0x1220ca60f7824f5c411ffca07cd97de8141b3b0e06a65ebb80fa4dd791a43eac,50965785,568,0xfc79a788c12a1334f2e53db267ac35028e0137b3,2.063383811547401069,0E-1476,0E-1476,0E-1476,unknown_transfer_or_unpriced_swap
0x2bb2173427bb17b78adaa3d5fad9716328c3d262,0x1220ca60f7824f5c411ffca07cd97de8141b3b0e06a65ebb80fa4dd791a43eac,50965785,572,0xfc79a788c12a1334f2e53db267ac35028e0137b3,33.143809514214484148,0E-1741,0E-1741,0E-1741,unknown_transfer_or_unpriced_swap
0x461d5072f3eef08dedc4a7d74fb6d79f99e25e73,0x1220ca60f7824f5c411ffca07cd97de8141b3b0e06a65ebb80fa4dd791a43eac,50965785,581,0xfc79a788c12a1334f2e53db267ac35028e0137b3,20.182381844312162119,0E-2345,0E-2345,0E-2345,unknown_transfer_or_unpriced_swap
0x67df1d22c03ce81dcd7c50a65d476b17f4934fd4,0x1220ca60f7824f5c411ffca07cd97de8141b3b0e06a65ebb80fa4dd791a43eac,50965785,587,0xfc79a788c12a1334f2e53db267ac35028e0137b3,68.534897890312497871,0E-2748,0E-2748,0E-2748,unknown_transfer_or_unpriced_swap
0xa122c3ef0ced83be89922d99e8dde8f4e272eaca,0x1220ca60f7824f5c411ffca07cd97de8141b3b0e06a65ebb80fa4dd791a43eac,50965785,606,0xfc79a788c12a1334f2e53db267ac35028e0137b3,69.348283261544737098,0E-4015,0E-4015,0E-4015,unknown_transfer_or_unpriced_swap
0xd8b7f8ee88f4a19933e21724a3227b04cc31e9fe,0x1220ca60f7824f5c411ffca07cd97de8141b3b0e06a65ebb80fa4dd791a43eac,50965785,633,0xfc79a788c12a1334f2e53db267ac35028e0137b3,25.154961481550349915,0E-5812,0E-5812,0E-5812,unknown_transfer_or_unpriced_swap
0xf055acd3193f0bc2a46c06e2b3398c6c9b3c0f97,0x1220ca60f7824f5c411ffca07cd97de8141b3b0e06a65ebb80fa4dd791a43eac,50965785,642,0xfc79a788c12a1334f2e53db267ac35028e0137b3,49.06359425898309759,0E-6406,0E-6406,0E-6406,unknown_transfer_or_unpriced_swap
0xf99d7a743d1b5b2ff28c22b2005cd98def3591de,0x1220ca60f7824f5c411ffca07cd97de8141b3b0e06a65ebb80fa4dd791a43eac,50965785,647,0xfc79a788c12a1334f2e53db267ac35028e0137b3,16.869862204194629384,0E-6732,0E-6732,0E-6732,unknown_transfer_or_unpriced_swap
0xfc90fd5e560471fab35e3703bf5ea4c54acee766,0x1220ca60f7824f5c411ffca07cd97de8141b3b0e06a65ebb80fa4dd791a43eac,50965785,649,0xfc79a788c12a1334f2e53db267ac35028e0137b3,22.544512912944273117,0E-6862,0E-6862,0E-6862,unknown_transfer_or_unpriced_swap
0x9a44d4974cad27175458ee071c189c2619f417c0,0xc2a8935f5b25e19c1c11240c452e6ba793772d80235baf2230cf8baa67c65b33,50965984,4,0xbc6d645cd3cf98fecc6f48b1b3fe16f7e8927d4a,9341.706968181733815669,9341.706968181733815669,247.00013968707,0.099,same_tx_swap_flow_allocation
0x9a44d4974cad27175458ee071c189c2619f417c0,0xc652383c5d4ebf69ef7196e6abf258c1de7377de0aef11e4b095a8cff45945c5,50965992,673,0xbc6d645cd3cf98fecc6f48b1b3fe16f7e8927d4a,6434.640996937256817988,6434.640996937256817988,172.900097780949,0.0693,same_tx_swap_flow_allocation
0x4e3ae00e8323558fa5cac04b152238924aa31b60,0xf9b0e7512e5fd25e1f83bc69df4d68095d37be21f9e39294b9852b32f1a0d528,50966053,13,0xda3c0a86015538bb691682b617500055b480b527,2084.004686025739862016,0,0,0,unknown_transfer_or_unpriced_swap
0xed6b4f93a357b210d31e0046c1c0d6b453ef9197,0x8b17d22af598193cd9e9f5bc022320fc81111ff3d6d66eaf6d2f6867104b7419,50966153,624,0x29998ebd5be758fdaa06f0ef48d6c890978b65de,3000000,0E-65,0E-65,0E-65,unknown_transfer_or_unpriced_swap
0x0ca6cadb6a8ca4199788b9a060c3285fe7b897fd,0x8798f0c84e7fa781de0160b65dbd18370d9112e49967061a629e3743d07341ec,50966204,141,0xf01a4dabfd54d1a6a1812a95f7151e8da851de2e,16.521541796984849413,0E-606,0E-606,0E-606,unknown_transfer_or_unpriced_swap
0x211c8e97a504d2d142bc945334d4a88bd3270b4d,0x8798f0c84e7fa781de0160b65dbd18370d9112e49967061a629e3743d07341ec,50966204,165,0xf01a4dabfd54d1a6a1812a95f7151e8da851de2e,49.007682055185044721,0E-2230,0E-2230,0E-2230,unknown_transfer_or_unpriced_swap
0x25eded2339466d3b7daf552b24d9b6e09b409b4b,0x8798f0c84e7fa781de0160b65dbd18370d9112e49967061a629e3743d07341ec,50966204,173,0xf01a4dabfd54d1a6a1812a95f7151e8da851de2e,5.733794607593643148,0E-2767,0E-2767,0E-2767,unknown_transfer_or_unpriced_swap
0x3fa87fac3430294f5461f9599ed2c9bd7b7eda6d,0x8798f0c84e7fa781de0160b65dbd18370d9112e49967061a629e3743d07341ec,50966204,196,0xf01a4dabfd54d1a6a1812a95f7151e8da851de2e,39.561501310392072482,0E-4323,0E-4323,0E-4323,unknown_transfer_or_unpriced_swap
0x4552df0be3b02bfb80c3444b3f1465ee0bdb224c,0x8798f0c84e7fa781de0160b65dbd18370d9112e49967061a629e3743d07341ec,50966204,203,0xf01a4dabfd54d1a6a1812a95f7151e8da851de2e,20.131268577360524734,0E-4790,0E-4790,0E-4790,unknown_transfer_or_unpriced_swap
0x461d5072f3eef08dedc4a7d74fb6d79f99e25e73,0x8798f0c84e7fa781de0160b65dbd18370d9112e49967061a629e3743d07341ec,50966204,204,0xf01a4dabfd54d1a6a1812a95f7151e8da851de2e,30.772569743262380987,0E-4856,0E-4856,0E-4856,unknown_transfer_or_unpriced_swap
0x68ccd83694d6b664a62982310fcefc9f792f39d6,0x8798f0c84e7fa781de0160b65dbd18370d9112e49967061a629e3743d07341ec,50966204,231,0xf01a4dabfd54d1a6a1812a95f7151e8da851de2e,15.480615923122048037,0E-6680,0E-6680,0E-6680,unknown_transfer_or_unpriced_swap
0x8da2e73785a202263be1b04d3dcc8137181c89c3,0x8798f0c84e7fa781de0160b65dbd18370d9112e49967061a629e3743d07341ec,50966204,270,0xf01a4dabfd54d1a6a1812a95f7151e8da851de2e,79.704563887123822506,0E-9302,0E-9302,0E-9302,unknown_transfer_or_unpriced_swap
0xd8b7f8ee88f4a19933e21724a3227b04cc31e9fe,0x296a82b3010c8dd2dd631814be8fd69494cbf52dcfc5ac9552f5c4a76accb6d1,50966206,439,0xf01a4dabfd54d1a6a1812a95f7151e8da851de2e,17.498896468907014533,0E-3276,0E-3276,0E-3276,unknown_transfer_or_unpriced_swap
0xfc90fd5e560471fab35e3703bf5ea4c54acee766,0x296a82b3010c8dd2dd631814be8fd69494cbf52dcfc5ac9552f5c4a76accb6d1,50966206,461,0xf01a4dabfd54d1a6a1812a95f7151e8da851de2e,53.757816521717799968,0E-4738,0E-4738,0E-4738,unknown_transfer_or_unpriced_swap
0x4e3ae00e8323558fa5cac04b152238924aa31b60,0xddb9821fac6963df5a95eff0220bd19d05a3fb5ed6a503bb6a51579c0f1a0d03,50966213,865,0xbd46cf0958e4880633d320eed38785ee432269da,166566.031699981826619671,0,0,0,unknown_transfer_or_unpriced_swap
0x4e3ae00e8323558fa5cac04b152238924aa31b60,0xa44edb1ccc38aa7cea7af162d1244af254cf3f27bada7649e3d311c93cb3cbcf,50966214,361,0x631dc70cae137fa0f8895ff6057d43a2398f1d92,96569.493746195923405682,0,0,0,unknown_transfer_or_unpriced_swap
0x4e3ae00e8323558fa5cac04b152238924aa31b60,0xb54d75feb65ca7ff72efb9a3461d3054fe683adf4c78d971d074243a527e7fe7,50966214,417,0xce3bead866a41f15703caa85951f5e0705396780,26296.469073416766973196,0,0,0,unknown_transfer_or_unpriced_swap
0x4e3ae00e8323558fa5cac04b152238924aa31b60,0x5681ebfaaadd52dec2fda617935b7d31a3d81c7604770d9e0a4ca822e3553be8,50966214,557,0x23e829647939359507c491bef51419698fe3a981,22139.358282980681954602,0E-65,0E-65,0E-65,unknown_transfer_or_unpriced_swap
0x4e3ae00e8323558fa5cac04b152238924aa31b60,0x1e1d310c002428bd2912855cccdc7715687170ca363bb63c9df6df7e0c7dd7f3,50966215,16,0x371f41fbf424fa514fad1cd3879b2309829e7529,4385.071041619114837511,0,0,0,unknown_transfer_or_unpriced_swap
0x4e3ae00e8323558fa5cac04b152238924aa31b60,0x77f010346516fbc1ca4b68196c0e66e7a198de8051c7603980bee7934c0851d7,50966215,17,0xaa5e5c97be235c3b7035bb1492fef2b4167edf05,1637.267040405967356501,0,0,0,unknown_transfer_or_unpriced_swap
0x4e3ae00e8323558fa5cac04b152238924aa31b60,0xea750638a64280f295e0c25314fb94bf6820243c2d262e0d8618c9f2d84359aa,50966258,1,0xd6abd6b8c2e30c123f28c0a09915578b52b4e527,25206.618176103471772822,0,0,0,unknown_transfer_or_unpriced_swap
0x211c8e97a504d2d142bc945334d4a88bd3270b4d,0x2950d518387bd85c6fce84e7bad7d250934359afd731229d67e032aa3641c7be,50966290,936,0x669eca0d4b4c864148c4121b31dfef5e7179ed54,88.712154722277677992,0E-664,0E-664,0E-664,unknown_transfer_or_unpriced_swap
0x25eded2339466d3b7daf552b24d9b6e09b409b4b,0x2950d518387bd85c6fce84e7bad7d250934359afd731229d67e032aa3641c7be,50966290,937,0x669eca0d4b4c864148c4121b31dfef5e7179ed54,70.421583079599040667,0E-730,0E-730,0E-730,unknown_transfer_or_unpriced_swap
0x461d5072f3eef08dedc4a7d74fb6d79f99e25e73,0x2950d518387bd85c6fce84e7bad7d250934359afd731229d67e032aa3641c7be,50966290,947,0x669eca0d4b4c864148c4121b31dfef5e7179ed54,35.271338472707154902,0E-1397,0E-1397,0E-1397,unknown_transfer_or_unpriced_swap
0x2bb2173427bb17b78adaa3d5fad9716328c3d262,0x1b7d1b08693111d0aa8e76ed93c59b05892c19276eae7d922666fab111f69fff,50966314,493,0xb92fe925dc43a0ecde6c8b1a2709c170ec4fff4f,79348.15674377078981168,79348.15674377078981168,2168.74451689874111421329555632,0.870279007204552639,same_tx_swap_flow_allocation
0x4e3ae00e8323558fa5cac04b152238924aa31b60,0x9fb2d009b40964f2b6ebc0de00c9b2cbc207ba47b3a16903e658abf57439a3cf,50966384,14,0xcef6988fc2d740ff38e9b3b6c07a03bfe0f49fff,23030.34929672127038103,0,0,0,unknown_transfer_or_unpriced_swap
0x4e3ae00e8323558fa5cac04b152238924aa31b60,0xe2beda1f67435879c124d7d53373cc23050604d03498c68ef057ba5331bc34cb,50966384,450,0x371f41fbf424fa514fad1cd3879b2309829e7529,2722.140425422848946285,0,0,0,unknown_transfer_or_unpriced_swap
0x4e3ae00e8323558fa5cac04b152238924aa31b60,0xc19f0755382194576a89a4e99057322c6dcfbd63e4f99e305e77005319244763,50966422,638,0x01b2bbcfee1c31c5d67756f90773a303499ca180,32834.829489034554705009,0,0,0,unknown_transfer_or_unpriced_swap
0x4e3ae00e8323558fa5cac04b152238924aa31b60,0x11890a8ad210624e90aa43b0550dc6fcfccd2b9e1e65f9c478558e058dd514d2,50966423,2,0x23e829647939359507c491bef51419698fe3a981,40801.310261046412331314,0,0,0,unknown_transfer_or_unpriced_swap
0x68ccd83694d6b664a62982310fcefc9f792f39d6,0x5cd447910618699717042ae74c727f6f50fec899c1824c850b1ac70f5f101170,50966445,829,0x7692acc1cdd771d09ebcae3663e1843b2911bec7,49905.592538307139692697,49905.592538307139692697,1286.24778306177611410768749664,0.516148598850532078,same_tx_swap_flow_allocation
0x3fa87fac3430294f5461f9599ed2c9bd7b7eda6d,0x18a26902a5535dc3c143bf7dcc465c07a41228aad945438e4795aca45626cf0a,50966520,519,0x1c11e6c34ab842cd60bbdf0244ea963fc93eee3a,83660.897263869841613959,83660.897263869841613959,1868.55084958246042704191146960,0.749816571576269545,same_tx_swap_flow_allocation
0x3fa87fac3430294f5461f9599ed2c9bd7b7eda6d,0xf6c18faafd4c6537ce2a9f755fc9fa7b3976c0bcdfffbbe0c3bb525e2f9e7943,50966526,648,0x1c11e6c34ab842cd60bbdf0244ea963fc93eee3a,288059.703980605539635297,288059.703980605539635297,6540.50987859916694732626146624,2.624591508776879748,same_tx_swap_flow_allocation
0xf055acd3193f0bc2a46c06e2b3398c6c9b3c0f97,0x09e430052ec4a19f7ea37fdc7ddbeb203d1b06967aee63c9fdaca398703368d8,50966543,620,0xb92fe925dc43a0ecde6c8b1a2709c170ec4fff4f,128953.497553196541708183,128953.497553196541708183,2984.79729578491621114331862528,1.197746625774553056,same_tx_swap_flow_allocation
0x2bb2173427bb17b78adaa3d5fad9716328c3d262,0x5fcb3a522029b446627e59cbea96734f133d834ac83a5f62cc160d78413afe4b,50966571,717,0xb92fe925dc43a0ecde6c8b1a2709c170ec4fff4f,111384.215960606097340425,39019.479768775857885731000000000000000000000000,871.42204105399781370463224064000000000000000000000000000000000000,0.34968632904216212800000000000000000000000000000000000000000000000,same_tx_swap_flow_allocation
0x3fa87fac3430294f5461f9599ed2c9bd7b7eda6d,0x718d58ecbf7a94bb7e501913def125da028214e242efacdfa1527dcc8b999692,50966573,214,0x1c11e6c34ab842cd60bbdf0244ea963fc93eee3a,36528.836597770667034805,36528.836597770667034805,817.78132695587724319204059696,0.328161254489899767,same_tx_swap_flow_allocation
0x4e3ae00e8323558fa5cac04b152238924aa31b60,0x4eb16e9d47f699145b034931d31ecd7fc716143daff590deec36796355146c2f,50966573,252,0xbd46cf0958e4880633d320eed38785ee432269da,115010.063022955085179566,0,0,0,unknown_transfer_or_unpriced_swap
0x4e3ae00e8323558fa5cac04b152238924aa31b60,0x47149625f1fb1b677fe018603a51c99eb3daecefafd4198da87b55de7f69965c,50966573,356,0xce3bead866a41f15703caa85951f5e0705396780,34638.997174135602527928,0,0,0,unknown_transfer_or_unpriced_swap
0x4e3ae00e8323558fa5cac04b152238924aa31b60,0x1b1b9eda122fa9b3f54d6b9dbf33823aea0531980c0c05c6d025e607c2770472,50966573,922,0x23e829647939359507c491bef51419698fe3a981,34386.061152627418141171,0,0,0,unknown_transfer_or_unpriced_swap
0x4e3ae00e8323558fa5cac04b152238924aa31b60,0x89d1c775b82dce6ba14ca17c8811a238f38d7b2c04e80f56ee1917a455515d4e,50966573,1025,0xd6abd6b8c2e30c123f28c0a09915578b52b4e527,20901.203096252231841199,0,0,0,unknown_transfer_or_unpriced_swap
0x4e3ae00e8323558fa5cac04b152238924aa31b60,0x31f493e8d490b2b84ae6171a634035291984b6b94b436872a4b15b71bc001d2f,50966573,1081,0x371f41fbf424fa514fad1cd3879b2309829e7529,4326.329581487168305559,0,0,0,unknown_transfer_or_unpriced_swap
0x4e3ae00e8323558fa5cac04b152238924aa31b60,0x43e9f88394cb2ba4bdaa674e5c7e8c1264dbba7770c7a63d1491c370f00ccda4,50966574,1,0xaa5e5c97be235c3b7035bb1492fef2b4167edf05,2223.264654487170297736,0,0,0,unknown_transfer_or_unpriced_swap
0xf055acd3193f0bc2a46c06e2b3398c6c9b3c0f97,0x2e46891f67c93d9e996a5f3c52cac4d9f34ae75b48469a3343148829e35ff853,50966574,126,0xb92fe925dc43a0ecde6c8b1a2709c170ec4fff4f,129002.560456927057914031,129002.560456927057914031,2987.26429616646257398916694224,1.198736589611278073,same_tx_swap_flow_allocation
0x0ca6cadb6a8ca4199788b9a060c3285fe7b897fd,0x82b47daac0099ee19874469b34e988843fe6064bbd57576b229faf550a2ae26f,50966667,314,0xf01a4dabfd54d1a6a1812a95f7151e8da851de2e,13.161743529444454211,0E-606,0E-606,0E-606,unknown_transfer_or_unpriced_swap
0x211c8e97a504d2d142bc945334d4a88bd3270b4d,0x82b47daac0099ee19874469b34e988843fe6064bbd57576b229faf550a2ae26f,50966667,336,0xf01a4dabfd54d1a6a1812a95f7151e8da851de2e,39.041546491781959221,0E-2095,0E-2095,0E-2095,unknown_transfer_or_unpriced_swap
0x25eded2339466d3b7daf552b24d9b6e09b409b4b,0x82b47daac0099ee19874469b34e988843fe6064bbd57576b229faf550a2ae26f,50966667,344,0xf01a4dabfd54d1a6a1812a95f7151e8da851de2e,4.567777935194382067,0E-2632,0E-2632,0E-2632,unknown_transfer_or_unpriced_swap
0x3fa87fac3430294f5461f9599ed2c9bd7b7eda6d,0x82b47daac0099ee19874469b34e988843fe6064bbd57576b229faf550a2ae26f,50966667,366,0xf01a4dabfd54d1a6a1812a95f7151e8da851de2e,31.516328214730397124,0E-4120,0E-4120,0E-4120,unknown_transfer_or_unpriced_swap
0x4552df0be3b02bfb80c3444b3f1465ee0bdb224c,0x82b47daac0099ee19874469b34e988843fe6064bbd57576b229faf550a2ae26f,50966667,373,0xf01a4dabfd54d1a6a1812a95f7151e8da851de2e,16.037401181646287334,0E-4587,0E-4587,0E-4587,unknown_transfer_or_unpriced_swap
0x461d5072f3eef08dedc4a7d74fb6d79f99e25e73,0x82b47daac0099ee19874469b34e988843fe6064bbd57576b229faf550a2ae26f,50966667,374,0xf01a4dabfd54d1a6a1812a95f7151e8da851de2e,16.960863306838246563,0E-4653,0E-4653,0E-4653,unknown_transfer_or_unpriced_swap
0x68ccd83694d6b664a62982310fcefc9f792f39d6,0x82b47daac0099ee19874469b34e988843fe6064bbd57576b229faf550a2ae26f,50966667,402,0xf01a4dabfd54d1a6a1812a95f7151e8da851de2e,12.332498925442342406,0E-6545,0E-6545,0E-6545,unknown_transfer_or_unpriced_swap
0x8da2e73785a202263be1b04d3dcc8137181c89c3,0x82b47daac0099ee19874469b34e988843fe6064bbd57576b229faf550a2ae26f,50966667,442,0xf01a4dabfd54d1a6a1812a95f7151e8da851de2e,63.495952187706473246,0E-9235,0E-9235,0E-9235,unknown_transfer_or_unpriced_swap
0x977b15009c23651c5357e0e4aa45efa890447f75,0xa569e35a9ba50ee7a302dcc4ad601ff11ce22d10f0ecc5a73b036a8e97baabac,50966752,128,0xb92fe925dc43a0ecde6c8b1a2709c170ec4fff4f,190650.984704095659630805,0E-65,0E-65,0E-65,unknown_transfer_or_unpriced_swap
0x4e3ae00e8323558fa5cac04b152238924aa31b60,0x7f99f38274538965413e1ff5f2d36feb2925857c4f0edb24174437ee2f6dfaa6,50966759,442,0x461627fe2c677585c0a4c32a8a2ab2336bba96ac,21552.943741719876621481,0,0,0,unknown_transfer_or_unpriced_swap
0x4e3ae00e8323558fa5cac04b152238924aa31b60,0x3eacfc38f7c75cd397524e06805235804eeb5c35e86c83b119bb2ceb3153f079,50966798,31,0x5f1c5951c5b1cc112ba9e89b9467edca33063453,4869.555213450018782929,0,0,0,unknown_transfer_or_unpriced_swap
0x4e3ae00e8323558fa5cac04b152238924aa31b60,0x961e21fc1ffdd48cca75994b53a3dde0b86e94bf87581904f6ab1ca2ba78e78f,50966847,29,0xbd46cf0958e4880633d320eed38785ee432269da,77189.231341115341573284,0,0,0,unknown_transfer_or_unpriced_swap
0x4e3ae00e8323558fa5cac04b152238924aa31b60,0x674cbe43ef995345edd72472c88235b99b582d47e28d809f2db4937ea1a8d547,50966847,210,0x23e829647939359507c491bef51419698fe3a981,7860.44361889695082789,0,0,0,unknown_transfer_or_unpriced_swap
0x4e3ae00e8323558fa5cac04b152238924aa31b60,0x2cb52016d79ad5af41bad9d6a383a041ee6a90cc04aed65479ab8c7110fca277,50966847,315,0xaa5e5c97be235c3b7035bb1492fef2b4167edf05,3944.130272664069318279,0,0,0,unknown_transfer_or_unpriced_swap
0x2bb2173427bb17b78adaa3d5fad9716328c3d262,0x28c600ebd817307ebb0ed6180988e7491261df8cf39b6a03bbcb9330bcbabd4c,50966860,512,0xb92fe925dc43a0ecde6c8b1a2709c170ec4fff4f,2732.387066315602210528,0E-66,0E-66,0E-66,unknown_transfer_or_unpriced_swap
0x2bb2173427bb17b78adaa3d5fad9716328c3d262,0xa8f0a0a8107dd28394ad3d587dc1efe009b506e1e30e9368d57ebd1bc64ce6bd,50966863,105,0xb92fe925dc43a0ecde6c8b1a2709c170ec4fff4f,2741.941321342024187114,0E-66,0E-66,0E-66,unknown_transfer_or_unpriced_swap
0x2bb2173427bb17b78adaa3d5fad9716328c3d262,0x8ed86768150ed52a578c970d66cc9a20a167724a2b9d1b9599c78f9cc6ca6a9b,50966866,199,0xb92fe925dc43a0ecde6c8b1a2709c170ec4fff4f,2741.203353748629703662,0E-66,0E-66,0E-66,unknown_transfer_or_unpriced_swap
0x2bb2173427bb17b78adaa3d5fad9716328c3d262,0x8053d240ed76a908135551a5ba2103598b21d73448f22f988acdddabe0b83a87,50966868,453,0xb92fe925dc43a0ecde6c8b1a2709c170ec4fff4f,2659.330179289041364171,0E-66,0E-66,0E-66,unknown_transfer_or_unpriced_swap
0x2bb2173427bb17b78adaa3d5fad9716328c3d262,0x6adc1dec0abf693a40714caf2dad783a1a07bcc24b9703d2cbbc19403f7db475,50966871,460,0xb92fe925dc43a0ecde6c8b1a2709c170ec4fff4f,2659.557786221731931289,0E-66,0E-66,0E-66,unknown_transfer_or_unpriced_swap
0x2bb2173427bb17b78adaa3d5fad9716328c3d262,0x03d63dfe4c35dd2a0908496c37893b34b0414392f5ca65bdffa85f4fd6bda307,50966873,429,0xb92fe925dc43a0ecde6c8b1a2709c170ec4fff4f,2651.453321393095728946,0E-66,0E-66,0E-66,unknown_transfer_or_unpriced_swap
0x2bb2173427bb17b78adaa3d5fad9716328c3d262,0xba5768dc641f631a43830372b05219f4543e9ce266d057d9ce0242274ae43eb6,50966876,475,0xb92fe925dc43a0ecde6c8b1a2709c170ec4fff4f,16626.2687795423942175,0E-66,0E-66,0E-66,unknown_transfer_or_unpriced_swap
0x2bb2173427bb17b78adaa3d5fad9716328c3d262,0xdebf35c57adc8d1466b9ac4b8949e0cd79ce1781bbd1c1296975a3ea9e68493a,50966879,695,0xb92fe925dc43a0ecde6c8b1a2709c170ec4fff4f,16632.010189300185378752,16632.010189300185378751000000000000000000000060125023290529644054,417.97968193702722434643486896188856806536961629521980334745700189,0.16777842615264052099998991231821992408073409290689041021308775555,same_tx_swap_flow_allocation
0x2bb2173427bb17b78adaa3d5fad9716328c3d262,0x2a9a3ab091139f70c6a6726beef7bb11cab49ba61c17016f8933a17cdc872404,50966882,154,0xb92fe925dc43a0ecde6c8b1a2709c170ec4fff4f,16894.69994756785485141,16894.699947567854851409000000000000000000000059190160411458450405,417.90237100311109255161526429162399703194046675504094652447148537,0.16774739328817991399999007100488266862227967645088868545413625449,same_tx_swap_flow_allocation
0xfc90fd5e560471fab35e3703bf5ea4c54acee766,0x82d4793e424262494ef87c65362a84f750b35e0a15c38be3f4848c85cfb509df,50966904,400,0xb92fe925dc43a0ecde6c8b1a2709c170ec4fff4f,39240.049840641155022304,39240.049840641155022304,970.08328588386315131178,0.389394638008021303,same_tx_swap_flow_allocation
0x2bb2173427bb17b78adaa3d5fad9716328c3d262,0xf0b9ccfb1a765cf7a0eba08624b56935161dda7444ab2e51648271e5a31d0161,50966999,333,0xb92fe925dc43a0ecde6c8b1a2709c170ec4fff4f,17655.485144723283250239,0E-66,0E-66,0E-66,unknown_transfer_or_unpriced_swap
0x4e3ae00e8323558fa5cac04b152238924aa31b60,0x0e8888674062ac8180077299ac4bc6fb6241079549ac9cb4c8b1548dae38271d,50967009,261,0xd6abd6b8c2e30c123f28c0a09915578b52b4e527,84236.821218159196704839,0,0,0,unknown_transfer_or_unpriced_swap
0x4e3ae00e8323558fa5cac04b152238924aa31b60,0x3fb00382372f52b66f443266a9ade7847397ce032fcff23275d7fffa88bbdd30,50967009,306,0x461627fe2c677585c0a4c32a8a2ab2336bba96ac,60413.264033956443516807,0,0,0,unknown_transfer_or_unpriced_swap
0x3fa87fac3430294f5461f9599ed2c9bd7b7eda6d,0x4ee412b0b028da64c537b7ab350eb9fd1225683751baf9759a5a4b992ff2dc06,50967009,382,0x1c11e6c34ab842cd60bbdf0244ea963fc93eee3a,125464.696120498269185921,0E-65,0E-65,0E-65,unknown_transfer_or_unpriced_swap
0x4e3ae00e8323558fa5cac04b152238924aa31b60,0x710abdb3bb1fb671f3600647e7d0ea091c66bfff9b40cfd547a0a0a877196ca1,50967009,405,0x23e829647939359507c491bef51419698fe3a981,38858.874739619627864605,0,0,0,unknown_transfer_or_unpriced_swap
0x4e3ae00e8323558fa5cac04b152238924aa31b60,0x962444f713fa6648dc2543eebfb6e99b372e361da5ea56ce07c4f306cd7d5171,50967009,545,0x5d510f5dbcfc68004934d7352e9070238fc8e8fc,15415.160743477552445956,0,0,0,unknown_transfer_or_unpriced_swap
0x3fa87fac3430294f5461f9599ed2c9bd7b7eda6d,0xe57bb9d765d3d35327817c8fc79ab5ea706fc81a0c8dacf186b66c3f42166b05,50967021,300,0x1c11e6c34ab842cd60bbdf0244ea963fc93eee3a,127326.643805268805514774,0E-65,0E-65,0E-65,unknown_transfer_or_unpriced_swap
0xfc90fd5e560471fab35e3703bf5ea4c54acee766,0xdab5e84b5792154f8ba1df1aa6a6de7c14481a8ecf8c7af7e1dc69e0a30ffd0f,50967047,361,0xb92fe925dc43a0ecde6c8b1a2709c170ec4fff4f,15546.51142187121805334,15156.318148123351678903000000000000000000000000,339.21798444140154776130000000000000000000000000000000000000000000,0.13616322039506175500000000000000000000000000000000000000000000000,same_tx_swap_flow_allocation
0x3fa87fac3430294f5461f9599ed2c9bd7b7eda6d,0x5982551f48de431f08086bae00f5d0932f8597a06ea6b8695bf33a808a4dad76,50967050,916,0x1c11e6c34ab842cd60bbdf0244ea963fc93eee3a,116655.930529304128400241,0E-134,0E-134,0E-134,unknown_transfer_or_unpriced_swap
0x4e3ae00e8323558fa5cac04b152238924aa31b60,0x88ea63fd062af0a6b008c01df14be008f1e18d87c0c766530259ec78d6aa92d6,50967053,9,0xbd46cf0958e4880633d320eed38785ee432269da,88940.857256950658407065,0,0,0,unknown_transfer_or_unpriced_swap
0x3fa87fac3430294f5461f9599ed2c9bd7b7eda6d,0xcfca08b316eaaa9c9dfa95eccb0e051cd594a3806a3fc4f86db96827cef2f338,50967053,224,0x1c11e6c34ab842cd60bbdf0244ea963fc93eee3a,356383.00497853182773613,344991.72989427157062347700000000000000000000000,7235.4547339236136364409000000000000000000000000000000000000000000,2.9043354503037072150000000000000000000000000000000000000000000000,same_tx_swap_flow_allocation
0x3fa87fac3430294f5461f9599ed2c9bd7b7eda6d,0x1b79efb6a8ad711ba3ffe35df0dacee13d09b33ef46d96471afb0b797f1beb28,50967060,483,0x1c11e6c34ab842cd60bbdf0244ea963fc93eee3a,252598.778701587447555111,243326.20309865054730251100000000000000000000000,4799.4218986861091819291400000000000000000000000000000000000000000,1.9265038168180395390000000000000000000000000000000000000000000000,same_tx_swap_flow_allocation
0xf055acd3193f0bc2a46c06e2b3398c6c9b3c0f97,0xe69d267cd5af4cf878dad872104d6639fe9161e06e9c809372c91b91cc9005c6,50967064,294,0xb92fe925dc43a0ecde6c8b1a2709c170ec4fff4f,219129.797350783918577429,219129.797350783918577429,4360.89417864779719336890,1.750477340240600015,same_tx_swap_flow_allocation
0xf055acd3193f0bc2a46c06e2b3398c6c9b3c0f97,0xfb5383bc4eb32d193d0c0fb34d14fd7113e36012f0e19c5ab0330cabe718f0ab,50967067,608,0xb92fe925dc43a0ecde6c8b1a2709c170ec4fff4f,216310.707627018014108334,205567.86369931276219494300000000000000000000000,4142.8012136433941326863600000000000000000000000000000000000000000,1.6629341030817313860000000000000000000000000000000000000000000000,same_tx_swap_flow_allocation
0x2bb2173427bb17b78adaa3d5fad9716328c3d262,0x4b7e4bd5897196baf1839fa40ea1a47ceed48801207827e1af706dc013454417,50967088,333,0xb92fe925dc43a0ecde6c8b1a2709c170ec4fff4f,233784.171055909793141975,69285.146242400504502944000000000000000000000000,1470.5314879005144535407000000000000000000000000000000000000000000,0.59027620075805594500000000000000000000000000000000000000000000000,same_tx_swap_flow_allocation
0x8400275efc189259686fa57be45955b740c580d1,0x8fe89f1f1e160361d9604e8b90c72f18032e31f6f2bb407476c3fcceb48f4d9b,50967096,307,0xb92fe925dc43a0ecde6c8b1a2709c170ec4fff4f,380328.025081492187319084,344896.15620179239348392600000000000000000000000,7493.6963699831378446029600000000000000000000000000000000000000000,3.0079944967539067960000000000000000000000000000000000000000000000,same_tx_swap_flow_allocation
0x2bb2173427bb17b78adaa3d5fad9716328c3d262,0xb828d3feff16989fab31cf1ee7420d8d350597743027c037c0c62046572ac3e2,50967109,43,0xb92fe925dc43a0ecde6c8b1a2709c170ec4fff4f,19042.685385286226709435,0E-66,0E-66,0E-66,unknown_transfer_or_unpriced_swap
0x68ccd83694d6b664a62982310fcefc9f792f39d6,0x5255111c30be1359da6baf61c3ca67e709844d14f1bd07f12933a8a3a4d0c9d0,50967123,7,0x7692acc1cdd771d09ebcae3663e1843b2911bec7,55148.7470304184840104,55148.7470304184840104,1222.00913761840944498384,0.490518507750459384,same_tx_swap_flow_allocation
0x68ccd83694d6b664a62982310fcefc9f792f39d6,0x5255111c30be1359da6baf61c3ca67e709844d14f1bd07f12933a8a3a4d0c9d0,50967123,16,0x498581ff718922c3f8e6a244956af099b2652b2b,2918.994058282630837087,0E-67,0E-67,0E-67,unknown_transfer_or_unpriced_swap
0x67df1d22c03ce81dcd7c50a65d476b17f4934fd4,0xf7b165b60f47c95c8424d37d1dda91b38fb4676657dcb8605945ce7b5a86d93a,50967128,191,0x7692acc1cdd771d09ebcae3663e1843b2911bec7,306002.223772529727044627,306002.223772529727044627,6856.445772,2.7522,same_tx_swap_flow_allocation
0x3e2b153785b3823dd5a10b8c0b37b26e226b4b80,0xde5f9b804bd990632b8d5d91af29d01fbad24feb4760e1276b22082ee05e63ff,50967128,431,0x03a520b32c04bf3beef7beb72e919cf822ed34f1,3333410.386531810262291287,0E-65,0E-65,0E-65,unknown_transfer_or_unpriced_swap
0x4e3ae00e8323558fa5cac04b152238924aa31b60,0x2eaa93153149ea1ba92efae35ade3a68f1771b6ee36c9bb589fe7f4721ead6ab,50967176,403,0x23e829647939359507c491bef51419698fe3a981,22372.553223702032495505,0,0,0,unknown_transfer_or_unpriced_swap
0x4e3ae00e8323558fa5cac04b152238924aa31b60,0xd7a1495d5851ab8a7b81b6be1e516acef15ca912d299518a539b28a4d7d6c500,50967177,333,0xaa5e5c97be235c3b7035bb1492fef2b4167edf05,6599.763890312996395464,0,0,0,unknown_transfer_or_unpriced_swap
0x4e3ae00e8323558fa5cac04b152238924aa31b60,0xb2c3fba2096f498dbbbcb163150643e7ca504f45d3eb4d79e8a96239b1bf952b,50967177,434,0x5d510f5dbcfc68004934d7352e9070238fc8e8fc,5361.499675495997406421,0,0,0,unknown_transfer_or_unpriced_swap
0x4e3ae00e8323558fa5cac04b152238924aa31b60,0x48836bd429c2633cf71d7465cd57d93616811a2a67eacb474a6e0e3891b06b76,50967177,538,0x371f41fbf424fa514fad1cd3879b2309829e7529,4576.198316958454945292,0,0,0,unknown_transfer_or_unpriced_swap
0x4e3ae00e8323558fa5cac04b152238924aa31b60,0xb133f11598fcd4cc349077dedf68720412b2ade263ba372a8960815f96c4fbe4,50967177,603,0x5f1c5951c5b1cc112ba9e89b9467edca33063453,3473.804755428175094066,0,0,0,unknown_transfer_or_unpriced_swap
0x2bb2173427bb17b78adaa3d5fad9716328c3d262,0x5aa50aa923cbf7bd5774f6d1380528768f07c8df84de15eb2a0221471897c0f8,50967215,410,0xb92fe925dc43a0ecde6c8b1a2709c170ec4fff4f,53714.879295941859435213,52366.788537699641434840000000000000000000000000,1197.9609224558321263737000000000000000000000000000000000000000000,0.48086547468182049500000000000000000000000000000000000000000000000,same_tx_swap_flow_allocation
0x4e3ae00e8323558fa5cac04b152238924aa31b60,0x3ab26ae349884cb41631ad8b5018c989d0afbe07d270f5127f6b7a1b53ea0e0a,50967469,19,0xaa5e5c97be235c3b7035bb1492fef2b4167edf05,2134.537415750644417045,0,0,0,unknown_transfer_or_unpriced_swap
0x2bb2173427bb17b78adaa3d5fad9716328c3d262,0x123c95cac9b5879768fc0202b21968d8e040f49668d58aa0a5dfbacbd2586ecc,50967667,760,0xb92fe925dc43a0ecde6c8b1a2709c170ec4fff4f,33130.156415980588878667,33130.156415980588878666000000000000000000000030183980644221836955,761.39651558606697188965301802231097220432009182109902347636730017,0.30572545021674201499999077198892821185221166184550564003653596469,same_tx_swap_flow_allocation
0x4e3ae00e8323558fa5cac04b152238924aa31b60,0xcddc6444e9e389eebd0c43ec345868352ec4c774cdfeae75eeb5d2674d15021d,50967712,410,0x23e829647939359507c491bef51419698fe3a981,21269.629439102894574036,0,0,0,unknown_transfer_or_unpriced_swap
0x211c8e97a504d2d142bc945334d4a88bd3270b4d,0x54b64eacb20f22d63a74c76bfaf25ce031ac27b4519ab62f2c9c8ef950018e48,50967753,659,0x669eca0d4b4c864148c4121b31dfef5e7179ed54,56.875938238572416351,0E-606,0E-606,0E-606,unknown_transfer_or_unpriced_swap
0x25eded2339466d3b7daf552b24d9b6e09b409b4b,0x54b64eacb20f22d63a74c76bfaf25ce031ac27b4519ab62f2c9c8ef950018e48,50967753,660,0x669eca0d4b4c864148c4121b31dfef5e7179ed54,45.149321673413815645,0E-672,0E-672,0E-672,unknown_transfer_or_unpriced_swap
0x461d5072f3eef08dedc4a7d74fb6d79f99e25e73,0x54b64eacb20f22d63a74c76bfaf25ce031ac27b4519ab62f2c9c8ef950018e48,50967753,669,0x669eca0d4b4c864148c4121b31dfef5e7179ed54,22.613479233434733302,0E-1273,0E-1273,0E-1273,unknown_transfer_or_unpriced_swap
0x4e3ae00e8323558fa5cac04b152238924aa31b60,0x50e19ab501099695553e91d6a4837583cbdbb8b222e7c0e9717be7233f08ef8c,50968202,268,0xaa5e5c97be235c3b7035bb1492fef2b4167edf05,3214.840423517584194878,0,0,0,unknown_transfer_or_unpriced_swap
0x0ca6cadb6a8ca4199788b9a060c3285fe7b897fd,0xc82637e3caaf0906b085503b1b0fff53c6b69c9f4271c3bfcf788a0275780223,50968347,2262,0xf01a4dabfd54d1a6a1812a95f7151e8da851de2e,6.00708638227066082,0E-606,0E-606,0E-606,unknown_transfer_or_unpriced_swap
0x211c8e97a504d2d142bc945334d4a88bd3270b4d,0xc82637e3caaf0906b085503b1b0fff53c6b69c9f4271c3bfcf788a0275780223,50968347,2282,0xf01a4dabfd54d1a6a1812a95f7151e8da851de2e,17.818759478856783037,0E-1959,0E-1959,0E-1959,unknown_transfer_or_unpriced_swap
0x25eded2339466d3b7daf552b24d9b6e09b409b4b,0xc82637e3caaf0906b085503b1b0fff53c6b69c9f4271c3bfcf788a0275780223,50968347,2290,0xf01a4dabfd54d1a6a1812a95f7151e8da851de2e,2.084756975423357722,0E-2496,0E-2496,0E-2496,unknown_transfer_or_unpriced_swap
0x3fa87fac3430294f5461f9599ed2c9bd7b7eda6d,0xc82637e3caaf0906b085503b1b0fff53c6b69c9f4271c3bfcf788a0275780223,50968347,2314,0xf01a4dabfd54d1a6a1812a95f7151e8da851de2e,14.384211758445551771,0E-4122,0E-4122,0E-4122,unknown_transfer_or_unpriced_swap
0x4552df0be3b02bfb80c3444b3f1465ee0bdb224c,0xc82637e3caaf0906b085503b1b0fff53c6b69c9f4271c3bfcf788a0275780223,50968347,2321,0xf01a4dabfd54d1a6a1812a95f7151e8da851de2e,7.319551093649456861,0E-4589,0E-4589,0E-4589,unknown_transfer_or_unpriced_swap
0x461d5072f3eef08dedc4a7d74fb6d79f99e25e73,0xc82637e3caaf0906b085503b1b0fff53c6b69c9f4271c3bfcf788a0275780223,50968347,2322,0xf01a4dabfd54d1a6a1812a95f7151e8da851de2e,6.170308272759216131,0E-4655,0E-4655,0E-4655,unknown_transfer_or_unpriced_swap
0x68ccd83694d6b664a62982310fcefc9f792f39d6,0xc82637e3caaf0906b085503b1b0fff53c6b69c9f4271c3bfcf788a0275780223,50968347,2350,0xf01a4dabfd54d1a6a1812a95f7151e8da851de2e,5.628614946694619721,0E-6547,0E-6547,0E-6547,unknown_transfer_or_unpriced_swap
0x8da2e73785a202263be1b04d3dcc8137181c89c3,0xc82637e3caaf0906b085503b1b0fff53c6b69c9f4271c3bfcf788a0275780223,50968347,2389,0xf01a4dabfd54d1a6a1812a95f7151e8da851de2e,28.979874046533725213,0E-9167,0E-9167,0E-9167,unknown_transfer_or_unpriced_swap
0xac5fdc54868c317f84aed49d8448594991f62c55,0xc992f2040b68eb51e52cc0e3e9482dd8192cd6f5fe4570512a4c243043e15d96,50968446,228,0xb92fe925dc43a0ecde6c8b1a2709c170ec4fff4f,52182.704301341773508141,52182.704301341773508140000000000000000000000019163437644497221027,1412.9178327559712775775785477772151827912970754958484498317851726,0.56676444527957643899998913884489376677956472571976064989746498701,same_tx_swap_flow_allocation
0x4e3ae00e8323558fa5cac04b152238924aa31b60,0x00095726425d74d0951367269ef614353aeaf10063c05fa713dae8e682bb6b62,50968953,502,0xaa5e5c97be235c3b7035bb1492fef2b4167edf05,3807.145664245882229899,0,0,0,unknown_transfer_or_unpriced_swap
0x4e3ae00e8323558fa5cac04b152238924aa31b60,0x97131af75515e361a429976427a4c4d54660c1547b25a57a63b108ba846d8acd,50969000,1,0xd6abd6b8c2e30c123f28c0a09915578b52b4e527,41655.204512082544426353,0,0,0,unknown_transfer_or_unpriced_swap
0x4e3ae00e8323558fa5cac04b152238924aa31b60,0xd532475f72a013a3cc8e14f61a1d4fd005202f85b28c48f8591ac5eeec5192c7,50969000,2,0xbd46cf0958e4880633d320eed38785ee432269da,93616.916156665711199334,0,0,0,unknown_transfer_or_unpriced_swap
0x4e3ae00e8323558fa5cac04b152238924aa31b60,0x399a17ceee142855e14dc9bc4a3ea51b6eeb55fa795442087d9968bb73bd469a,50969000,354,0x23e829647939359507c491bef51419698fe3a981,33820.251286836335201616,0,0,0,unknown_transfer_or_unpriced_swap
0x4e3ae00e8323558fa5cac04b152238924aa31b60,0x244f4ad85e1ae43c16d8ccf3f834ceff0764ddf10e5012204a0767707f5c50ab,50969000,368,0x371f41fbf424fa514fad1cd3879b2309829e7529,2744.64554721015649092,0,0,0,unknown_transfer_or_unpriced_swap
0x4e3ae00e8323558fa5cac04b152238924aa31b60,0x82c2f45beb5b75eb49c44703b9b397aa6b9ed679697fe6b713a9b36c7ca2a2b7,50969000,409,0x5f1c5951c5b1cc112ba9e89b9467edca33063453,2108.109225997104026986,0,0,0,unknown_transfer_or_unpriced_swap
0x0ca6cadb6a8ca4199788b9a060c3285fe7b897fd,0xb5625ebf62c6d342782674c999f500ed2935568d65580569aa1264a5b872f974,50969017,440,0xf01a4dabfd54d1a6a1812a95f7151e8da851de2e,7.474272531120574082,0E-538,0E-538,0E-538,unknown_transfer_or_unpriced_swap
0x211c8e97a504d2d142bc945334d4a88bd3270b4d,0xb5625ebf62c6d342782674c999f500ed2935568d65580569aa1264a5b872f974,50969017,460,0xf01a4dabfd54d1a6a1812a95f7151e8da851de2e,22.170858888351978163,0E-1891,0E-1891,0E-1891,unknown_transfer_or_unpriced_swap
0x25eded2339466d3b7daf552b24d9b6e09b409b4b,0xb5625ebf62c6d342782674c999f500ed2935568d65580569aa1264a5b872f974,50969017,468,0xf01a4dabfd54d1a6a1812a95f7151e8da851de2e,2.593943353546190697,0E-2428,0E-2428,0E-2428,unknown_transfer_or_unpriced_swap
0x3fa87fac3430294f5461f9599ed2c9bd7b7eda6d,0xb5625ebf62c6d342782674c999f500ed2935568d65580569aa1264a5b872f974,50969017,492,0xf01a4dabfd54d1a6a1812a95f7151e8da851de2e,17.897448444437405113,0E-4054,0E-4054,0E-4054,unknown_transfer_or_unpriced_swap
0x4552df0be3b02bfb80c3444b3f1465ee0bdb224c,0xb5625ebf62c6d342782674c999f500ed2935568d65580569aa1264a5b872f974,50969017,499,0xf01a4dabfd54d1a6a1812a95f7151e8da851de2e,9.107296981921893002,0E-4521,0E-4521,0E-4521,unknown_transfer_or_unpriced_swap
0x461d5072f3eef08dedc4a7d74fb6d79f99e25e73,0xb5625ebf62c6d342782674c999f500ed2935568d65580569aa1264a5b872f974,50969017,500,0xf01a4dabfd54d1a6a1812a95f7151e8da851de2e,7.677360153791822627,0E-4587,0E-4587,0E-4587,unknown_transfer_or_unpriced_swap
0x68ccd83694d6b664a62982310fcefc9f792f39d6,0xb5625ebf62c6d342782674c999f500ed2935568d65580569aa1264a5b872f974,50969017,528,0xf01a4dabfd54d1a6a1812a95f7151e8da851de2e,7.003362263692307717,0E-6480,0E-6480,0E-6480,unknown_transfer_or_unpriced_swap
0x8da2e73785a202263be1b04d3dcc8137181c89c3,0xb5625ebf62c6d342782674c999f500ed2935568d65580569aa1264a5b872f974,50969017,568,0xf01a4dabfd54d1a6a1812a95f7151e8da851de2e,36.057992636933845569,0E-9170,0E-9170,0E-9170,unknown_transfer_or_unpriced_swap
0xd8b7f8ee88f4a19933e21724a3227b04cc31e9fe,0x6e76cf3b53635b35a6459d43b9950dc722a5740f1aec9f71238d062dc374ceee,50969018,326,0xf01a4dabfd54d1a6a1812a95f7151e8da851de2e,7.916423467593303946,0E-3479,0E-3479,0E-3479,unknown_transfer_or_unpriced_swap
0xfc90fd5e560471fab35e3703bf5ea4c54acee766,0x6e76cf3b53635b35a6459d43b9950dc722a5740f1aec9f71238d062dc374ceee,50969018,352,0xf01a4dabfd54d1a6a1812a95f7151e8da851de2e,22.538472873993355145,0E-5208,0E-5208,0E-5208,unknown_transfer_or_unpriced_swap
0x4e3ae00e8323558fa5cac04b152238924aa31b60,0x3374af432af5e4f07f5ab61aea1ff9d92b0a86e88691681e05beaf6e5e164810,50969112,379,0x461627fe2c677585c0a4c32a8a2ab2336bba96ac,56522.695703988511417803,0,0,0,unknown_transfer_or_unpriced_swap
0x211c8e97a504d2d142bc945334d4a88bd3270b4d,0x095d62e5fea70b56fe7afd3e63fb50c763de75dad5be569bf3b4f6b7ec374bdc,50969112,624,0x669eca0d4b4c864148c4121b31dfef5e7179ed54,53.831701807515197948,0E-1010,0E-1010,0E-1010,unknown_transfer_or_unpriced_swap
0x25eded2339466d3b7daf552b24d9b6e09b409b4b,0x095d62e5fea70b56fe7afd3e63fb50c763de75dad5be569bf3b4f6b7ec374bdc,50969112,627,0x669eca0d4b4c864148c4121b31dfef5e7179ed54,42.732742463780412281,0E-1210,0E-1210,0E-1210,unknown_transfer_or_unpriced_swap
0x461d5072f3eef08dedc4a7d74fb6d79f99e25e73,0x095d62e5fea70b56fe7afd3e63fb50c763de75dad5be569bf3b4f6b7ec374bdc,50969112,636,0x669eca0d4b4c864148c4121b31dfef5e7179ed54,21.403111906805014813,0E-1810,0E-1810,0E-1810,unknown_transfer_or_unpriced_swap
0xfc90fd5e560471fab35e3703bf5ea4c54acee766,0x095d62e5fea70b56fe7afd3e63fb50c763de75dad5be569bf3b4f6b7ec374bdc,50969112,697,0x669eca0d4b4c864148c4121b31dfef5e7179ed54,10.284765711684386753,0E-5856,0E-5856,0E-5856,unknown_transfer_or_unpriced_swap
0x25eded2339466d3b7daf552b24d9b6e09b409b4b,0x2804758a8d77b403b062f7f51b0db1498d9be8a7e1b3d9b05a821cdefe603a42,50969121,221,0x7273a102a1a20dd0eb01c23ce4b57daf6160bf77,60.61137496976679422,0E-872,0E-872,0E-872,unknown_transfer_or_unpriced_swap
0x5c3e5b6780dc15b705f606f19b6a9206fea39cdf,0x2804758a8d77b403b062f7f51b0db1498d9be8a7e1b3d9b05a821cdefe603a42,50969121,238,0x7273a102a1a20dd0eb01c23ce4b57daf6160bf77,262.029690465995652968,0E-2004,0E-2004,0E-2004,unknown_transfer_or_unpriced_swap
0xfc90fd5e560471fab35e3703bf5ea4c54acee766,0x2804758a8d77b403b062f7f51b0db1498d9be8a7e1b3d9b05a821cdefe603a42,50969121,301,0x7273a102a1a20dd0eb01c23ce4b57daf6160bf77,277.33244736397352945,0E-6192,0E-6192,0E-6192,unknown_transfer_or_unpriced_swap
0x2bb2173427bb17b78adaa3d5fad9716328c3d262,0x5dea0c7c2ef07b7f410bba50e0e5684b8ad1fade66ae04174ed346c8fd3cf682,50969192,90,0xb92fe925dc43a0ecde6c8b1a2709c170ec4fff4f,2243.185855790675414398,0E-132,0E-132,0E-132,unknown_transfer_or_unpriced_swap
0x4e3ae00e8323558fa5cac04b152238924aa31b60,0xb2f48b25cc367b393029f371f88c2456d635455ea7c738ba395de7ba95b171a1,50969199,7,0x23e829647939359507c491bef51419698fe3a981,3808.486654569420105169,0,0,0,unknown_transfer_or_unpriced_swap
0x211c8e97a504d2d142bc945334d4a88bd3270b4d,0xd31330f92f3a558b4c540ba9fe933209c4f51e9475ccd8a553c72dbb0579ae71,50969586,435,0x7273a102a1a20dd0eb01c23ce4b57daf6160bf77,100.805834086023931686,0E-937,0E-937,0E-937,unknown_transfer_or_unpriced_swap
0x25eded2339466d3b7daf552b24d9b6e09b409b4b,0xd31330f92f3a558b4c540ba9fe933209c4f51e9475ccd8a553c72dbb0579ae71,50969586,437,0x7273a102a1a20dd0eb01c23ce4b57daf6160bf77,31.620628645803321867,0E-1072,0E-1072,0E-1072,unknown_transfer_or_unpriced_swap
0x27251ef93006c0f3ea2031d709d0ba9b3c4f3eef,0xd31330f92f3a558b4c540ba9fe933209c4f51e9475ccd8a553c72dbb0579ae71,50969586,439,0x7273a102a1a20dd0eb01c23ce4b57daf6160bf77,4.412538826312737336,0E-1206,0E-1206,0E-1206,unknown_transfer_or_unpriced_swap
0x2bb2173427bb17b78adaa3d5fad9716328c3d262,0xd31330f92f3a558b4c540ba9fe933209c4f51e9475ccd8a553c72dbb0579ae71,50969586,441,0x7273a102a1a20dd0eb01c23ce4b57daf6160bf77,37.182163876831623673,0E-1340,0E-1340,0E-1340,unknown_transfer_or_unpriced_swap
0x461d5072f3eef08dedc4a7d74fb6d79f99e25e73,0xd31330f92f3a558b4c540ba9fe933209c4f51e9475ccd8a553c72dbb0579ae71,50969586,453,0x7273a102a1a20dd0eb01c23ce4b57daf6160bf77,80.442837635702581585,0E-2141,0E-2141,0E-2141,unknown_transfer_or_unpriced_swap
0x5c3e5b6780dc15b705f606f19b6a9206fea39cdf,0xd31330f92f3a558b4c540ba9fe933209c4f51e9475ccd8a553c72dbb0579ae71,50969586,465,0x7273a102a1a20dd0eb01c23ce4b57daf6160bf77,74.325413183099767775,0E-2940,0E-2940,0E-2940,unknown_transfer_or_unpriced_swap
0x67505fc71782403718939b4bb3f6ab39be613f4f,0xd31330f92f3a558b4c540ba9fe933209c4f51e9475ccd8a553c72dbb0579ae71,50969586,471,0x7273a102a1a20dd0eb01c23ce4b57daf6160bf77,5.581080395945041281,0E-3342,0E-3342,0E-3342,unknown_transfer_or_unpriced_swap
0xd8b7f8ee88f4a19933e21724a3227b04cc31e9fe,0xd31330f92f3a558b4c540ba9fe933209c4f51e9475ccd8a553c72dbb0579ae71,50969586,521,0x7273a102a1a20dd0eb01c23ce4b57daf6160bf77,47.086866102708286708,0E-6680,0E-6680,0E-6680,unknown_transfer_or_unpriced_swap
0xf055acd3193f0bc2a46c06e2b3398c6c9b3c0f97,0xd31330f92f3a558b4c540ba9fe933209c4f51e9475ccd8a553c72dbb0579ae71,50969586,536,0x7273a102a1a20dd0eb01c23ce4b57daf6160bf77,101.591559280365171461,0E-7678,0E-7678,0E-7678,unknown_transfer_or_unpriced_swap
0xfc90fd5e560471fab35e3703bf5ea4c54acee766,0xd31330f92f3a558b4c540ba9fe933209c4f51e9475ccd8a553c72dbb0579ae71,50969586,547,0x7273a102a1a20dd0eb01c23ce4b57daf6160bf77,144.682847632185042018,0E-8400,0E-8400,0E-8400,unknown_transfer_or_unpriced_swap
0x0ca6cadb6a8ca4199788b9a060c3285fe7b897fd,0x08b4832c60b358f36211f7f26c19fb7d194ad28bfe6dffec6173f0f92698a936,50969963,447,0xf01a4dabfd54d1a6a1812a95f7151e8da851de2e,7.24460358291179816,0E-606,0E-606,0E-606,unknown_transfer_or_unpriced_swap
0x211c8e97a504d2d142bc945334d4a88bd3270b4d,0x08b4832c60b358f36211f7f26c19fb7d194ad28bfe6dffec6173f0f92698a936,50969963,467,0xf01a4dabfd54d1a6a1812a95f7151e8da851de2e,21.489594214021246708,0E-1959,0E-1959,0E-1959,unknown_transfer_or_unpriced_swap
0x25eded2339466d3b7daf552b24d9b6e09b409b4b,0x08b4832c60b358f36211f7f26c19fb7d194ad28bfe6dffec6173f0f92698a936,50969963,475,0xf01a4dabfd54d1a6a1812a95f7151e8da851de2e,2.514236835053376046,0E-2496,0E-2496,0E-2496,unknown_transfer_or_unpriced_swap
0x3fa87fac3430294f5461f9599ed2c9bd7b7eda6d,0x08b4832c60b358f36211f7f26c19fb7d194ad28bfe6dffec6173f0f92698a936,50969963,499,0xf01a4dabfd54d1a6a1812a95f7151e8da851de2e,17.347496841423209152,0E-4122,0E-4122,0E-4122,unknown_transfer_or_unpriced_swap
0x4552df0be3b02bfb80c3444b3f1465ee0bdb224c,0x08b4832c60b358f36211f7f26c19fb7d194ad28bfe6dffec6173f0f92698a936,50969963,506,0xf01a4dabfd54d1a6a1812a95f7151e8da851de2e,8.827448567222814638,0E-4589,0E-4589,0E-4589,unknown_transfer_or_unpriced_swap
0x461d5072f3eef08dedc4a7d74fb6d79f99e25e73,0x08b4832c60b358f36211f7f26c19fb7d194ad28bfe6dffec6173f0f92698a936,50969963,507,0xf01a4dabfd54d1a6a1812a95f7151e8da851de2e,7.441450742648504297,0E-4655,0E-4655,0E-4655,unknown_transfer_or_unpriced_swap
0x68ccd83694d6b664a62982310fcefc9f792f39d6,0x08b4832c60b358f36211f7f26c19fb7d194ad28bfe6dffec6173f0f92698a936,50969963,536,0xf01a4dabfd54d1a6a1812a95f7151e8da851de2e,6.788163414796962705,0E-6615,0E-6615,0E-6615,unknown_transfer_or_unpriced_swap
0x8da2e73785a202263be1b04d3dcc8137181c89c3,0x08b4832c60b358f36211f7f26c19fb7d194ad28bfe6dffec6173f0f92698a936,50969963,574,0xf01a4dabfd54d1a6a1812a95f7151e8da851de2e,34.950005042293273808,0E-9170,0E-9170,0E-9170,unknown_transfer_or_unpriced_swap
0x211c8e97a504d2d142bc945334d4a88bd3270b4d,0x8082b790fb44167fef0b49612d71929bbf32e23116f5c26d53734f8e9be06fdd,50970077,436,0x7273a102a1a20dd0eb01c23ce4b57daf6160bf77,40.311235930815541402,0E-1007,0E-1007,0E-1007,unknown_transfer_or_unpriced_swap
0x25eded2339466d3b7daf552b24d9b6e09b409b4b,0x8082b790fb44167fef0b49612d71929bbf32e23116f5c26d53734f8e9be06fdd,50970077,439,0x7273a102a1a20dd0eb01c23ce4b57daf6160bf77,12.644770346663955813,0E-1208,0E-1208,0E-1208,unknown_transfer_or_unpriced_swap
0x27251ef93006c0f3ea2031d709d0ba9b3c4f3eef,0x8082b790fb44167fef0b49612d71929bbf32e23116f5c26d53734f8e9be06fdd,50970077,440,0x7273a102a1a20dd0eb01c23ce4b57daf6160bf77,1.764529754593219949,0E-1275,0E-1275,0E-1275,unknown_transfer_or_unpriced_swap
0x2bb2173427bb17b78adaa3d5fad9716328c3d262,0x8082b790fb44167fef0b49612d71929bbf32e23116f5c26d53734f8e9be06fdd,50970077,442,0x7273a102a1a20dd0eb01c23ce4b57daf6160bf77,14.868772170250943962,0E-1408,0E-1408,0E-1408,unknown_transfer_or_unpriced_swap
0x461d5072f3eef08dedc4a7d74fb6d79f99e25e73,0x8082b790fb44167fef0b49612d71929bbf32e23116f5c26d53734f8e9be06fdd,50970077,459,0x7273a102a1a20dd0eb01c23ce4b57daf6160bf77,32.168279110808733326,0E-2552,0E-2552,0E-2552,unknown_transfer_or_unpriced_swap
0x5c3e5b6780dc15b705f606f19b6a9206fea39cdf,0x8082b790fb44167fef0b49612d71929bbf32e23116f5c26d53734f8e9be06fdd,50970077,472,0x7273a102a1a20dd0eb01c23ce4b57daf6160bf77,27.126451204718193123,0E-3422,0E-3422,0E-3422,unknown_transfer_or_unpriced_swap
0x67505fc71782403718939b4bb3f6ab39be613f4f,0x8082b790fb44167fef0b49612d71929bbf32e23116f5c26d53734f8e9be06fdd,50970077,479,0x7273a102a1a20dd0eb01c23ce4b57daf6160bf77,2.231817737828549088,0E-3892,0E-3892,0E-3892,unknown_transfer_or_unpriced_swap
0xd8b7f8ee88f4a19933e21724a3227b04cc31e9fe,0x8082b790fb44167fef0b49612d71929bbf32e23116f5c26d53734f8e9be06fdd,50970077,535,0x7273a102a1a20dd0eb01c23ce4b57daf6160bf77,18.829562652982977502,0E-7635,0E-7635,0E-7635,unknown_transfer_or_unpriced_swap
0xf055acd3193f0bc2a46c06e2b3398c6c9b3c0f97,0x8082b790fb44167fef0b49612d71929bbf32e23116f5c26d53734f8e9be06fdd,50970077,549,0x7273a102a1a20dd0eb01c23ce4b57daf6160bf77,40.625439508148640812,0E-8566,0E-8566,0E-8566,unknown_transfer_or_unpriced_swap
0xfc90fd5e560471fab35e3703bf5ea4c54acee766,0x8082b790fb44167fef0b49612d71929bbf32e23116f5c26d53734f8e9be06fdd,50970077,559,0x7273a102a1a20dd0eb01c23ce4b57daf6160bf77,57.857210933507510902,0E-9223,0E-9223,0E-9223,unknown_transfer_or_unpriced_swap
0x3fa87fac3430294f5461f9599ed2c9bd7b7eda6d,0xc336b467032a39ec42147bc23c3b0f65791e6481d1a47d79324fc8a2b422063c,50970341,150,0x1c11e6c34ab842cd60bbdf0244ea963fc93eee3a,15842.533132614155532143,15049.588112650606757158000000000000000000000000,295.96693207978284018620752224000000000000000000000000000000000000,0.11788134988445877600000000000000000000000000000000000000000000000,same_tx_swap_flow_allocation
0x2bb2173427bb17b78adaa3d5fad9716328c3d262,0x3a21566d331b4113899632a3c882c7c2321853580082d957164706cc8ada65b6,50970342,631,0xb92fe925dc43a0ecde6c8b1a2709c170ec4fff4f,76420.337166506814567567,74234.599156391173315590000000000000000000000000,1450.7079744825380004050502424800000000000000000000000000000000000,0.57780581471869150200000000000000000000000000000000000000000000000,same_tx_swap_flow_allocation
0x3fa87fac3430294f5461f9599ed2c9bd7b7eda6d,0xd191feb96ac338baf99a80ecdd4e59dbf861dc50f101f4517678febc0ce09bff,50970350,1078,0x1c11e6c34ab842cd60bbdf0244ea963fc93eee3a,239668.001267905945766726,232233.09066221275856965300000000000000000000000,4526.2437753870275166110189353200000000000000000000000000000000000,1.8027680403327013430000000000000000000000000000000000000000000000,same_tx_swap_flow_allocation
0x2bb2173427bb17b78adaa3d5fad9716328c3d262,0x2023061df39c01039c66b6650ef6d156145d636ab9016d2d5ac3132ae88c71b8,50970357,430,0xb92fe925dc43a0ecde6c8b1a2709c170ec4fff4f,77215.378442782683926061,77215.378442782683926061,1479.52588450459308660697350252,0.589283766361387123,same_tx_swap_flow_allocation
0xf0f349d0ed0673a77e0afcdffe00e8c023645a4e,0x378ec0e2587d608d67588ea3e8204439493c9254ff094cd89c2a42c31dcec117,50970401,826,0x7692acc1cdd771d09ebcae3663e1843b2911bec7,141959.493704767177587308,141959.493704767177587308,2506.8242,1,same_tx_swap_flow_allocation
0x7c4974927680254e9b2dd5e431d924c49b3ded64,0x95d7994d1a46a327f5cba2192b2b3c8b974ca882f19b7da42fd54a55387f29e5,50970429,446,0xb92fe925dc43a0ecde6c8b1a2709c170ec4fff4f,106122.017728096342068451,106122.01772809634206845000000000000000000000000942311521594113953,1990.9042265867204705268328394800889691481457337188868647327306803,0.79419379571440249799999251622035919756484947517216678566160749537,same_tx_swap_flow_allocation
0x0ca6cadb6a8ca4199788b9a060c3285fe7b897fd,0x116232863aea8e2a782911f4599a22d0119ac2ae43723564074a3fe5f2799b86,50970440,219,0xf01a4dabfd54d1a6a1812a95f7151e8da851de2e,9.464419417412402504,0E-606,0E-606,0E-606,unknown_transfer_or_unpriced_swap
0x211c8e97a504d2d142bc945334d4a88bd3270b4d,0x116232863aea8e2a782911f4599a22d0119ac2ae43723564074a3fe5f2799b86,50970440,239,0xf01a4dabfd54d1a6a1812a95f7151e8da851de2e,28.074211435285940968,0E-1959,0E-1959,0E-1959,unknown_transfer_or_unpriced_swap
0x25eded2339466d3b7daf552b24d9b6e09b409b4b,0x116232863aea8e2a782911f4599a22d0119ac2ae43723564074a3fe5f2799b86,50970440,247,0xf01a4dabfd54d1a6a1812a95f7151e8da851de2e,3.284623050705076219,0E-2496,0E-2496,0E-2496,unknown_transfer_or_unpriced_swap
0x3fa87fac3430294f5461f9599ed2c9bd7b7eda6d,0x116232863aea8e2a782911f4599a22d0119ac2ae43723564074a3fe5f2799b86,50970440,270,0xf01a4dabfd54d1a6a1812a95f7151e8da851de2e,22.662935807382886086,0E-4054,0E-4054,0E-4054,unknown_transfer_or_unpriced_swap
0x4552df0be3b02bfb80c3444b3f1465ee0bdb224c,0x116232863aea8e2a782911f4599a22d0119ac2ae43723564074a3fe5f2799b86,50970440,277,0xf01a4dabfd54d1a6a1812a95f7151e8da851de2e,11.532263245279360838,0E-4521,0E-4521,0E-4521,unknown_transfer_or_unpriced_swap
0x461d5072f3eef08dedc4a7d74fb6d79f99e25e73,0x116232863aea8e2a782911f4599a22d0119ac2ae43723564074a3fe5f2799b86,50970440,278,0xf01a4dabfd54d1a6a1812a95f7151e8da851de2e,9.721582429791577521,0E-4587,0E-4587,0E-4587,unknown_transfer_or_unpriced_swap
0x68ccd83694d6b664a62982310fcefc9f792f39d6,0x116232863aea8e2a782911f4599a22d0119ac2ae43723564074a3fe5f2799b86,50970440,306,0xf01a4dabfd54d1a6a1812a95f7151e8da851de2e,8.868121615806985857,0E-6479,0E-6479,0E-6479,unknown_transfer_or_unpriced_swap
0x8da2e73785a202263be1b04d3dcc8137181c89c3,0x116232863aea8e2a782911f4599a22d0119ac2ae43723564074a3fe5f2799b86,50970440,344,0xf01a4dabfd54d1a6a1812a95f7151e8da851de2e,45.659020894003420877,0E-9034,0E-9034,0E-9034,unknown_transfer_or_unpriced_swap
0xf055acd3193f0bc2a46c06e2b3398c6c9b3c0f97,0xd430a35b41040dab2634990e34b8e2446e66127355dbfa0ced152f6fd6cfc655,50970440,690,0xb92fe925dc43a0ecde6c8b1a2709c170ec4fff4f,236329.25165926130147492,236329.25165926130147491900000000000000000000000423138478617871877,4478.3888274295805781451100502136490217211168350262441661222096180,1.7864790149343462449999924407198753792631796178711870445969883401,same_tx_swap_flow_allocation
0xd8b7f8ee88f4a19933e21724a3227b04cc31e9fe,0x96b8315ea543704f7aa5bdf63b6da74c89ec134d4416264cbb9aaedf2210578c,50970442,280,0xf01a4dabfd54d1a6a1812a95f7151e8da851de2e,10.025955519094663594,0E-3415,0E-3415,0E-3415,unknown_transfer_or_unpriced_swap
0xfc90fd5e560471fab35e3703bf5ea4c54acee766,0x96b8315ea543704f7aa5bdf63b6da74c89ec134d4416264cbb9aaedf2210578c,50970442,306,0xf01a4dabfd54d1a6a1812a95f7151e8da851de2e,28.544421281656979055,0E-5143,0E-5143,0E-5143,unknown_transfer_or_unpriced_swap
0x68ccd83694d6b664a62982310fcefc9f792f39d6,0xb9d6e7f82a48254cb16c734ab39761d10b1f4fd7bc3760f83c3120750192611c,50970449,813,0x7692acc1cdd771d09ebcae3663e1843b2911bec7,36035.805265994102606012,36035.805265994102606012,687.5481396119220866934230,0.274270584914539315,same_tx_swap_flow_allocation
0xf055acd3193f0bc2a46c06e2b3398c6c9b3c0f97,0xbba6360176ed4bf8b5008eb39452c5e4c7456758bbad05ccebcde6d3593fea40,50970482,292,0xb92fe925dc43a0ecde6c8b1a2709c170ec4fff4f,70272.161963179209015387,70272.161963179209015386000000000000000000000014230386145284302963,1368.4107735190218429809597269862874571354339289666408727027563525,0.54587424739198777599999223199867284556110234174643793238582759511,same_tx_swap_flow_allocation
0xf055acd3193f0bc2a46c06e2b3398c6c9b3c0f97,0xfef2cdb80a5637d74f0f5df038349fcfdee633dfcb0fd46f24a3e7ae031efa05,50970495,570,0xb92fe925dc43a0ecde6c8b1a2709c170ec4fff4f,52540.163366990644018086,52540.163366990644018085000000000000000000000019033058443595723602,1026.6135634456608973018868604040479506697570367853182804716547792,0.40952754622588249199999220543827842042922556627039035304974907264,same_tx_swap_flow_allocation
0xe48b6e0e9900d68ba93ac417d9e2ce911c52f753,0xba57c5e0577e1da2b1cf3a7bf20569b63343794eb0c2492b07bec0b3333666db,50970513,880,0xb92fe925dc43a0ecde6c8b1a2709c170ec4fff4f,778164.748964550122968425,722549.69591290766106320800000000000000000000000,14392.003483197725282464112400000000000000000000000000000000000000,5.7411299456889419220000000000000000000000000000000000000000000000,same_tx_swap_flow_allocation
0x0c175c6a0065ee05f871a68783d2de432a1e6cbe,0xd1b8426cadc8af3e6838db5def8347859a246d2aeea86d4590231f63b872d58b,50970548,415,0xfc79a788c12a1334f2e53db267ac35028e0137b3,2.107825943853616261,0E-534,0E-534,0E-534,unknown_transfer_or_unpriced_swap
0x211c8e97a504d2d142bc945334d4a88bd3270b4d,0xd1b8426cadc8af3e6838db5def8347859a246d2aeea86d4590231f63b872d58b,50970548,426,0xfc79a788c12a1334f2e53db267ac35028e0137b3,39.966862805954948598,0E-1274,0E-1274,0E-1274,unknown_transfer_or_unpriced_swap
0x2408ce75d217e3a70d6ca370c78c1b34d706f5a0,0xd1b8426cadc8af3e6838db5def8347859a246d2aeea86d4590231f63b872d58b,50970548,429,0xfc79a788c12a1334f2e53db267ac35028e0137b3,2.107825943853616261,0E-1476,0E-1476,0E-1476,unknown_transfer_or_unpriced_swap
0x2bb2173427bb17b78adaa3d5fad9716328c3d262,0xd1b8426cadc8af3e6838db5def8347859a246d2aeea86d4590231f63b872d58b,50970548,435,0xfc79a788c12a1334f2e53db267ac35028e0137b3,33.857676492970159975,0E-1878,0E-1878,0E-1878,unknown_transfer_or_unpriced_swap
0x461d5072f3eef08dedc4a7d74fb6d79f99e25e73,0xd1b8426cadc8af3e6838db5def8347859a246d2aeea86d4590231f63b872d58b,50970548,443,0xfc79a788c12a1334f2e53db267ac35028e0137b3,20.617079489587776105,0E-2414,0E-2414,0E-2414,unknown_transfer_or_unpriced_swap
0x67df1d22c03ce81dcd7c50a65d476b17f4934fd4,0xd1b8426cadc8af3e6838db5def8347859a246d2aeea86d4590231f63b872d58b,50970548,448,0xfc79a788c12a1334f2e53db267ac35028e0137b3,35.005517399165791792,0E-2748,0E-2748,0E-2748,unknown_transfer_or_unpriced_swap
0xa122c3ef0ced83be89922d99e8dde8f4e272eaca,0xd1b8426cadc8af3e6838db5def8347859a246d2aeea86d4590231f63b872d58b,50970548,471,0xfc79a788c12a1334f2e53db267ac35028e0137b3,70.841939246762133337,0E-4286,0E-4286,0E-4286,unknown_transfer_or_unpriced_swap
0xd8b7f8ee88f4a19933e21724a3227b04cc31e9fe,0xd1b8426cadc8af3e6838db5def8347859a246d2aeea86d4590231f63b872d58b,50970548,500,0xfc79a788c12a1334f2e53db267ac35028e0137b3,25.696760888943406174,0E-6216,0E-6216,0E-6216,unknown_transfer_or_unpriced_swap
0xf055acd3193f0bc2a46c06e2b3398c6c9b3c0f97,0xd1b8426cadc8af3e6838db5def8347859a246d2aeea86d4590231f63b872d58b,50970548,510,0xfc79a788c12a1334f2e53db267ac35028e0137b3,50.120349059167830761,0E-6878,0E-6878,0E-6878,unknown_transfer_or_unpriced_swap
0xf99d7a743d1b5b2ff28c22b2005cd98def3591de,0xd1b8426cadc8af3e6838db5def8347859a246d2aeea86d4590231f63b872d58b,50970548,516,0xfc79a788c12a1334f2e53db267ac35028e0137b3,17.23321324139414438,0E-7270,0E-7270,0E-7270,unknown_transfer_or_unpriced_swap
0xfc90fd5e560471fab35e3703bf5ea4c54acee766,0xd1b8426cadc8af3e6838db5def8347859a246d2aeea86d4590231f63b872d58b,50970548,518,0xfc79a788c12a1334f2e53db267ac35028e0137b3,23.030087249647471343,0E-7400,0E-7400,0E-7400,unknown_transfer_or_unpriced_swap
0x211c8e97a504d2d142bc945334d4a88bd3270b4d,0x5794b388c2aef072ad63508bf7c9d3d109066ac5cd3ca710c397ba8c8e3a5a24,50970555,648,0x7273a102a1a20dd0eb01c23ce4b57daf6160bf77,73.865505342677102245,0E-1478,0E-1478,0E-1478,unknown_transfer_or_unpriced_swap
0x25eded2339466d3b7daf552b24d9b6e09b409b4b,0x5794b388c2aef072ad63508bf7c9d3d109066ac5cd3ca710c397ba8c8e3a5a24,50970555,650,0x7273a102a1a20dd0eb01c23ce4b57daf6160bf77,23.170025181104272522,0E-1611,0E-1611,0E-1611,unknown_transfer_or_unpriced_swap
0x27251ef93006c0f3ea2031d709d0ba9b3c4f3eef,0x5794b388c2aef072ad63508bf7c9d3d109066ac5cd3ca710c397ba8c8e3a5a24,50970555,651,0x7273a102a1a20dd0eb01c23ce4b57daf6160bf77,3.233289156375943522,0E-1678,0E-1678,0E-1678,unknown_transfer_or_unpriced_swap
0x2bb2173427bb17b78adaa3d5fad9716328c3d262,0x5794b388c2aef072ad63508bf7c9d3d109066ac5cd3ca710c397ba8c8e3a5a24,50970555,654,0x7273a102a1a20dd0eb01c23ce4b57daf6160bf77,27.245241799722216829,0E-1877,0E-1877,0E-1877,unknown_transfer_or_unpriced_swap
0x461d5072f3eef08dedc4a7d74fb6d79f99e25e73,0x5794b388c2aef072ad63508bf7c9d3d109066ac5cd3ca710c397ba8c8e3a5a24,50970555,669,0x7273a102a1a20dd0eb01c23ce4b57daf6160bf77,82.027667362201511813,0E-2886,0E-2886,0E-2886,unknown_transfer_or_unpriced_swap
0x5c3e5b6780dc15b705f606f19b6a9206fea39cdf,0x5794b388c2aef072ad63508bf7c9d3d109066ac5cd3ca710c397ba8c8e3a5a24,50970555,681,0x7273a102a1a20dd0eb01c23ce4b57daf6160bf77,48.214789517592466717,0E-3689,0E-3689,0E-3689,unknown_transfer_or_unpriced_swap
0x67505fc71782403718939b4bb3f6ab39be613f4f,0x5794b388c2aef072ad63508bf7c9d3d109066ac5cd3ca710c397ba8c8e3a5a24,50970555,687,0x7273a102a1a20dd0eb01c23ce4b57daf6160bf77,4.089538344108047524,0E-4093,0E-4093,0E-4093,unknown_transfer_or_unpriced_swap
0xd8b7f8ee88f4a19933e21724a3227b04cc31e9fe,0x5794b388c2aef072ad63508bf7c9d3d109066ac5cd3ca710c397ba8c8e3a5a24,50970555,751,0x7273a102a1a20dd0eb01c23ce4b57daf6160bf77,34.502915344279021219,0E-8380,0E-8380,0E-8380,unknown_transfer_or_unpriced_swap
0xf055acd3193f0bc2a46c06e2b3398c6c9b3c0f97,0x5794b388c2aef072ad63508bf7c9d3d109066ac5cd3ca710c397ba8c8e3a5a24,50970555,768,0x7273a102a1a20dd0eb01c23ce4b57daf6160bf77,74.441245715907498817,0E-9504,0E-9504,0E-9504,unknown_transfer_or_unpriced_swap
0xfc90fd5e560471fab35e3703bf5ea4c54acee766,0x5794b388c2aef072ad63508bf7c9d3d109066ac5cd3ca710c397ba8c8e3a5a24,50970555,776,0x7273a102a1a20dd0eb01c23ce4b57daf6160bf77,106.016400257637407969,0E-10030,0E-10030,0E-10030,unknown_transfer_or_unpriced_swap
0x4e3ae00e8323558fa5cac04b152238924aa31b60,0x4eda61bb6665837f2fe5ca01d4e0463334ae29b3320e17c667c68bdbebc30e58,50970582,401,0x461627fe2c677585c0a4c32a8a2ab2336bba96ac,28337.552462530622941621,0,0,0,unknown_transfer_or_unpriced_swap
0x4e3ae00e8323558fa5cac04b152238924aa31b60,0xe7e868eda44c9f234a3153518b6d5ed3391d14dfcf947eac93d9a4fdde00ccda,50970582,437,0xaa5e5c97be235c3b7035bb1492fef2b4167edf05,9328.899164123671744814,0,0,0,unknown_transfer_or_unpriced_swap
0x4e3ae00e8323558fa5cac04b152238924aa31b60,0x57f06f1669f592ddffe3ca0a0458341c6d8dcbebe7562a275069196673f4c60a,50970582,473,0x23e829647939359507c491bef51419698fe3a981,6332.51535245559165582,0,0,0,unknown_transfer_or_unpriced_swap
0x4e3ae00e8323558fa5cac04b152238924aa31b60,0xd23e87f5d541e7941f9c270cc32e1b4b42ac4c3e86252b568f67b63eb49eeba6,50970582,485,0x371f41fbf424fa514fad1cd3879b2309829e7529,3453.377440434472508809,0,0,0,unknown_transfer_or_unpriced_swap
0x4e3ae00e8323558fa5cac04b152238924aa31b60,0x46f6f28c5cc92294103e106fcaf7785eb2a644a9e27e858a4b6a1df564d89e6f,50970583,16,0xbd46cf0958e4880633d320eed38785ee432269da,2452.415679159731970702,0,0,0,unknown_transfer_or_unpriced_swap
0x2bb2173427bb17b78adaa3d5fad9716328c3d262,0x4e27df1fae52d74d90c5ffb7688d0317e31421f568062c2acefae3495cb803d7,50970604,634,0xb92fe925dc43a0ecde6c8b1a2709c170ec4fff4f,19502.02020172313206894,0E-131,0E-131,0E-131,unknown_transfer_or_unpriced_swap
0x267eafdb83b0cf9ef3e5a1eda83accfc85a021c8,0x1bb3386cdcb7429e157898a1918714a1dc3aa4672424859656497740b56f5165,50970675,299,0xb92fe925dc43a0ecde6c8b1a2709c170ec4fff4f,211857.974473873722200302,105679.54746521743129550950117739146868975027055911774501667237075,2143.2760613778915799575270834298463369859973231242675613038782311,0.85497661199293176599999596438786825856635551991410788251680282611,same_tx_swap_flow_allocation
0x4e3ae00e8323558fa5cac04b152238924aa31b60,0x4c584988872a67e635bad96a50f2b37eeca8c9627ffe4bf88057c8c12921b805,50970679,1,0xaa5e5c97be235c3b7035bb1492fef2b4167edf05,2452.276376108408659946,0,0,0,unknown_transfer_or_unpriced_swap
0x2bb2173427bb17b78adaa3d5fad9716328c3d262,0x934f88024f63ef511772da85a220e14dacc5515a5d3914da275af14ab924ff7d,50970872,350,0xb92fe925dc43a0ecde6c8b1a2709c170ec4fff4f,10910.460431679466420088,0E-66,0E-66,0E-66,unknown_transfer_or_unpriced_swap
0x2bb2173427bb17b78adaa3d5fad9716328c3d262,0x775f7d599baceddef500390ec9c74e41eb880896df6d4bbde7a5348b8e4e391b,50970874,240,0xb92fe925dc43a0ecde6c8b1a2709c170ec4fff4f,14038.681225527338435841,0E-66,0E-66,0E-66,unknown_transfer_or_unpriced_swap
0x4e3ae00e8323558fa5cac04b152238924aa31b60,0x88fbbace9a90f27b37dc92768816999ca35f840977018f9442e76a338408a56c,50970990,860,0x461627fe2c677585c0a4c32a8a2ab2336bba96ac,50000,0,0,0,unknown_transfer_or_unpriced_swap
0x211c8e97a504d2d142bc945334d4a88bd3270b4d,0x0248ff982ed4990ede4bd5e47bb4a6e93d91e5ddce802982b0a4aa9e190d16c1,50971025,374,0x7273a102a1a20dd0eb01c23ce4b57daf6160bf77,44.010023247247121702,0E-1411,0E-1411,0E-1411,unknown_transfer_or_unpriced_swap
0x25eded2339466d3b7daf552b24d9b6e09b409b4b,0x0248ff982ed4990ede4bd5e47bb4a6e93d91e5ddce802982b0a4aa9e190d16c1,50971025,376,0x7273a102a1a20dd0eb01c23ce4b57daf6160bf77,9.103750129248354569,0E-1544,0E-1544,0E-1544,unknown_transfer_or_unpriced_swap
0x27251ef93006c0f3ea2031d709d0ba9b3c4f3eef,0x0248ff982ed4990ede4bd5e47bb4a6e93d91e5ddce802982b0a4aa9e190d16c1,50971025,377,0x7273a102a1a20dd0eb01c23ce4b57daf6160bf77,1.270393810329555203,0E-1611,0E-1611,0E-1611,unknown_transfer_or_unpriced_swap
0x2bb2173427bb17b78adaa3d5fad9716328c3d262,0x0248ff982ed4990ede4bd5e47bb4a6e93d91e5ddce802982b0a4aa9e190d16c1,50971025,380,0x7273a102a1a20dd0eb01c23ce4b57daf6160bf77,10.704946223273919892,0E-1811,0E-1811,0E-1811,unknown_transfer_or_unpriced_swap
0x461d5072f3eef08dedc4a7d74fb6d79f99e25e73,0x0248ff982ed4990ede4bd5e47bb4a6e93d91e5ddce802982b0a4aa9e190d16c1,50971025,397,0x7273a102a1a20dd0eb01c23ce4b57daf6160bf77,32.229545782262842023,0E-2955,0E-2955,0E-2955,unknown_transfer_or_unpriced_swap
0x5c3e5b6780dc15b705f606f19b6a9206fea39cdf,0x0248ff982ed4990ede4bd5e47bb4a6e93d91e5ddce802982b0a4aa9e190d16c1,50971025,413,0x7273a102a1a20dd0eb01c23ce4b57daf6160bf77,18.944105277038165696,0E-4029,0E-4029,0E-4029,unknown_transfer_or_unpriced_swap
0x67505fc71782403718939b4bb3f6ab39be613f4f,0x0248ff982ed4990ede4bd5e47bb4a6e93d91e5ddce802982b0a4aa9e190d16c1,50971025,420,0x7273a102a1a20dd0eb01c23ce4b57daf6160bf77,1.606823252790499073,0E-4499,0E-4499,0E-4499,unknown_transfer_or_unpriced_swap
0xd8b7f8ee88f4a19933e21724a3227b04cc31e9fe,0x0248ff982ed4990ede4bd5e47bb4a6e93d91e5ddce802982b0a4aa9e190d16c1,50971025,485,0x7273a102a1a20dd0eb01c23ce4b57daf6160bf77,13.55656360188534913,0E-8855,0E-8855,0E-8855,unknown_transfer_or_unpriced_swap
0xf055acd3193f0bc2a46c06e2b3398c6c9b3c0f97,0x0248ff982ed4990ede4bd5e47bb4a6e93d91e5ddce802982b0a4aa9e190d16c1,50971025,501,0x7273a102a1a20dd0eb01c23ce4b57daf6160bf77,29.248759766574531253,0E-9916,0E-9916,0E-9916,unknown_transfer_or_unpriced_swap
0x8400275efc189259686fa57be45955b740c580d1,0x2fdd29760ddd8dd648722c6964a966af3286f4abb9a11289958fbd176c21ba1e,50971074,418,0xb92fe925dc43a0ecde6c8b1a2709c170ec4fff4f,110451.291482042619724908,52212.052360525179511364000000000000000000000000,1120.8944709687470571268665235200000000000000000000000000000000000,0.44700617023761015900000000000000000000000000000000000000000000000,same_tx_swap_flow_allocation
0x211c8e97a504d2d142bc945334d4a88bd3270b4d,0xc2246e20f15640363776fbfa7a70f7013f0018f8c9986ca017559ac136268846,50971632,695,0x7273a102a1a20dd0eb01c23ce4b57daf6160bf77,41.655185712055065042,0E-1410,0E-1410,0E-1410,unknown_transfer_or_unpriced_swap
0x25eded2339466d3b7daf552b24d9b6e09b409b4b,0xc2246e20f15640363776fbfa7a70f7013f0018f8c9986ca017559ac136268846,50971632,697,0x7273a102a1a20dd0eb01c23ce4b57daf6160bf77,8.616637173299063513,0E-1543,0E-1543,0E-1543,unknown_transfer_or_unpriced_swap
0x27251ef93006c0f3ea2031d709d0ba9b3c4f3eef,0xc2246e20f15640363776fbfa7a70f7013f0018f8c9986ca017559ac136268846,50971632,698,0x7273a102a1a20dd0eb01c23ce4b57daf6160bf77,1.202419044394233386,0E-1610,0E-1610,0E-1610,unknown_transfer_or_unpriced_swap
0x2bb2173427bb17b78adaa3d5fad9716328c3d262,0xc2246e20f15640363776fbfa7a70f7013f0018f8c9986ca017559ac136268846,50971632,701,0x7273a102a1a20dd0eb01c23ce4b57daf6160bf77,10.132158314547816486,0E-1810,0E-1810,0E-1810,unknown_transfer_or_unpriced_swap
0x461d5072f3eef08dedc4a7d74fb6d79f99e25e73,0xc2246e20f15640363776fbfa7a70f7013f0018f8c9986ca017559ac136268846,50971632,717,0x7273a102a1a20dd0eb01c23ce4b57daf6160bf77,30.505044440287052022,0E-2883,0E-2883,0E-2883,unknown_transfer_or_unpriced_swap
0x5c3e5b6780dc15b705f606f19b6a9206fea39cdf,0xc2246e20f15640363776fbfa7a70f7013f0018f8c9986ca017559ac136268846,50971632,732,0x7273a102a1a20dd0eb01c23ce4b57daf6160bf77,17.930465953868987105,0E-3890,0E-3890,0E-3890,unknown_transfer_or_unpriced_swap
0x67505fc71782403718939b4bb3f6ab39be613f4f,0xc2246e20f15640363776fbfa7a70f7013f0018f8c9986ca017559ac136268846,50971632,739,0x7273a102a1a20dd0eb01c23ce4b57daf6160bf77,1.520847208496381519,0E-4360,0E-4360,0E-4360,unknown_transfer_or_unpriced_swap
0xd8b7f8ee88f4a19933e21724a3227b04cc31e9fe,0xc2246e20f15640363776fbfa7a70f7013f0018f8c9986ca017559ac136268846,50971632,805,0x7273a102a1a20dd0eb01c23ce4b57daf6160bf77,12.831194641305786208,0E-8783,0E-8783,0E-8783,unknown_transfer_or_unpriced_swap
0xf055acd3193f0bc2a46c06e2b3398c6c9b3c0f97,0xc2246e20f15640363776fbfa7a70f7013f0018f8c9986ca017559ac136268846,50971632,819,0x7273a102a1a20dd0eb01c23ce4b57daf6160bf77,37.714384172764030096,0E-9712,0E-9712,0E-9712,unknown_transfer_or_unpriced_swap
0xcdda172e839ebb781639b9d1b668dbfe0bff3834,0x90b8002e5ea1f62fcd57a029a45700882dfc8bca3293fba183095d611f276990,50972038,278,0xb92fe925dc43a0ecde6c8b1a2709c170ec4fff4f,36429.212275200615873978,0E-130,0E-130,0E-130,unknown_transfer_or_unpriced_swap
0x4e3ae00e8323558fa5cac04b152238924aa31b60,0x6bf3022f96a790b1c028cc5013bab5ca57f6ae6982730b3a8235748f3c2fe6db,50972040,13,0x6f10424b4f5ce3b80a999c6937226c59ddaf9def,10785.726300435679149814,0,0,0,unknown_transfer_or_unpriced_swap
0xac5fdc54868c317f84aed49d8448594991f62c55,0xd8078e3dae34c3be1dcc6e084c02c9866cb418c210ad99be704ce06a2843abd7,50972052,271,0xb92fe925dc43a0ecde6c8b1a2709c170ec4fff4f,44991.310718417042772825,5747.8902523159848002248722444365248708986102718655392941093303712,126.37397702969838214333651858702346363035091819668546267187323500,0.050630208268560048999998874666964351524385601242357992174240303103,same_tx_swap_flow_allocation
0xcdda172e839ebb781639b9d1b668dbfe0bff3834,0xafddf8893899386cae048ddc56b1aeae2ec8c0d4d45cd7930c37ae2f7701c6d2,50972057,734,0xe67dbbc802fc4f6ccbba28173f086e2c83853a64,1000000,0.0,0.0,0.0,unknown_transfer_or_unpriced_swap
0xcdda172e839ebb781639b9d1b668dbfe0bff3834,0xae8914d72152f449f97f5f9b22c845be37d9144e6743edbc1851b80980786f42,50972068,84,0xe67dbbc802fc4f6ccbba28173f086e2c83853a64,2000000,0.0,0.0,0.0,unknown_transfer_or_unpriced_swap
0xcdda172e839ebb781639b9d1b668dbfe0bff3834,0xdcfc94c8493375de924e8aa1ec9094fd8887811827f92a3fd4331f986c8fbd37,50972129,520,0xe67dbbc802fc4f6ccbba28173f086e2c83853a64,2000000,0,0,0,unknown_transfer_or_unpriced_swap
0x211c8e97a504d2d142bc945334d4a88bd3270b4d,0xd5a62f2a74489b6fe4e1d56c02f22cfc7efe65d18055e3caedd98672a2a4585e,50972279,551,0x669eca0d4b4c864148c4121b31dfef5e7179ed54,64.458634776096703792,0E-1008,0E-1008,0E-1008,unknown_transfer_or_unpriced_swap
0x25eded2339466d3b7daf552b24d9b6e09b409b4b,0xd5a62f2a74489b6fe4e1d56c02f22cfc7efe65d18055e3caedd98672a2a4585e,50972279,553,0x669eca0d4b4c864148c4121b31dfef5e7179ed54,51.168626422084951909,0E-1141,0E-1141,0E-1141,unknown_transfer_or_unpriced_swap
0x461d5072f3eef08dedc4a7d74fb6d79f99e25e73,0xd5a62f2a74489b6fe4e1d56c02f22cfc7efe65d18055e3caedd98672a2a4585e,50972279,563,0x669eca0d4b4c864148c4121b31dfef5e7179ed54,25.628306874000207843,0E-1809,0E-1809,0E-1809,unknown_transfer_or_unpriced_swap
0xfc90fd5e560471fab35e3703bf5ea4c54acee766,0xd5a62f2a74489b6fe4e1d56c02f22cfc7efe65d18055e3caedd98672a2a4585e,50972279,624,0x669eca0d4b4c864148c4121b31dfef5e7179ed54,26.889279551996678499,0E-5862,0E-5862,0E-5862,unknown_transfer_or_unpriced_swap
0xfc90fd5e560471fab35e3703bf5ea4c54acee766,0xf6506c107f30da42f550c1f7ea910dedbc4afd64cb2e905fd13ac94fbafa4bb9,50972698,210,0xb92fe925dc43a0ecde6c8b1a2709c170ec4fff4f,9140.828548946978495182,0E-131,0E-131,0E-131,unknown_transfer_or_unpriced_swap
0x0ca6cadb6a8ca4199788b9a060c3285fe7b897fd,0x19ab55285b4dd88dd5011fdd86e65875c85ab2167f4e3a735da00f6549122018,50973317,216,0xf01a4dabfd54d1a6a1812a95f7151e8da851de2e,7.617502028577184536,0E-606,0E-606,0E-606,unknown_transfer_or_unpriced_swap
0x211c8e97a504d2d142bc945334d4a88bd3270b4d,0x19ab55285b4dd88dd5011fdd86e65875c85ab2167f4e3a735da00f6549122018,50973317,236,0xf01a4dabfd54d1a6a1812a95f7151e8da851de2e,22.595719095621406109,0E-1958,0E-1958,0E-1958,unknown_transfer_or_unpriced_swap
0x25eded2339466d3b7daf552b24d9b6e09b409b4b,0x19ab55285b4dd88dd5011fdd86e65875c85ab2167f4e3a735da00f6549122018,50973317,244,0xf01a4dabfd54d1a6a1812a95f7151e8da851de2e,2.643651094521971588,0E-2496,0E-2496,0E-2496,unknown_transfer_or_unpriced_swap
0x3fa87fac3430294f5461f9599ed2c9bd7b7eda6d,0x19ab55285b4dd88dd5011fdd86e65875c85ab2167f4e3a735da00f6549122018,50973317,266,0xf01a4dabfd54d1a6a1812a95f7151e8da851de2e,18.240417279970091003,0E-3986,0E-3986,0E-3986,unknown_transfer_or_unpriced_swap
0x4552df0be3b02bfb80c3444b3f1465ee0bdb224c,0x19ab55285b4dd88dd5011fdd86e65875c85ab2167f4e3a735da00f6549122018,50973317,273,0xf01a4dabfd54d1a6a1812a95f7151e8da851de2e,9.281820129757019068,0E-4453,0E-4453,0E-4453,unknown_transfer_or_unpriced_swap
0x461d5072f3eef08dedc4a7d74fb6d79f99e25e73,0x19ab55285b4dd88dd5011fdd86e65875c85ab2167f4e3a735da00f6549122018,50973317,274,0xf01a4dabfd54d1a6a1812a95f7151e8da851de2e,7.824481419713356803,0E-4519,0E-4519,0E-4519,unknown_transfer_or_unpriced_swap
0x68ccd83694d6b664a62982310fcefc9f792f39d6,0x19ab55285b4dd88dd5011fdd86e65875c85ab2167f4e3a735da00f6549122018,50973317,301,0xf01a4dabfd54d1a6a1812a95f7151e8da851de2e,7.137567706878743399,0E-6342,0E-6342,0E-6342,unknown_transfer_or_unpriced_swap
0x8da2e73785a202263be1b04d3dcc8137181c89c3,0x19ab55285b4dd88dd5011fdd86e65875c85ab2167f4e3a735da00f6549122018,50973317,340,0xf01a4dabfd54d1a6a1812a95f7151e8da851de2e,36.74897201227485968,0E-8966,0E-8966,0E-8966,unknown_transfer_or_unpriced_swap
0x211c8e97a504d2d142bc945334d4a88bd3270b4d,0xf01381e173af9502135cf6b3414d84fc087c911370b445696e28144ce5162f14,50973975,279,0x7273a102a1a20dd0eb01c23ce4b57daf6160bf77,31.771476109161194795,0E-1278,0E-1278,0E-1278,unknown_transfer_or_unpriced_swap
0x25eded2339466d3b7daf552b24d9b6e09b409b4b,0xf01381e173af9502135cf6b3414d84fc087c911370b445696e28144ce5162f14,50973975,283,0x7273a102a1a20dd0eb01c23ce4b57daf6160bf77,6.572129673966475571,0E-1546,0E-1546,0E-1546,unknown_transfer_or_unpriced_swap
0x27251ef93006c0f3ea2031d709d0ba9b3c4f3eef,0xf01381e173af9502135cf6b3414d84fc087c911370b445696e28144ce5162f14,50973975,284,0x7273a102a1a20dd0eb01c23ce4b57daf6160bf77,0.917115775362296123,0E-1613,0E-1613,0E-1613,unknown_transfer_or_unpriced_swap
0x2bb2173427bb17b78adaa3d5fad9716328c3d262,0xf01381e173af9502135cf6b3414d84fc087c911370b445696e28144ce5162f14,50973975,286,0x7273a102a1a20dd0eb01c23ce4b57daf6160bf77,7.72805643096035188,0E-1747,0E-1747,0E-1747,unknown_transfer_or_unpriced_swap
0x461d5072f3eef08dedc4a7d74fb6d79f99e25e73,0xf01381e173af9502135cf6b3414d84fc087c911370b445696e28144ce5162f14,50973975,303,0x7273a102a1a20dd0eb01c23ce4b57daf6160bf77,23.266978026291590182,0E-2889,0E-2889,0E-2889,unknown_transfer_or_unpriced_swap
0x5c3e5b6780dc15b705f606f19b6a9206fea39cdf,0xf01381e173af9502135cf6b3414d84fc087c911370b445696e28144ce5162f14,50973975,319,0x7273a102a1a20dd0eb01c23ce4b57daf6160bf77,13.265744471262145969,0E-3961,0E-3961,0E-3961,unknown_transfer_or_unpriced_swap
0x67505fc71782403718939b4bb3f6ab39be613f4f,0xf01381e173af9502135cf6b3414d84fc087c911370b445696e28144ce5162f14,50973975,327,0x7273a102a1a20dd0eb01c23ce4b57daf6160bf77,1.15998908477902995,0E-4499,0E-4499,0E-4499,unknown_transfer_or_unpriced_swap
0xd8b7f8ee88f4a19933e21724a3227b04cc31e9fe,0xf01381e173af9502135cf6b3414d84fc087c911370b445696e28144ce5162f14,50973975,391,0x7273a102a1a20dd0eb01c23ce4b57daf6160bf77,9.786680506390465157,0E-8789,0E-8789,0E-8789,unknown_transfer_or_unpriced_swap
0xf055acd3193f0bc2a46c06e2b3398c6c9b3c0f97,0xf01381e173af9502135cf6b3414d84fc087c911370b445696e28144ce5162f14,50973975,407,0x7273a102a1a20dd0eb01c23ce4b57daf6160bf77,28.765725929051056327,0E-9851,0E-9851,0E-9851,unknown_transfer_or_unpriced_swap
0x211c8e97a504d2d142bc945334d4a88bd3270b4d,0x66928365ff7b84d61a51149ed3f17338161626f5a5936dbe25a85510edc38eb0,50975356,671,0x7273a102a1a20dd0eb01c23ce4b57daf6160bf77,32.879522610061749812,0E-1277,0E-1277,0E-1277,unknown_transfer_or_unpriced_swap
0x25eded2339466d3b7daf552b24d9b6e09b409b4b,0x66928365ff7b84d61a51149ed3f17338161626f5a5936dbe25a85510edc38eb0,50975356,675,0x7273a102a1a20dd0eb01c23ce4b57daf6160bf77,6.801336062227531353,0E-1546,0E-1546,0E-1546,unknown_transfer_or_unpriced_swap
0x27251ef93006c0f3ea2031d709d0ba9b3c4f3eef,0x66928365ff7b84d61a51149ed3f17338161626f5a5936dbe25a85510edc38eb0,50975356,676,0x7273a102a1a20dd0eb01c23ce4b57daf6160bf77,0.949100657724053055,0E-1613,0E-1613,0E-1613,unknown_transfer_or_unpriced_swap
0x2bb2173427bb17b78adaa3d5fad9716328c3d262,0x66928365ff7b84d61a51149ed3f17338161626f5a5936dbe25a85510edc38eb0,50975356,679,0x7273a102a1a20dd0eb01c23ce4b57daf6160bf77,7.997576356873347939,0E-1814,0E-1814,0E-1814,unknown_transfer_or_unpriced_swap
0x461d5072f3eef08dedc4a7d74fb6d79f99e25e73,0x66928365ff7b84d61a51149ed3f17338161626f5a5936dbe25a85510edc38eb0,50975356,697,0x7273a102a1a20dd0eb01c23ce4b57daf6160bf77,24.078425801018325877,0E-3023,0E-3023,0E-3023,unknown_transfer_or_unpriced_swap
0x5c3e5b6780dc15b705f606f19b6a9206fea39cdf,0x66928365ff7b84d61a51149ed3f17338161626f5a5936dbe25a85510edc38eb0,50975356,713,0x7273a102a1a20dd0eb01c23ce4b57daf6160bf77,13.728394103678326997,0E-4096,0E-4096,0E-4096,unknown_transfer_or_unpriced_swap
0x67505fc71782403718939b4bb3f6ab39be613f4f,0x66928365ff7b84d61a51149ed3f17338161626f5a5936dbe25a85510edc38eb0,50975356,723,0x7273a102a1a20dd0eb01c23ce4b57daf6160bf77,1.200444298192977164,0E-4769,0E-4769,0E-4769,unknown_transfer_or_unpriced_swap
0xd8b7f8ee88f4a19933e21724a3227b04cc31e9fe,0x66928365ff7b84d61a51149ed3f17338161626f5a5936dbe25a85510edc38eb0,50975356,787,0x7273a102a1a20dd0eb01c23ce4b57daf6160bf77,10.127996001247525608,0E-9058,0E-9058,0E-9058,unknown_transfer_or_unpriced_swap
0xfc90fd5e560471fab35e3703bf5ea4c54acee766,0x37ebc4a49972a232cb4a17e76f6194d9cf7840343310219ee347e40f8140de21,50976754,512,0xb92fe925dc43a0ecde6c8b1a2709c170ec4fff4f,75496.611007138860222676,0E-65,0E-65,0E-65,unknown_transfer_or_unpriced_swap
0x211c8e97a504d2d142bc945334d4a88bd3270b4d,0x189f07c18b0d1657bde94a1a331a27edd77108f124c28a70ee0de821faf56ad6,50977017,606,0x7273a102a1a20dd0eb01c23ce4b57daf6160bf77,37.253670604572636567,0E-1414,0E-1414,0E-1414,unknown_transfer_or_unpriced_swap
0x25eded2339466d3b7daf552b24d9b6e09b409b4b,0x189f07c18b0d1657bde94a1a331a27edd77108f124c28a70ee0de821faf56ad6,50977017,610,0x7273a102a1a20dd0eb01c23ce4b57daf6160bf77,7.706156088035419915,0E-1683,0E-1683,0E-1683,unknown_transfer_or_unpriced_swap
0x27251ef93006c0f3ea2031d709d0ba9b3c4f3eef,0x189f07c18b0d1657bde94a1a331a27edd77108f124c28a70ee0de821faf56ad6,50977017,611,0x7273a102a1a20dd0eb01c23ce4b57daf6160bf77,1.07536486136860936,0E-1750,0E-1750,0E-1750,unknown_transfer_or_unpriced_swap
0x2bb2173427bb17b78adaa3d5fad9716328c3d262,0x189f07c18b0d1657bde94a1a331a27edd77108f124c28a70ee0de821faf56ad6,50977017,614,0x7273a102a1a20dd0eb01c23ce4b57daf6160bf77,9.061538963546350949,0E-1951,0E-1951,0E-1951,unknown_transfer_or_unpriced_swap
0x461d5072f3eef08dedc4a7d74fb6d79f99e25e73,0x189f07c18b0d1657bde94a1a331a27edd77108f124c28a70ee0de821faf56ad6,50977017,636,0x7273a102a1a20dd0eb01c23ce4b57daf6160bf77,27.281714339528699937,0E-3430,0E-3430,0E-3430,unknown_transfer_or_unpriced_swap
0x5c3e5b6780dc15b705f606f19b6a9206fea39cdf,0x189f07c18b0d1657bde94a1a331a27edd77108f124c28a70ee0de821faf56ad6,50977017,652,0x7273a102a1a20dd0eb01c23ce4b57daf6160bf77,15.554759657966612298,0E-4503,0E-4503,0E-4503,unknown_transfer_or_unpriced_swap
0x67505fc71782403718939b4bb3f6ab39be613f4f,0x189f07c18b0d1657bde94a1a331a27edd77108f124c28a70ee0de821faf56ad6,50977017,659,0x7273a102a1a20dd0eb01c23ce4b57daf6160bf77,1.360146161317229454,0E-4975,0E-4975,0E-4975,unknown_transfer_or_unpriced_swap
0xd8b7f8ee88f4a19933e21724a3227b04cc31e9fe,0x189f07c18b0d1657bde94a1a331a27edd77108f124c28a70ee0de821faf56ad6,50977017,729,0x7273a102a1a20dd0eb01c23ce4b57daf6160bf77,11.475380326825114762,0E-9673,0E-9673,0E-9673,unknown_transfer_or_unpriced_swap
0xac5fdc54868c317f84aed49d8448594991f62c55,0xf775d2856d0ad834f22958d31843d0e412e77b7f06108b9550e1f44aa59fec33,50977760,360,0xb92fe925dc43a0ecde6c8b1a2709c170ec4fff4f,48115.426519697426668603,0E-65,0E-65,0E-65,unknown_transfer_or_unpriced_swap
0xac5fdc54868c317f84aed49d8448594991f62c55,0xd74f283444a997885a449a9e51af70f5d25d0bba4f582f00748c93604cb8311d,50977774,712,0xb92fe925dc43a0ecde6c8b1a2709c170ec4fff4f,55610.040171951611458566,0E-65,0E-65,0E-65,unknown_transfer_or_unpriced_swap
0x4e3ae00e8323558fa5cac04b152238924aa31b60,0x239462a60d57d6d6aa0440cc94ba5972dbf277e97b298cb86bd3a73e451eedf0,50978114,1,0x5f1c5951c5b1cc112ba9e89b9467edca33063453,104216.459875772431051576,0,0,0,unknown_transfer_or_unpriced_swap
0x4e3ae00e8323558fa5cac04b152238924aa31b60,0x7a9388bd5d71b5a340fe4be6721734fb41fcf518f8365fb676457501eac17d75,50978114,2,0x6f10424b4f5ce3b80a999c6937226c59ddaf9def,10000,0,0,0,unknown_transfer_or_unpriced_swap
0x4e3ae00e8323558fa5cac04b152238924aa31b60,0x90f29e8a53a557c37ccb7c3b109193247fddf4e8a713fa1d76b92a68332b9d42,50978114,333,0xaa5e5c97be235c3b7035bb1492fef2b4167edf05,2502.092047818244016417,0,0,0,unknown_transfer_or_unpriced_swap
0x4e3ae00e8323558fa5cac04b152238924aa31b60,0x42cc0ffc4966317ee2deb974a395e12cc85b0bd5a64ff441ec355d342a43dad1,50978153,117,0x23e829647939359507c491bef51419698fe3a981,10027.760131439501259314,0,0,0,unknown_transfer_or_unpriced_swap
0x4e3ae00e8323558fa5cac04b152238924aa31b60,0x21db358d5ca92d23d16b0a9f2c6a51ac0b0caccdffbb78f33440535fb1ae7fd4,50978291,5,0xbd46cf0958e4880633d320eed38785ee432269da,35889.694769212616869889,0,0,0,unknown_transfer_or_unpriced_swap
0x4e3ae00e8323558fa5cac04b152238924aa31b60,0xc4e2ebf75cbd23b494c30a7673659cdf84080b53a00a344854a2c992b844bcc7,50978291,180,0x6f10424b4f5ce3b80a999c6937226c59ddaf9def,20000,0,0,0,unknown_transfer_or_unpriced_swap
0x4e3ae00e8323558fa5cac04b152238924aa31b60,0x2f03fe6e5fe77a5cb35b51eb30f6b5b92d2e0b428964ba30e31c31fd6a9d50b9,50978291,260,0xaa5e5c97be235c3b7035bb1492fef2b4167edf05,5022.152184226964573747,0,0,0,unknown_transfer_or_unpriced_swap
0x4e3ae00e8323558fa5cac04b152238924aa31b60,0x496479fdf4a9028c9fd3f3dbe07101f397d39792bc4db4ac4476fa70f63b43c5,50978291,443,0x23e829647939359507c491bef51419698fe3a981,5019.997454524406682269,0,0,0,unknown_transfer_or_unpriced_swap
0xab55e535ccd715a3ceed631966d234a9601e94f3,0x918f5fcfa5250115c076ab39decbf0e6ea12ff2d70e28d6c38fc5c997653fc9f,50978540,657,0x88649f4743a758171077b98ee2003f1989b1615a,312391.043115110629206426,90419.297667961016077298000000000000000000000000,1744.3744495298743661277368568200000000000000000000000000000000000,0.69722695374459132100000000000000000000000000000000000000000000000,same_tx_swap_flow_allocation
0xac5fdc54868c317f84aed49d8448594991f62c55,0xd706811e2d1cbe5c845aee6cb0cdbdaa9aa2bca0c1363e096d9ec61f7ea206b9,50978545,403,0xb92fe925dc43a0ecde6c8b1a2709c170ec4fff4f,59525.53160367536317333,58035.034947251912458354000000000000000000000000,1122.8526200300683215830377693400000000000000000000000000000000000,0.44880450523607022700000000000000000000000000000000000000000000000,same_tx_swap_flow_allocation
0x9a44d4974cad27175458ee071c189c2619f417c0,0x1f5b152832e5d49db6d56694101cc63c7cdbbee45be66ac740c0c2788ccda5e8,50978599,361,0xbc6d645cd3cf98fecc6f48b1b3fe16f7e8927d4a,396129.690538006322333181,396129.690538006322333181,7435.9968867756,2.97,same_tx_swap_flow_allocation
0x4e3ae00e8323558fa5cac04b152238924aa31b60,0xfc243cb05843c382c281b05bc545b759ffe91f8437788733675c1978ecf8c5b8,50978613,503,0x6f10424b4f5ce3b80a999c6937226c59ddaf9def,10000,0,0,0,unknown_transfer_or_unpriced_swap
0x4e3ae00e8323558fa5cac04b152238924aa31b60,0x09a72fbd35199211b643c8e66f4a3a7c41b94076ef488c5b40d8974124015454,50978637,1,0xaa5e5c97be235c3b7035bb1492fef2b4167edf05,2682.321163676822871052,0,0,0,unknown_transfer_or_unpriced_swap
0xf354bed1675ec3f8ba6fbc27e892ebad86194636,0xa76978ede0b6c584f241c6b5fc82ce90c9e5b2aaf7ddf6570ff0b94960275d1c,50978639,402,0x9b824dd3ec24280e40ef43015ccf3073bf4cc7a9,134369.846775660580740767,0E-195,0E-195,0E-195,unknown_transfer_or_unpriced_swap
0xf354bed1675ec3f8ba6fbc27e892ebad86194636,0x5c18994b281a4250162645d578ccfc90ad233be11956356d27ed7f7425db5bed,50978650,607,0x9b824dd3ec24280e40ef43015ccf3073bf4cc7a9,133888.790747753934529444,48832.223013342435986314240359489022320961104476567716799606972615,910.45186108850012065897848809302317967259505458510616415038214929,0.36364216776930001703006321248582645197514413213618490999483858138,same_tx_swap_flow_allocation
0xf0f349d0ed0673a77e0afcdffe00e8c023645a4e,0x515c0d8b3d009f8b0d5f3788173159de2b87d3a08f29bc63c67c28b9cf981e96,50978708,638,0x7692acc1cdd771d09ebcae3663e1843b2911bec7,138638.346422768669827795,138638.346422768669827795,2503.70265548,1,same_tx_swap_flow_allocation
0x4e3ae00e8323558fa5cac04b152238924aa31b60,0x6f2ab43c1d70d9dc11241a0f13c308f96fa5c9461b6f4a8a9f9ade535ebdeb2d,50978790,549,0x6f10424b4f5ce3b80a999c6937226c59ddaf9def,10000,0,0,0,unknown_transfer_or_unpriced_swap
0xf354bed1675ec3f8ba6fbc27e892ebad86194636,0x43cbc5fdcb6718378c0384a089d7191d69e304d10be0a6986d0ee4f5128048fb,50978797,48,0x7692acc1cdd771d09ebcae3663e1843b2911bec7,53814.346101060620676867,53814.346101060620676867,998.79130648896099233095225269,0.399721841841369753,same_tx_swap_flow_allocation
0xf354bed1675ec3f8ba6fbc27e892ebad86194636,0x64db34837fd367beb9a0f70a89b962a265a48cef108ccbc21185ff1eeb6f2efe,50978825,336,0x7692acc1cdd771d09ebcae3663e1843b2911bec7,132737.788735661551111819,132737.788735661551111819,2497.63674860262291623604125845,0.999568132918230265,same_tx_swap_flow_allocation
0xf354bed1675ec3f8ba6fbc27e892ebad86194636,0x4a16e958a635285069c5e014fb69bd260fb3eca24e46e85c83df8a54c7978fea,50978858,555,0xbeef02961503351625926ea9a11ae13b29f5c555,293076.245676926516489015,248979.06558070617778456009294996283968819514386035668041062179871,4828.7985548995094859734796314438447303563572869789192584331479182,1.9325120670408133600244057035767255518074880600277475785442625747,same_tx_swap_flow_allocation
0x4e3ae00e8323558fa5cac04b152238924aa31b60,0xa51af9e6cbeff496823845021e900a33ba39251f23ef30d5ae0629a45d12bb76,50978865,348,0xbd46cf0958e4880633d320eed38785ee432269da,2766.422890669594462597,0,0,0,unknown_transfer_or_unpriced_swap
0xab55e535ccd715a3ceed631966d234a9601e94f3,0x750cc65ef6c4d67569b5041d401fb0e4bbcd8ab3c66fd70366ecf535fd82cbe7,50979022,229,0x88649f4743a758171077b98ee2003f1989b1615a,299730.598935408400889625,218900.06725653080177610200000000000000000000000,4389.6305200909678177520715812000000000000000000000000000000000000,1.7567545743483544400000000000000000000000000000000000000000000000,same_tx_swap_flow_allocation
0x0ca6cadb6a8ca4199788b9a060c3285fe7b897fd,0xd6803b50534b3753a13a6488eefff8e9de501c1b9912fffe74fec1a2608018de,50979202,812,0xf01a4dabfd54d1a6a1812a95f7151e8da851de2e,16.186268973881537801,0E-673,0E-673,0E-673,unknown_transfer_or_unpriced_swap
0x211c8e97a504d2d142bc945334d4a88bd3270b4d,0xd6803b50534b3753a13a6488eefff8e9de501c1b9912fffe74fec1a2608018de,50979202,834,0xf01a4dabfd54d1a6a1812a95f7151e8da851de2e,48.013165676611344595,0E-2163,0E-2163,0E-2163,unknown_transfer_or_unpriced_swap
0x25eded2339466d3b7daf552b24d9b6e09b409b4b,0xd6803b50534b3753a13a6488eefff8e9de501c1b9912fffe74fec1a2608018de,50979202,842,0xf01a4dabfd54d1a6a1812a95f7151e8da851de2e,5.617438305693701986,0E-2701,0E-2701,0E-2701,unknown_transfer_or_unpriced_swap
0x3fa87fac3430294f5461f9599ed2c9bd7b7eda6d,0xd6803b50534b3753a13a6488eefff8e9de501c1b9912fffe74fec1a2608018de,50979202,863,0xf01a4dabfd54d1a6a1812a95f7151e8da851de2e,38.758676949716415189,0E-4122,0E-4122,0E-4122,unknown_transfer_or_unpriced_swap
0x4552df0be3b02bfb80c3444b3f1465ee0bdb224c,0xd6803b50534b3753a13a6488eefff8e9de501c1b9912fffe74fec1a2608018de,50979202,869,0xf01a4dabfd54d1a6a1812a95f7151e8da851de2e,19.72274331189078413,0E-4523,0E-4523,0E-4523,unknown_transfer_or_unpriced_swap
0x461d5072f3eef08dedc4a7d74fb6d79f99e25e73,0xd6803b50534b3753a13a6488eefff8e9de501c1b9912fffe74fec1a2608018de,50979202,870,0xf01a4dabfd54d1a6a1812a95f7151e8da851de2e,16.626075105131899871,0E-4589,0E-4589,0E-4589,unknown_transfer_or_unpriced_swap
0x68ccd83694d6b664a62982310fcefc9f792f39d6,0xd6803b50534b3753a13a6488eefff8e9de501c1b9912fffe74fec1a2608018de,50979202,896,0xf01a4dabfd54d1a6a1812a95f7151e8da851de2e,15.166466682833201952,0E-6344,0E-6344,0E-6344,unknown_transfer_or_unpriced_swap
0x8da2e73785a202263be1b04d3dcc8137181c89c3,0xd6803b50534b3753a13a6488eefff8e9de501c1b9912fffe74fec1a2608018de,50979202,934,0xf01a4dabfd54d1a6a1812a95f7151e8da851de2e,78.087113501619781908,0E-8903,0E-8903,0E-8903,unknown_transfer_or_unpriced_swap
0xcdb95f2acdb4917372259648a7342a524ea6fc73,0xcb92245ecd8034801fe4b16b76b79bdce1c8d137ef6b90002c6dfa41b28ec9d8,50979203,440,0xf01a4dabfd54d1a6a1812a95f7151e8da851de2e,31.819819387048561782,0E-2876,0E-2876,0E-2876,unknown_transfer_or_unpriced_swap
0xd8b7f8ee88f4a19933e21724a3227b04cc31e9fe,0xcb92245ecd8034801fe4b16b76b79bdce1c8d137ef6b90002c6dfa41b28ec9d8,50979203,449,0xf01a4dabfd54d1a6a1812a95f7151e8da851de2e,17.143790117912961132,0E-3480,0E-3480,0E-3480,unknown_transfer_or_unpriced_swap
0xfc90fd5e560471fab35e3703bf5ea4c54acee766,0xcb92245ecd8034801fe4b16b76b79bdce1c8d137ef6b90002c6dfa41b28ec9d8,50979203,478,0xf01a4dabfd54d1a6a1812a95f7151e8da851de2e,48.80926975568750049,0E-5409,0E-5409,0E-5409,unknown_transfer_or_unpriced_swap
0x4e3ae00e8323558fa5cac04b152238924aa31b60,0xc9a12bb3e29b02c426dd9fb49c8a2722ac99d39cf01a73e387019e68dff6e445,50979280,702,0x6f10424b4f5ce3b80a999c6937226c59ddaf9def,20000,0,0,0,unknown_transfer_or_unpriced_swap
0x4e3ae00e8323558fa5cac04b152238924aa31b60,0x5e561f5984cb3e1ee47ab6cdd8e7f10f29214b723e0f868130655cb0800b746b,50979280,764,0x5f1c5951c5b1cc112ba9e89b9467edca33063453,4552.907263939879281547,0,0,0,unknown_transfer_or_unpriced_swap
0x4e3ae00e8323558fa5cac04b152238924aa31b60,0xeba048dbf82838837d6b14a73ad67d79160ba2633ac4e3a761d7660ed1eb0ee9,50979436,674,0x6f10424b4f5ce3b80a999c6937226c59ddaf9def,10000,0,0,0,unknown_transfer_or_unpriced_swap
0x4e3ae00e8323558fa5cac04b152238924aa31b60,0xc8925b0306b8a45afcf45b79417ab5d5cf413c480c9329c546712c883881902c,50979437,47,0xaa5e5c97be235c3b7035bb1492fef2b4167edf05,3902.774428208923951872,0,0,0,unknown_transfer_or_unpriced_swap
0x4e3ae00e8323558fa5cac04b152238924aa31b60,0x9f93de528dce77dbfeed222ab88c66340f5c8de3c13775b93391df1cae2427d2,50983045,6,0xaa5e5c97be235c3b7035bb1492fef2b4167edf05,4839.562185236137616242,0,0,0,unknown_transfer_or_unpriced_swap
0x4e3ae00e8323558fa5cac04b152238924aa31b60,0xffbd5c6364c004caf238f580f186824db1fe1f99a6ae529ac8c0bc7ec3f9fc50,50983197,349,0x6f10424b4f5ce3b80a999c6937226c59ddaf9def,20000,0,0,0,unknown_transfer_or_unpriced_swap
0x4e3ae00e8323558fa5cac04b152238924aa31b60,0x0e630e5fba0e97f42c65cfdbf6b3966d09f03e37f6ff4f58f9c69d83a2e456ef,50983197,472,0xbd46cf0958e4880633d320eed38785ee432269da,3884.755031952936336098,0,0,0,unknown_transfer_or_unpriced_swap
0x4e3ae00e8323558fa5cac04b152238924aa31b60,0x9d85d2efa7c0f4a00d55a71396b17f21db8f9ba9c32d92927132dc9154fa0780,50983198,28,0x5f1c5951c5b1cc112ba9e89b9467edca33063453,3169.096558981656871855,0,0,0,unknown_transfer_or_unpriced_swap
0x0ca88bea21995343aecd5112962b463c177ad33f,0xe9ed2ac46b5b5ef5c138138313093526fd6a8e71af08746eba379d938edb2b3b,50983237,120,0xf5c26314f39e749fb14540e8a76253be3c262e07,1600000,0E-65,0E-65,0E-65,unknown_transfer_or_unpriced_swap
0x3fa87fac3430294f5461f9599ed2c9bd7b7eda6d,0xf88978c560f2a159073e9b69b5d6ae4042acaf5324c10d8b7faa94e77eebf491,50983332,143,0x1c11e6c34ab842cd60bbdf0244ea963fc93eee3a,17895.748011617490521708,0E-66,0E-66,0E-66,unknown_transfer_or_unpriced_swap
0x3fa87fac3430294f5461f9599ed2c9bd7b7eda6d,0xab7100c570c6809c68d25c2653f9e66fb06eb2b2908c5fa677ea0b26464f7f7d,50983339,625,0x1c11e6c34ab842cd60bbdf0244ea963fc93eee3a,276071.309772579549470513,41951.227306943210345646848042060793997198255014614620639279499405,735.48222031697576367208983181766744379516872405489510371729237716,0.29457198058058659799999893298589837804071088668815306004011290826,same_tx_swap_flow_allocation
0x3fa87fac3430294f5461f9599ed2c9bd7b7eda6d,0x47e2174242326cadf666e2ad5c54e623ac16600cab0b98469325c1f76c0c86ec,50983399,195,0x1c11e6c34ab842cd60bbdf0244ea963fc93eee3a,34531.88850843184766369,0E-65,0E-65,0E-65,unknown_transfer_or_unpriced_swap
0x4e3ae00e8323558fa5cac04b152238924aa31b60,0x17fb380d8e20e7e1b7ac6e6a05c47abbefa617bf6f341353519cf76e9459c5e8,50983405,355,0x6f10424b4f5ce3b80a999c6937226c59ddaf9def,10000,0,0,0,unknown_transfer_or_unpriced_swap
0x4e3ae00e8323558fa5cac04b152238924aa31b60,0xaed665cd107faf3583917c8c09499157239945aaf865616d3564b7387eb02947,50983405,413,0xaa5e5c97be235c3b7035bb1492fef2b4167edf05,2855.315695811231126235,0,0,0,unknown_transfer_or_unpriced_swap
0x3fa87fac3430294f5461f9599ed2c9bd7b7eda6d,0xdc4079930a8c8e53f4ebba5b90634ada8a5b0cf2cc9bd8880213c7a49d420efa,50983445,395,0x1c11e6c34ab842cd60bbdf0244ea963fc93eee3a,120840.552285196636814313,0E-130,0E-130,0E-130,unknown_transfer_or_unpriced_swap
0x3fa87fac3430294f5461f9599ed2c9bd7b7eda6d,0xe8f79f7eeddecdff36f83b1be8be89edcf0c25cee34ecd32267c57be250a1894,50983468,344,0x1c11e6c34ab842cd60bbdf0244ea963fc93eee3a,60379.082194042746586998,58492.971313157271115066000000000000000000000000,1022.5935310512273707510801828400000000000000000000000000000000000,0.40956449177090047100000000000000000000000000000000000000000000000,same_tx_swap_flow_allocation
0xf0f349d0ed0673a77e0afcdffe00e8c023645a4e,0x855c004a09331a4f9161d5e98bfd90006ca7c298fdfc63a674b703374ac7c416,50983501,353,0x7692acc1cdd771d09ebcae3663e1843b2911bec7,142147.083997524545746681,142147.083997524545746681,2496.78268404,1,same_tx_swap_flow_allocation
0x25eded2339466d3b7daf552b24d9b6e09b409b4b,0x27b2fad3a8febf5a609be4cdf0c8d39178457a9c0920b1539020202700abe2be,50983552,488,0x7692acc1cdd771d09ebcae3663e1843b2911bec7,140398.493071822676552178,140398.493071822676552178,2496.78268404,1,same_tx_swap_flow_allocation
0x3fa87fac3430294f5461f9599ed2c9bd7b7eda6d,0xc35a5a15b06491346678f8e3cf84c44fed4dd4299e708199301f3df1647e1658,50983626,292,0x1c11e6c34ab842cd60bbdf0244ea963fc93eee3a,471.197465567408366705,0E-67,0E-67,0E-67,unknown_transfer_or_unpriced_swap
0x3fa87fac3430294f5461f9599ed2c9bd7b7eda6d,0x80fdf7a0ea091b67e1936b3b8432dbd270f30501ec082906de4d7cbda434d5e4,50983638,125,0x1c11e6c34ab842cd60bbdf0244ea963fc93eee3a,59866.774002682987030466,0E-65,0E-65,0E-65,unknown_transfer_or_unpriced_swap
0x4e3ae00e8323558fa5cac04b152238924aa31b60,0x76d5c1376eecddc77d3250d425a9350c04602ebee2e4c83727ce524785cab9e3,50983760,1,0x5f1c5951c5b1cc112ba9e89b9467edca33063453,5659.20921784262553967,0,0,0,unknown_transfer_or_unpriced_swap
0x4e3ae00e8323558fa5cac04b152238924aa31b60,0x9abaf777471b2c36bb5810a23eb5be90d0c806099ea0656ddfeeccdf502dbd0c,50983793,1,0x6f10424b4f5ce3b80a999c6937226c59ddaf9def,10000,0,0,0,unknown_transfer_or_unpriced_swap
0x67df1d22c03ce81dcd7c50a65d476b17f4934fd4,0x17fa11b626bd27416934c19cf6f4a8900e6851ed5cf4327fdc13524bb3c916c9,50983871,409,0x7692acc1cdd771d09ebcae3663e1843b2911bec7,242904.362439848463232642,242904.362439848463232642,4202.08525723932,1.683,same_tx_swap_flow_allocation
0xf055acd3193f0bc2a46c06e2b3398c6c9b3c0f97,0x6d4ebf9e1009087221dc69dceb955cfb9456028a8c6dd97904b2a400f1938764,50983890,524,0xb92fe925dc43a0ecde6c8b1a2709c170ec4fff4f,113615.942358055891244379,113615.942358055891244379,1989.6468397826255179691153676,0.79688426730163519,same_tx_swap_flow_allocation
0x4e3ae00e8323558fa5cac04b152238924aa31b60,0x7d7737ff4d24973747038b03a266bfedcc529f5200bd653d5cf9d7f1f389b5c3,50983947,1,0x6f10424b4f5ce3b80a999c6937226c59ddaf9def,10000,0,0,0,unknown_transfer_or_unpriced_swap
0x4e3ae00e8323558fa5cac04b152238924aa31b60,0x077426a1b38b512e20e686f1ae524bbed6f7152eebb224f67380a15d149ffad7,50983988,431,0x4478c86a46feac07ecaea80227ff8961f977a20d,10761.184821971927440262,0,0,0,unknown_transfer_or_unpriced_swap
0x211c8e97a504d2d142bc945334d4a88bd3270b4d,0xa811036f519c6e3616c35cabd29d81d5d76cd58be1f1c15a01889da96b967190,50984076,1035,0x7273a102a1a20dd0eb01c23ce4b57daf6160bf77,45.318861625946450412,0E-1141,0E-1141,0E-1141,unknown_transfer_or_unpriced_swap
0x25eded2339466d3b7daf552b24d9b6e09b409b4b,0xa811036f519c6e3616c35cabd29d81d5d76cd58be1f1c15a01889da96b967190,50984076,1039,0x7273a102a1a20dd0eb01c23ce4b57daf6160bf77,9.374491580401633359,0E-1410,0E-1410,0E-1410,unknown_transfer_or_unpriced_swap
0x27251ef93006c0f3ea2031d709d0ba9b3c4f3eef,0xa811036f519c6e3616c35cabd29d81d5d76cd58be1f1c15a01889da96b967190,50984076,1040,0x7273a102a1a20dd0eb01c23ce4b57daf6160bf77,1.308174753222499571,0E-1477,0E-1477,0E-1477,unknown_transfer_or_unpriced_swap
0x2bb2173427bb17b78adaa3d5fad9716328c3d262,0xa811036f519c6e3616c35cabd29d81d5d76cd58be1f1c15a01889da96b967190,50984076,1043,0x7273a102a1a20dd0eb01c23ce4b57daf6160bf77,11.023306529066526956,0E-1679,0E-1679,0E-1679,unknown_transfer_or_unpriced_swap
0x461d5072f3eef08dedc4a7d74fb6d79f99e25e73,0xa811036f519c6e3616c35cabd29d81d5d76cd58be1f1c15a01889da96b967190,50984076,1063,0x7273a102a1a20dd0eb01c23ce4b57daf6160bf77,33.188038037785822201,0E-3022,0E-3022,0E-3022,unknown_transfer_or_unpriced_swap
0x5c3e5b6780dc15b705f606f19b6a9206fea39cdf,0xa811036f519c6e3616c35cabd29d81d5d76cd58be1f1c15a01889da96b967190,50984076,1080,0x7273a102a1a20dd0eb01c23ce4b57daf6160bf77,18.354601558735713598,0E-4161,0E-4161,0E-4161,unknown_transfer_or_unpriced_swap
0x67505fc71782403718939b4bb3f6ab39be613f4f,0xa811036f519c6e3616c35cabd29d81d5d76cd58be1f1c15a01889da96b967190,50984076,1087,0x7273a102a1a20dd0eb01c23ce4b57daf6160bf77,1.654609456611017346,0E-4633,0E-4633,0E-4633,unknown_transfer_or_unpriced_swap
0xd8b7f8ee88f4a19933e21724a3227b04cc31e9fe,0xa811036f519c6e3616c35cabd29d81d5d76cd58be1f1c15a01889da96b967190,50984076,1160,0x7273a102a1a20dd0eb01c23ce4b57daf6160bf77,13.959729731240570944,0E-9536,0E-9536,0E-9536,unknown_transfer_or_unpriced_swap
0xf99d7a743d1b5b2ff28c22b2005cd98def3591de,0x170fac0311c872f8a6f35e83a8bdeeb45e00c1a81bfc17124899bcb3d2020951,50984442,611,0xb92fe925dc43a0ecde6c8b1a2709c170ec4fff4f,128403.975106332723218735,125393.59512895348221618402344460111056774310676386405461491952153,2142.7807621325305300700177908729413939828499887801280033445761003,0.85488456138650648599999334222666643639874179050705682600070529505,same_tx_swap_flow_allocation
0xf5a838dbd68b60d4c25a97616510e0971250181e,0x60030f50a607eafb938615217743ad6378cdee97f62690a01459691282bcbd28,50984462,359,0x0a2854fbbd9b3ef66f17d47284e7f899b9509330,101491.973706256418121729,0E-130,0E-130,0E-130,unknown_transfer_or_unpriced_swap
0xf354bed1675ec3f8ba6fbc27e892ebad86194636,0x58fd202a49269991ea8465ab4a557c340bc9939390a4ef05378ab94dca613daa,50984475,191,0x9b824dd3ec24280e40ef43015ccf3073bf4cc7a9,288163.58999820802089705,288163.56155670983291843956510967635883936089510639240873045623057,4980.7953452917426080635594246404809129899291505068621424829647324,1.9871398508721200685550619110239105107299901854395455113342073688,same_tx_swap_flow_allocation
0xf99d7a743d1b5b2ff28c22b2005cd98def3591de,0xf7c5aac18b3b9b233958b178fbd8c5e8203127d534c18d68bc9e01c33960bcc0,50984486,119,0xb92fe925dc43a0ecde6c8b1a2709c170ec4fff4f,113326.128953510501550441,48208.056745214300748394000000000000000000000000,838.68063702994906520611585824000000000000000000000000000000000000,0.33460031992127764800000000000000000000000000000000000000000000000,same_tx_swap_flow_allocation
0xf99d7a743d1b5b2ff28c22b2005cd98def3591de,0x736cb924e201c42fcc69150a6f7b82208685e27a1f283561a0bb4cccc25bf2f8,50984498,623,0xb92fe925dc43a0ecde6c8b1a2709c170ec4fff4f,101960.185019135250689275,101960.185019135250689275,1776.00236230456441097453373042,0.708554522866409709,same_tx_swap_flow_allocation
0xf354bed1675ec3f8ba6fbc27e892ebad86194636,0x38a1899edd200bf6e3526fe15e7cf44ff65d363542f32daf88efe04db7fb0b4c,50984500,245,0x7692acc1cdd771d09ebcae3663e1843b2911bec7,213171.783825600823249535,213171.783825600823249535,3737.43867776086368060921020286,1.491089840458883947,same_tx_swap_flow_allocation
0x0ca6cadb6a8ca4199788b9a060c3285fe7b897fd,0xe67582fd7cf1693479b411b7a12e8db0efed81fb35350734322d704237289f03,50984837,384,0xf01a4dabfd54d1a6a1812a95f7151e8da851de2e,9.475582262264313042,0E-673,0E-673,0E-673,unknown_transfer_or_unpriced_swap
0x211c8e97a504d2d142bc945334d4a88bd3270b4d,0xe67582fd7cf1693479b411b7a12e8db0efed81fb35350734322d704237289f03,50984837,405,0xf01a4dabfd54d1a6a1812a95f7151e8da851de2e,28.107323668881090618,0E-2094,0E-2094,0E-2094,unknown_transfer_or_unpriced_swap
0x25eded2339466d3b7daf552b24d9b6e09b409b4b,0xe67582fd7cf1693479b411b7a12e8db0efed81fb35350734322d704237289f03,50984837,414,0xf01a4dabfd54d1a6a1812a95f7151e8da851de2e,3.288497111637390053,0E-2700,0E-2700,0E-2700,unknown_transfer_or_unpriced_swap
0x3fa87fac3430294f5461f9599ed2c9bd7b7eda6d,0xe67582fd7cf1693479b411b7a12e8db0efed81fb35350734322d704237289f03,50984837,436,0xf01a4dabfd54d1a6a1812a95f7151e8da851de2e,22.689665691715906191,0E-4186,0E-4186,0E-4186,unknown_transfer_or_unpriced_swap
0x4552df0be3b02bfb80c3444b3f1465ee0bdb224c,0xe67582fd7cf1693479b411b7a12e8db0efed81fb35350734322d704237289f03,50984837,442,0xf01a4dabfd54d1a6a1812a95f7151e8da851de2e,11.545865016261910947,0E-4587,0E-4587,0E-4587,unknown_transfer_or_unpriced_swap
0x461d5072f3eef08dedc4a7d74fb6d79f99e25e73,0xe67582fd7cf1693479b411b7a12e8db0efed81fb35350734322d704237289f03,50984837,443,0xf01a4dabfd54d1a6a1812a95f7151e8da851de2e,9.733048586519497832,0E-4653,0E-4653,0E-4653,unknown_transfer_or_unpriced_swap
0x68ccd83694d6b664a62982310fcefc9f792f39d6,0xe67582fd7cf1693479b411b7a12e8db0efed81fb35350734322d704237289f03,50984837,471,0xf01a4dabfd54d1a6a1812a95f7151e8da851de2e,8.878581154988332984,0E-6545,0E-6545,0E-6545,unknown_transfer_or_unpriced_swap
0x8da2e73785a202263be1b04d3dcc8137181c89c3,0xe67582fd7cf1693479b411b7a12e8db0efed81fb35350734322d704237289f03,50984837,509,0xf01a4dabfd54d1a6a1812a95f7151e8da851de2e,45.712873596831889874,0E-9103,0E-9103,0E-9103,unknown_transfer_or_unpriced_swap
0x4e3ae00e8323558fa5cac04b152238924aa31b60,0xac9cd0e9481a50ef4fc372202aed872b4f4b3cf999d25369db580f618e4dcc8a,50984943,224,0x6f10424b4f5ce3b80a999c6937226c59ddaf9def,10000,0,0,0,unknown_transfer_or_unpriced_swap
0x4e3ae00e8323558fa5cac04b152238924aa31b60,0xdae92bb46949028e623e2d671c7aaef947bac3c85b17f07127c7e96b2409b2e8,50985229,359,0x5f1c5951c5b1cc112ba9e89b9467edca33063453,5252.620075918745804604,0,0,0,unknown_transfer_or_unpriced_swap
0x211c8e97a504d2d142bc945334d4a88bd3270b4d,0xa011e328542d2fd7f25ba8a3fab68da201506d64622865501de2d622cb5ee1cd,50985796,288,0x669eca0d4b4c864148c4121b31dfef5e7179ed54,74.660762828011955875,0E-672,0E-672,0E-672,unknown_transfer_or_unpriced_swap
0x25eded2339466d3b7daf552b24d9b6e09b409b4b,0xa011e328542d2fd7f25ba8a3fab68da201506d64622865501de2d622cb5ee1cd,50985796,290,0x669eca0d4b4c864148c4121b31dfef5e7179ed54,59.267291260582425488,0E-805,0E-805,0E-805,unknown_transfer_or_unpriced_swap
0x461d5072f3eef08dedc4a7d74fb6d79f99e25e73,0xa011e328542d2fd7f25ba8a3fab68da201506d64622865501de2d622cb5ee1cd,50985796,297,0x669eca0d4b4c864148c4121b31dfef5e7179ed54,29.684602347687293075,0E-1275,0E-1275,0E-1275,unknown_transfer_or_unpriced_swap
0xfc90fd5e560471fab35e3703bf5ea4c54acee766,0xa011e328542d2fd7f25ba8a3fab68da201506d64622865501de2d622cb5ee1cd,50985796,351,0x669eca0d4b4c864148c4121b31dfef5e7179ed54,31.145154256233292731,0E-4862,0E-4862,0E-4862,unknown_transfer_or_unpriced_swap
0x4e3ae00e8323558fa5cac04b152238924aa31b60,0x678635eacd0c6853a3be5fb138789bcaac9fd07955a2daaeea13989742ecaee4,50986093,17,0xaa5e5c97be235c3b7035bb1492fef2b4167edf05,3563.570615756214473066,0,0,0,unknown_transfer_or_unpriced_swap
0x4e3ae00e8323558fa5cac04b152238924aa31b60,0x9ccee2a3c34d23358c4367fb281697f7b76c029996b1dd45504fe7782f5680d9,50988238,208,0x6f10424b4f5ce3b80a999c6937226c59ddaf9def,10000,0,0,0,unknown_transfer_or_unpriced_swap
0xf99d7a743d1b5b2ff28c22b2005cd98def3591de,0xba6552b0b230be207d95645682ad24510c17de9e3f80bbc3da1ec2f03c330d30,50988862,299,0xb92fe925dc43a0ecde6c8b1a2709c170ec4fff4f,93611.01151706114048339,91269.976727796631842132000000000000000000000000,1557.4377418974121660705800000000000000000000000000000000000000000,0.62754867147668696100000000000000000000000000000000000000000000000,same_tx_swap_flow_allocation
0xac5fdc54868c317f84aed49d8448594991f62c55,0x7f4b2f68afd19be7aabb03e412aa7b7b068e1011dadf2fde19d7b122f7e7bdc2,50988878,160,0xb92fe925dc43a0ecde6c8b1a2709c170ec4fff4f,102186.545431413265044511,99620.330730920877252232000000000000000000000000,1708.8401740274126895078600000000000000000000000000000000000000000,0.68747945174618117100000000000000000000000000000000000000000000000,same_tx_swap_flow_allocation
0xf99d7a743d1b5b2ff28c22b2005cd98def3591de,0x768d2ea187ea6f483a30bba5679876f324f74b1c2835c916942aa0e06dfef2ee,50988959,250,0xb92fe925dc43a0ecde6c8b1a2709c170ec4fff4f,83856.454229910496644902,0E-65,0E-65,0E-65,unknown_transfer_or_unpriced_swap
0x2bb2173427bb17b78adaa3d5fad9716328c3d262,0x6e5ac9d357a0f8a6eb2dbe0033557d6e7d4a39a5bc6518de5ae61b09c9d54362,50988977,97,0xb92fe925dc43a0ecde6c8b1a2709c170ec4fff4f,26752.767259312200755119,26752.767259312200755118000000000000000000000037379310719787926032,460.29938437869998356432279432628718147668168858258460357626663732,0.18518195745946749899999307802607242401482169266214389883421973935,same_tx_swap_flow_allocation
0xf99d7a743d1b5b2ff28c22b2005cd98def3591de,0x590e1ae31730e0c4e549a47cc8f20fa2ce8573407cf844b85d7657f5da79c9af,50988979,435,0xb92fe925dc43a0ecde6c8b1a2709c170ec4fff4f,75098.745787057120440433,73219.480352076868603883000000000000000000000000,1262.2586247749669333104600000000000000000000000000000000000000000,0.50781628411567428100000000000000000000000000000000000000000000000,same_tx_swap_flow_allocation
0xf99d7a743d1b5b2ff28c22b2005cd98def3591de,0xb0a95a67ebf56702eda5242c584c2ed9937f220e7e6b28503f2554d5bba5bad7,50988986,368,0xb92fe925dc43a0ecde6c8b1a2709c170ec4fff4f,67208.070331679005076586,62170.913630238173380110000000000000000000000000,1077.9578283605366953836400000000000000000000000000000000000000000,0.43367066628603135400000000000000000000000000000000000000000000000,same_tx_swap_flow_allocation
0xf99d7a743d1b5b2ff28c22b2005cd98def3591de,0x8ea2daa6858d638b8b24946f26d5947ce54e2555a397e6e43c0bab8934c0727e,50988995,514,0xb92fe925dc43a0ecde6c8b1a2709c170ec4fff4f,60113.743503710262815274,60113.743503710262815274,1048.33809331567122905436,0.421754420683307946,same_tx_swap_flow_allocation
0xf99d7a743d1b5b2ff28c22b2005cd98def3591de,0x388be799077b4dfbe8995e68c30b38a5a6f9983af423562bf2b0319caad884d3,50989014,179,0xb92fe925dc43a0ecde6c8b1a2709c170ec4fff4f,134680.772686141413582765,134680.772686141413582765,2358.33112117136382059790,0.948774619687070565,same_tx_swap_flow_allocation
0xf99d7a743d1b5b2ff28c22b2005cd98def3591de,0x5c6b6d0fc859078102a69a5b4624924ae910fff3dc3aba03df14e9308fc7dd41,50989021,315,0xb92fe925dc43a0ecde6c8b1a2709c170ec4fff4f,100528.415922345101644194,100528.415922345101644194,1768.50425741605833439630,0.711482768124384805,same_tx_swap_flow_allocation
0xf99d7a743d1b5b2ff28c22b2005cd98def3591de,0xcb3653cd2123c8aa4ecaa0919063f179dba7841a68b9870117867b8556fccf92,50989029,156,0xb92fe925dc43a0ecde6c8b1a2709c170ec4fff4f,75152.204671675453193207,69883.582097539063305515070106028121914983056637554456376234917801,1233.5521581431218813766635859484956927357914288076172315588995336,0.49626745336977779799999339650173221306847735764650725825692151526,same_tx_swap_flow_allocation
0x2bb2173427bb17b78adaa3d5fad9716328c3d262,0x3330bd3de69109b802a74be8f852765ff8eb1a22490062efd6910f3df05dd173,50989030,612,0xb92fe925dc43a0ecde6c8b1a2709c170ec4fff4f,28093.576994316453433246,24584.582353086194666606000000000000000000000000,434.76880465042407746826000000000000000000000000000000000000000000,0.17491081026786611100000000000000000000000000000000000000000000000,same_tx_swap_flow_allocation
0xf99d7a743d1b5b2ff28c22b2005cd98def3591de,0xefc6a280d53b3ac7b57f3e7b5c9b38497de40ab2f32d3ff41ef6d744cd48aa8d,50989046,124,0xb92fe925dc43a0ecde6c8b1a2709c170ec4fff4f,223648.237227904973400515,220446.42218486340044208301431629903605641750453740137207745594507,3925.3987363556793617062224483359001145722338644682308149858984951,1.5792178883498464639999929388314975155782503900244727014096451225,same_tx_swap_flow_allocation
0x4e3ae00e8323558fa5cac04b152238924aa31b60,0xfa6d61bc00db01432a04b75618462f4efea36203f99d2f4072492e7c1d65831c,50989153,367,0x5f1c5951c5b1cc112ba9e89b9467edca33063453,18096.335430092198208368,0,0,0,unknown_transfer_or_unpriced_swap
0x4e3ae00e8323558fa5cac04b152238924aa31b60,0xeccc58520d24726de59b79012c227ac07df19ff63d0744548661b792da3ae0ff,50989153,396,0x6f10424b4f5ce3b80a999c6937226c59ddaf9def,10000,0,0,0,unknown_transfer_or_unpriced_swap
0x4e3ae00e8323558fa5cac04b152238924aa31b60,0xda92717863bf5ddeca4a5e10cc351ec7767c22b8c85d80276e56aee9dfffe117,50989153,474,0x23e829647939359507c491bef51419698fe3a981,4645.528612284578627219,0,0,0,unknown_transfer_or_unpriced_swap
0x4e3ae00e8323558fa5cac04b152238924aa31b60,0x59fe024eaa88e95bb7f9c458777a6ff5717ff051597bdb899fc8df1d91cf2e70,50989154,13,0xaa5e5c97be235c3b7035bb1492fef2b4167edf05,2928.904315801322553689,0,0,0,unknown_transfer_or_unpriced_swap
0x4e3ae00e8323558fa5cac04b152238924aa31b60,0x147899499af2ff34fded3e539bc19cde890376da8337a675db9674b75c41cc60,50989154,179,0xbd46cf0958e4880633d320eed38785ee432269da,2928.285853285611533793,0,0,0,unknown_transfer_or_unpriced_swap
0x67505fc71782403718939b4bb3f6ab39be613f4f,0xeecfa765095303daad1075d7bc70a76f8e19ee21e18a298286abfd80946b1174,50990068,80,0xb92fe925dc43a0ecde6c8b1a2709c170ec4fff4f,55682.133383239864096728,0E-65,0E-65,0E-65,unknown_transfer_or_unpriced_swap
0x0ca6cadb6a8ca4199788b9a060c3285fe7b897fd,0x0a03bf45a7a3a64070f5bc9e3bef21f0bb5ba5c5975b4bc78ba7c99325825475,50990630,301,0xf01a4dabfd54d1a6a1812a95f7151e8da851de2e,10.045035271554834186,0E-673,0E-673,0E-673,unknown_transfer_or_unpriced_swap
0x211c8e97a504d2d142bc945334d4a88bd3270b4d,0x0a03bf45a7a3a64070f5bc9e3bef21f0bb5ba5c5975b4bc78ba7c99325825475,50990630,322,0xf01a4dabfd54d1a6a1812a95f7151e8da851de2e,29.796486361298288357,0E-2094,0E-2094,0E-2094,unknown_transfer_or_unpriced_swap
0x25eded2339466d3b7daf552b24d9b6e09b409b4b,0x0a03bf45a7a3a64070f5bc9e3bef21f0bb5ba5c5975b4bc78ba7c99325825475,50990630,331,0xf01a4dabfd54d1a6a1812a95f7151e8da851de2e,3.486125555403082818,0E-2699,0E-2699,0E-2699,unknown_transfer_or_unpriced_swap
0x3fa87fac3430294f5461f9599ed2c9bd7b7eda6d,0x0a03bf45a7a3a64070f5bc9e3bef21f0bb5ba5c5975b4bc78ba7c99325825475,50990630,355,0xf01a4dabfd54d1a6a1812a95f7151e8da851de2e,24.053243997547209125,0E-4321,0E-4321,0E-4321,unknown_transfer_or_unpriced_swap
0x4552df0be3b02bfb80c3444b3f1465ee0bdb224c,0x0a03bf45a7a3a64070f5bc9e3bef21f0bb5ba5c5975b4bc78ba7c99325825475,50990630,361,0xf01a4dabfd54d1a6a1812a95f7151e8da851de2e,12.239735577077596048,0E-4722,0E-4722,0E-4722,unknown_transfer_or_unpriced_swap
0x461d5072f3eef08dedc4a7d74fb6d79f99e25e73,0x0a03bf45a7a3a64070f5bc9e3bef21f0bb5ba5c5975b4bc78ba7c99325825475,50990630,362,0xf01a4dabfd54d1a6a1812a95f7151e8da851de2e,10.31797452075331935,0E-4788,0E-4788,0E-4788,unknown_transfer_or_unpriced_swap
0x68ccd83694d6b664a62982310fcefc9f792f39d6,0x0a03bf45a7a3a64070f5bc9e3bef21f0bb5ba5c5975b4bc78ba7c99325825475,50990630,390,0xf01a4dabfd54d1a6a1812a95f7151e8da851de2e,9.412156255388552196,0E-6682,0E-6682,0E-6682,unknown_transfer_or_unpriced_swap
0x8da2e73785a202263be1b04d3dcc8137181c89c3,0x0a03bf45a7a3a64070f5bc9e3bef21f0bb5ba5c5975b4bc78ba7c99325825475,50990630,430,0xf01a4dabfd54d1a6a1812a95f7151e8da851de2e,49.531560666784794417,0E-9376,0E-9376,0E-9376,unknown_transfer_or_unpriced_swap
0xcdb95f2acdb4917372259648a7342a524ea6fc73,0xcaff41767694b704a2161cf7a7a629fb9498cb50fb4bfe9ef009e49d24830bd7,50990634,394,0xf01a4dabfd54d1a6a1812a95f7151e8da851de2e,19.747058979013010395,0E-3345,0E-3345,0E-3345,unknown_transfer_or_unpriced_swap
0xd8b7f8ee88f4a19933e21724a3227b04cc31e9fe,0xcaff41767694b704a2161cf7a7a629fb9498cb50fb4bfe9ef009e49d24830bd7,50990634,402,0xf01a4dabfd54d1a6a1812a95f7151e8da851de2e,10.639263236045941097,0E-3884,0E-3884,0E-3884,unknown_transfer_or_unpriced_swap
0xfc90fd5e560471fab35e3703bf5ea4c54acee766,0xcaff41767694b704a2161cf7a7a629fb9498cb50fb4bfe9ef009e49d24830bd7,50990634,431,0xf01a4dabfd54d1a6a1812a95f7151e8da851de2e,30.290540523319974749,0E-5815,0E-5815,0E-5815,unknown_transfer_or_unpriced_swap
0xf055acd3193f0bc2a46c06e2b3398c6c9b3c0f97,0xd0e6251cd50daa9860f51eaac3ea7a007931ee2676c79ef6838b2de92bd06f41,50991431,306,0xb92fe925dc43a0ecde6c8b1a2709c170ec4fff4f,96326.703714954098749879,89498.509820338813156082070885783809451091834130969888822438620096,1661.9153714584781025982661855860038625667981012310681112446924380,0.66726240320630782099999307292394037646653576437037490938636433712,same_tx_swap_flow_allocation
0x5c3e5b6780dc15b705f606f19b6a9206fea39cdf,0xf925ae735cfe6273d0a17e19d3c4f775c496e1120b92339f016807bb49a85c3c,50991612,2,0x7692acc1cdd771d09ebcae3663e1843b2911bec7,263586.282250345403289872,263586.282250345403289872,4939.2837268434,1.98,same_tx_swap_flow_allocation
0xf055acd3193f0bc2a46c06e2b3398c6c9b3c0f97,0xa1606ad694c7e213e80afc7f97d0ba86e648c0037d2eb627ed1917272b562b51,50991637,177,0xb92fe925dc43a0ecde6c8b1a2709c170ec4fff4f,63317.932166340250452638,0E-67,0E-67,0E-67,unknown_transfer_or_unpriced_swap
0x211c8e97a504d2d142bc945334d4a88bd3270b4d,0xb488d6214ad746ec14b2a13abc04363fe3227b0fe82067da6c0e4285f1354da2,50992427,323,0x7273a102a1a20dd0eb01c23ce4b57daf6160bf77,38.392761316830425675,0E-1074,0E-1074,0E-1074,unknown_transfer_or_unpriced_swap
0x25eded2339466d3b7daf552b24d9b6e09b409b4b,0xb488d6214ad746ec14b2a13abc04363fe3227b0fe82067da6c0e4285f1354da2,50992427,328,0x7273a102a1a20dd0eb01c23ce4b57daf6160bf77,7.941784166682051925,0E-1412,0E-1412,0E-1412,unknown_transfer_or_unpriced_swap
0x27251ef93006c0f3ea2031d709d0ba9b3c4f3eef,0xb488d6214ad746ec14b2a13abc04363fe3227b0fe82067da6c0e4285f1354da2,50992427,329,0x7273a102a1a20dd0eb01c23ce4b57daf6160bf77,1.108245866273479459,0E-1479,0E-1479,0E-1479,unknown_transfer_or_unpriced_swap
0x2bb2173427bb17b78adaa3d5fad9716328c3d262,0xb488d6214ad746ec14b2a13abc04363fe3227b0fe82067da6c0e4285f1354da2,50992427,334,0x7273a102a1a20dd0eb01c23ce4b57daf6160bf77,9.338610046868561235,0E-1818,0E-1818,0E-1818,unknown_transfer_or_unpriced_swap
0x461d5072f3eef08dedc4a7d74fb6d79f99e25e73,0xb488d6214ad746ec14b2a13abc04363fe3227b0fe82067da6c0e4285f1354da2,50992427,357,0x7273a102a1a20dd0eb01c23ce4b57daf6160bf77,28.115896499683755195,0E-3364,0E-3364,0E-3364,unknown_transfer_or_unpriced_swap
0x5c3e5b6780dc15b705f606f19b6a9206fea39cdf,0xb488d6214ad746ec14b2a13abc04363fe3227b0fe82067da6c0e4285f1354da2,50992427,371,0x7273a102a1a20dd0eb01c23ce4b57daf6160bf77,15.549460234160220838,0E-4302,0E-4302,0E-4302,unknown_transfer_or_unpriced_swap
0x67505fc71782403718939b4bb3f6ab39be613f4f,0xb488d6214ad746ec14b2a13abc04363fe3227b0fe82067da6c0e4285f1354da2,50992427,379,0x7273a102a1a20dd0eb01c23ce4b57daf6160bf77,1.401734811093914032,0E-4840,0E-4840,0E-4840,unknown_transfer_or_unpriced_swap
0xd8b7f8ee88f4a19933e21724a3227b04cc31e9fe,0xb488d6214ad746ec14b2a13abc04363fe3227b0fe82067da6c0e4285f1354da2,50992427,443,0x7273a102a1a20dd0eb01c23ce4b57daf6160bf77,11.826258480246802086,0E-9136,0E-9136,0E-9136,unknown_transfer_or_unpriced_swap
0xe48b6e0e9900d68ba93ac417d9e2ce911c52f753,0x2b36997ec0686a72651b557b5d7fe33b9920ab97e176068ea95deacfbaaf4a97,50992971,383,0xb92fe925dc43a0ecde6c8b1a2709c170ec4fff4f,291582.269771278212648021,265679.16091608050773730908883636469225826736645359798190312193574,5037.2535746346590128047827244174394212613352415774110101975144125,2.0264766645618408399999930500689697235655404637599613030419815637,same_tx_swap_flow_allocation
0x4e3ae00e8323558fa5cac04b152238924aa31b60,0xe1117719c024941b7beec77e7510438d1acf014b2e3e55c51ced03209a73e809,50994310,911,0x5f1c5951c5b1cc112ba9e89b9467edca33063453,14192.302500793771501512,0,0,0,unknown_transfer_or_unpriced_swap
0x4e3ae00e8323558fa5cac04b152238924aa31b60,0xe280598d6db76dab2882b26e2cdf03d2056c1783ff1f45ce51f467a1cbd26f22,50994310,1174,0xbd46cf0958e4880633d320eed38785ee432269da,3418.704803955309837216,0,0,0,unknown_transfer_or_unpriced_swap
0xfc90fd5e560471fab35e3703bf5ea4c54acee766,0x17add2003ba9a09c9320dc07221dfecde051601d241c37213d8393ab3014d4ae,50994853,394,0xb92fe925dc43a0ecde6c8b1a2709c170ec4fff4f,30842.06526260464358919,0E-65,0E-65,0E-65,unknown_transfer_or_unpriced_swap
0x67505fc71782403718939b4bb3f6ab39be613f4f,0xfa068bb619df0d2cc7ae293f6134c7e763d76e1551559874b20aa479f8b08c14,50996978,358,0xb92fe925dc43a0ecde6c8b1a2709c170ec4fff4f,53080.626525832766727204,53080.626525832766727204,995.14313794011657247117787611,0.399651259096225573,same_tx_swap_flow_allocation
0x211c8e97a504d2d142bc945334d4a88bd3270b4d,0xcc767687c405e96dfb2f6b12acc3a732d29d5a37f350fb3f4cafe0cb67abc655,50997136,867,0x7273a102a1a20dd0eb01c23ce4b57daf6160bf77,38.280732344134961044,0E-1076,0E-1076,0E-1076,unknown_transfer_or_unpriced_swap
0x25eded2339466d3b7daf552b24d9b6e09b409b4b,0xcc767687c405e96dfb2f6b12acc3a732d29d5a37f350fb3f4cafe0cb67abc655,50997136,872,0x7273a102a1a20dd0eb01c23ce4b57daf6160bf77,7.918610269024097576,0E-1414,0E-1414,0E-1414,unknown_transfer_or_unpriced_swap
0x27251ef93006c0f3ea2031d709d0ba9b3c4f3eef,0xcc767687c405e96dfb2f6b12acc3a732d29d5a37f350fb3f4cafe0cb67abc655,50997136,873,0x7273a102a1a20dd0eb01c23ce4b57daf6160bf77,1.105012036727643004,0E-1482,0E-1482,0E-1482,unknown_transfer_or_unpriced_swap
0x2bb2173427bb17b78adaa3d5fad9716328c3d262,0xcc767687c405e96dfb2f6b12acc3a732d29d5a37f350fb3f4cafe0cb67abc655,50997136,877,0x7273a102a1a20dd0eb01c23ce4b57daf6160bf77,9.311360251488628401,0E-1754,0E-1754,0E-1754,unknown_transfer_or_unpriced_swap
0x461d5072f3eef08dedc4a7d74fb6d79f99e25e73,0xcc767687c405e96dfb2f6b12acc3a732d29d5a37f350fb3f4cafe0cb67abc655,50997136,899,0x7273a102a1a20dd0eb01c23ce4b57daf6160bf77,28.03385512278777273,0E-3238,0E-3238,0E-3238,unknown_transfer_or_unpriced_swap
0x5c3e5b6780dc15b705f606f19b6a9206fea39cdf,0xcc767687c405e96dfb2f6b12acc3a732d29d5a37f350fb3f4cafe0cb67abc655,50997136,911,0x7273a102a1a20dd0eb01c23ce4b57daf6160bf77,15.504087356663172882,0E-4044,0E-4044,0E-4044,unknown_transfer_or_unpriced_swap
0x67505fc71782403718939b4bb3f6ab39be613f4f,0xcc767687c405e96dfb2f6b12acc3a732d29d5a37f350fb3f4cafe0cb67abc655,50997136,919,0x7273a102a1a20dd0eb01c23ce4b57daf6160bf77,1.397644589252811861,0E-4582,0E-4582,0E-4582,unknown_transfer_or_unpriced_swap
0x9622a7905307abe9686999c400b85a7b30775345,0xcc767687c405e96dfb2f6b12acc3a732d29d5a37f350fb3f4cafe0cb67abc655,50997136,953,0x7273a102a1a20dd0eb01c23ce4b57daf6160bf77,37.358138468777147092,0E-6877,0E-6877,0E-6877,unknown_transfer_or_unpriced_swap
0xd8b7f8ee88f4a19933e21724a3227b04cc31e9fe,0xcc767687c405e96dfb2f6b12acc3a732d29d5a37f350fb3f4cafe0cb67abc655,50997136,987,0x7273a102a1a20dd0eb01c23ce4b57daf6160bf77,11.791749798325236829,0E-9169,0E-9169,0E-9169,unknown_transfer_or_unpriced_swap
0xf055acd3193f0bc2a46c06e2b3398c6c9b3c0f97,0x6eeab74e552e2aa723270dcee485d259c662b7092b82e7488f89e98a1254d824,50997137,362,0x7273a102a1a20dd0eb01c23ce4b57daf6160bf77,40.935840481661283238,0E-200,0E-200,0E-200,unknown_transfer_or_unpriced_swap
0xfc90fd5e560471fab35e3703bf5ea4c54acee766,0x6eeab74e552e2aa723270dcee485d259c662b7092b82e7488f89e98a1254d824,50997137,374,0x7273a102a1a20dd0eb01c23ce4b57daf6160bf77,30.639179211935176145,0E-996,0E-996,0E-996,unknown_transfer_or_unpriced_swap
0x4e3ae00e8323558fa5cac04b152238924aa31b60,0xcd4c31f632695262cc296e5be276a03e4ed6f0a2e28ddfcb4809f0680c0a966b,50997669,320,0x6f10424b4f5ce3b80a999c6937226c59ddaf9def,4999.999999999998181011,0,0,0,unknown_transfer_or_unpriced_swap
0x4e3ae00e8323558fa5cac04b152238924aa31b60,0xf3acc162765dc4b4680ab310c598fd1d4f8666ce4cd88795d79ca83fc92728df,50997669,813,0x457d56fa065caa21c89670359f2b1edce6bb3b2a,3738.250317902793644908,0,0,0,unknown_transfer_or_unpriced_swap
0x4e3ae00e8323558fa5cac04b152238924aa31b60,0xddfa8191fdf6aec7634cb94914b7f0dc5a20c2cec31d98e9f520e7a7cf5bd0e6,50997743,378,0xbd46cf0958e4880633d320eed38785ee432269da,20756.51046590357618341,0,0,0,unknown_transfer_or_unpriced_swap
0x4e3ae00e8323558fa5cac04b152238924aa31b60,0x2d1543e250a808ffdc3d1998cc37ea7d920d153ab9d8621e23a94f173b90c18b,50997743,391,0x6f10424b4f5ce3b80a999c6937226c59ddaf9def,10000,0,0,0,unknown_transfer_or_unpriced_swap
0x4e3ae00e8323558fa5cac04b152238924aa31b60,0x4ed69b30825e0b6801c3abedf4bf15cd2987ca9688e5b7d16fd8ba765c5b0ed4,50997743,510,0x23e829647939359507c491bef51419698fe3a981,7522.475084118418833393,0,0,0,unknown_transfer_or_unpriced_swap
0x4e3ae00e8323558fa5cac04b152238924aa31b60,0x36ce5e0683cab6e61ff29aead344be3abbe121e1e17a7cd58150a936abdde69e,50997744,89,0x5f1c5951c5b1cc112ba9e89b9467edca33063453,4320.355004559444030491,0,0,0,unknown_transfer_or_unpriced_swap
0x4e3ae00e8323558fa5cac04b152238924aa31b60,0xee9bdae933efd366a1c5fd545414820ceebfa6737c34455a0c471b5a1084d05c,50997866,282,0x6f10424b4f5ce3b80a999c6937226c59ddaf9def,20000,0,0,0,unknown_transfer_or_unpriced_swap
0x4e3ae00e8323558fa5cac04b152238924aa31b60,0x3e2ac17a2aca7f7232fc3621a57d8e8c9967d5625203f0edea7810e131c5abe6,50997866,347,0xaa5e5c97be235c3b7035bb1492fef2b4167edf05,4149.075452592723444937,0,0,0,unknown_transfer_or_unpriced_swap
0x0c175c6a0065ee05f871a68783d2de432a1e6cbe,0x4c08a6774c371302c5b91d878d92f1873a221a048b60b18da7feb5218cf0ddc3,50997889,348,0xfc79a788c12a1334f2e53db267ac35028e0137b3,1.653872214771825393,0E-470,0E-470,0E-470,unknown_transfer_or_unpriced_swap
0x211c8e97a504d2d142bc945334d4a88bd3270b4d,0x4c08a6774c371302c5b91d878d92f1873a221a048b60b18da7feb5218cf0ddc3,50997889,361,0xfc79a788c12a1334f2e53db267ac35028e0137b3,31.359365368432387015,0E-1345,0E-1345,0E-1345,unknown_transfer_or_unpriced_swap
0x2408ce75d217e3a70d6ca370c78c1b34d706f5a0,0x4c08a6774c371302c5b91d878d92f1873a221a048b60b18da7feb5218cf0ddc3,50997889,364,0xfc79a788c12a1334f2e53db267ac35028e0137b3,1.653872214771825393,0E-1547,0E-1547,0E-1547,unknown_transfer_or_unpriced_swap
0x2bb2173427bb17b78adaa3d5fad9716328c3d262,0x4c08a6774c371302c5b91d878d92f1873a221a048b60b18da7feb5218cf0ddc3,50997889,369,0xfc79a788c12a1334f2e53db267ac35028e0137b3,26.565889167338829642,0E-1881,0E-1881,0E-1881,unknown_transfer_or_unpriced_swap
0x461d5072f3eef08dedc4a7d74fb6d79f99e25e73,0x4c08a6774c371302c5b91d878d92f1873a221a048b60b18da7feb5218cf0ddc3,50997889,380,0xfc79a788c12a1334f2e53db267ac35028e0137b3,8.989084716872413225,0E-2625,0E-2625,0E-2625,unknown_transfer_or_unpriced_swap
0x67df1d22c03ce81dcd7c50a65d476b17f4934fd4,0x4c08a6774c371302c5b91d878d92f1873a221a048b60b18da7feb5218cf0ddc3,50997889,388,0xfc79a788c12a1334f2e53db267ac35028e0137b3,35.904642815327390511,0E-3161,0E-3161,0E-3161,unknown_transfer_or_unpriced_swap
0x8da2e73785a202263be1b04d3dcc8137181c89c3,0x4c08a6774c371302c5b91d878d92f1873a221a048b60b18da7feb5218cf0ddc3,50997889,404,0xfc79a788c12a1334f2e53db267ac35028e0137b3,10.898689563228098871,0E-4231,0E-4231,0E-4231,unknown_transfer_or_unpriced_swap
0xa122c3ef0ced83be89922d99e8dde8f4e272eaca,0x4c08a6774c371302c5b91d878d92f1873a221a048b60b18da7feb5218cf0ddc3,50997889,415,0xfc79a788c12a1334f2e53db267ac35028e0137b3,55.585004683342264714,0E-4967,0E-4967,0E-4967,unknown_transfer_or_unpriced_swap
0xd8b7f8ee88f4a19933e21724a3227b04cc31e9fe,0x4c08a6774c371302c5b91d878d92f1873a221a048b60b18da7feb5218cf0ddc3,50997889,448,0xfc79a788c12a1334f2e53db267ac35028e0137b3,20.162556100889477526,0E-7168,0E-7168,0E-7168,unknown_transfer_or_unpriced_swap
0xf055acd3193f0bc2a46c06e2b3398c6c9b3c0f97,0x4c08a6774c371302c5b91d878d92f1873a221a048b60b18da7feb5218cf0ddc3,50997889,460,0xfc79a788c12a1334f2e53db267ac35028e0137b3,39.326137409654913324,0E-7963,0E-7963,0E-7963,unknown_transfer_or_unpriced_swap
0xf99d7a743d1b5b2ff28c22b2005cd98def3591de,0x4c08a6774c371302c5b91d878d92f1873a221a048b60b18da7feb5218cf0ddc3,50997889,466,0xfc79a788c12a1334f2e53db267ac35028e0137b3,13.521767598643357665,0E-8356,0E-8356,0E-8356,unknown_transfer_or_unpriced_swap
0xfc90fd5e560471fab35e3703bf5ea4c54acee766,0x4c08a6774c371302c5b91d878d92f1873a221a048b60b18da7feb5218cf0ddc3,50997889,469,0xfc79a788c12a1334f2e53db267ac35028e0137b3,18.070192900428605166,0E-8552,0E-8552,0E-8552,unknown_transfer_or_unpriced_swap
0x0ca6cadb6a8ca4199788b9a060c3285fe7b897fd,0x5dcf582a13e3a82b47437b4ec3fb9fc6a0e6bea17687646d99c497d703679be3,50998029,128,0xf01a4dabfd54d1a6a1812a95f7151e8da851de2e,9.052680805498408636,0E-673,0E-673,0E-673,unknown_transfer_or_unpriced_swap
0x211c8e97a504d2d142bc945334d4a88bd3270b4d,0x5dcf582a13e3a82b47437b4ec3fb9fc6a0e6bea17687646d99c497d703679be3,50998029,149,0xf01a4dabfd54d1a6a1812a95f7151e8da851de2e,26.852875362026316452,0E-2094,0E-2094,0E-2094,unknown_transfer_or_unpriced_swap
0x25eded2339466d3b7daf552b24d9b6e09b409b4b,0x5dcf582a13e3a82b47437b4ec3fb9fc6a0e6bea17687646d99c497d703679be3,50998029,158,0xf01a4dabfd54d1a6a1812a95f7151e8da851de2e,3.141729326757266706,0E-2699,0E-2699,0E-2699,unknown_transfer_or_unpriced_swap
0x3fa87fac3430294f5461f9599ed2c9bd7b7eda6d,0x5dcf582a13e3a82b47437b4ec3fb9fc6a0e6bea17687646d99c497d703679be3,50998029,182,0xf01a4dabfd54d1a6a1812a95f7151e8da851de2e,21.67701101689225566,0E-4321,0E-4321,0E-4321,unknown_transfer_or_unpriced_swap
0x4552df0be3b02bfb80c3444b3f1465ee0bdb224c,0x5dcf582a13e3a82b47437b4ec3fb9fc6a0e6bea17687646d99c497d703679be3,50998029,188,0xf01a4dabfd54d1a6a1812a95f7151e8da851de2e,11.030565481114098802,0E-4722,0E-4722,0E-4722,unknown_transfer_or_unpriced_swap
0x461d5072f3eef08dedc4a7d74fb6d79f99e25e73,0x5dcf582a13e3a82b47437b4ec3fb9fc6a0e6bea17687646d99c497d703679be3,50998029,189,0xf01a4dabfd54d1a6a1812a95f7151e8da851de2e,9.298656238684102423,0E-4788,0E-4788,0E-4788,unknown_transfer_or_unpriced_swap
0x68ccd83694d6b664a62982310fcefc9f792f39d6,0x5dcf582a13e3a82b47437b4ec3fb9fc6a0e6bea17687646d99c497d703679be3,50998029,217,0xf01a4dabfd54d1a6a1812a95f7151e8da851de2e,8.482324249551302624,0E-6682,0E-6682,0E-6682,unknown_transfer_or_unpriced_swap
0x8da2e73785a202263be1b04d3dcc8137181c89c3,0x5dcf582a13e3a82b47437b4ec3fb9fc6a0e6bea17687646d99c497d703679be3,50998029,256,0xf01a4dabfd54d1a6a1812a95f7151e8da851de2e,44.638311005669320578,0E-9309,0E-9309,0E-9309,unknown_transfer_or_unpriced_swap
0xcdb95f2acdb4917372259648a7342a524ea6fc73,0xd86a6b725507eb49448625b3f81b4b1b129397d5f6d813504f89f7c284504d1c,50998030,729,0xf01a4dabfd54d1a6a1812a95f7151e8da851de2e,17.796236344791438959,0E-3278,0E-3278,0E-3278,unknown_transfer_or_unpriced_swap
0xd8b7f8ee88f4a19933e21724a3227b04cc31e9fe,0xd86a6b725507eb49448625b3f81b4b1b129397d5f6d813504f89f7c284504d1c,50998030,737,0xf01a4dabfd54d1a6a1812a95f7151e8da851de2e,9.588204668064834714,0E-3817,0E-3817,0E-3817,unknown_transfer_or_unpriced_swap
0xfc90fd5e560471fab35e3703bf5ea4c54acee766,0xd86a6b725507eb49448625b3f81b4b1b129397d5f6d813504f89f7c284504d1c,50998030,768,0xf01a4dabfd54d1a6a1812a95f7151e8da851de2e,27.298121646235534277,0E-5881,0E-5881,0E-5881,unknown_transfer_or_unpriced_swap
0x979e5a4f228bca19add8a306acb4ded5287c452f,0x72a7c774b9980d7eb85c7931153f725f912b2db86273fdc88265521a888fceee,50998102,473,0xb92fe925dc43a0ecde6c8b1a2709c170ec4fff4f,232682.926904984601747172,232682.926904984601747172,5236.6508924632741809864789585,2.096091354780253713,same_tx_swap_flow_allocation
0x4e3ae00e8323558fa5cac04b152238924aa31b60,0x2e9fe80ff74f9a620955d0b27d0eaa5c20b60861ea71baef58d04eeb4d6a66b9,50998200,327,0x6f10424b4f5ce3b80a999c6937226c59ddaf9def,10000,0,0,0,unknown_transfer_or_unpriced_swap
0x4e3ae00e8323558fa5cac04b152238924aa31b60,0xae9deb71b6397087cc356ebe4f7f7e4b38301b44d1a5faf3a59642acabef2979,50998200,456,0x5f1c5951c5b1cc112ba9e89b9467edca33063453,3540.01670486666301157,0,0,0,unknown_transfer_or_unpriced_swap
0x211c8e97a504d2d142bc945334d4a88bd3270b4d,0xe67739d413a1578aeb61261bf08bfbb432fedc9ab1f8cff94d0b8fef60ee63f4,50998204,153,0x7273a102a1a20dd0eb01c23ce4b57daf6160bf77,42.252522755029397087,0E-1008,0E-1008,0E-1008,unknown_transfer_or_unpriced_swap
0x25eded2339466d3b7daf552b24d9b6e09b409b4b,0xe67739d413a1578aeb61261bf08bfbb432fedc9ab1f8cff94d0b8fef60ee63f4,50998204,158,0x7273a102a1a20dd0eb01c23ce4b57daf6160bf77,8.74020009785449553,0E-1345,0E-1345,0E-1345,unknown_transfer_or_unpriced_swap
0x27251ef93006c0f3ea2031d709d0ba9b3c4f3eef,0xe67739d413a1578aeb61261bf08bfbb432fedc9ab1f8cff94d0b8fef60ee63f4,50998204,159,0x7273a102a1a20dd0eb01c23ce4b57daf6160bf77,1.219661781981803693,0E-1412,0E-1412,0E-1412,unknown_transfer_or_unpriced_swap
0x2bb2173427bb17b78adaa3d5fad9716328c3d262,0xe67739d413a1578aeb61261bf08bfbb432fedc9ab1f8cff94d0b8fef60ee63f4,50998204,163,0x7273a102a1a20dd0eb01c23ce4b57daf6160bf77,10.277453873386442367,0E-1684,0E-1684,0E-1684,unknown_transfer_or_unpriced_swap
0x461d5072f3eef08dedc4a7d74fb6d79f99e25e73,0xe67739d413a1578aeb61261bf08bfbb432fedc9ab1f8cff94d0b8fef60ee63f4,50998204,186,0x7273a102a1a20dd0eb01c23ce4b57daf6160bf77,30.942488007763171688,0E-3233,0E-3233,0E-3233,unknown_transfer_or_unpriced_swap
0x5c3e5b6780dc15b705f606f19b6a9206fea39cdf,0xe67739d413a1578aeb61261bf08bfbb432fedc9ab1f8cff94d0b8fef60ee63f4,50998204,199,0x7273a102a1a20dd0eb01c23ce4b57daf6160bf77,17.112703015822552776,0E-4105,0E-4105,0E-4105,unknown_transfer_or_unpriced_swap
0x67505fc71782403718939b4bb3f6ab39be613f4f,0xe67739d413a1578aeb61261bf08bfbb432fedc9ab1f8cff94d0b8fef60ee63f4,50998204,207,0x7273a102a1a20dd0eb01c23ce4b57daf6160bf77,1.542656218798695138,0E-4642,0E-4642,0E-4642,unknown_transfer_or_unpriced_swap
0x9622a7905307abe9686999c400b85a7b30775345,0xe67739d413a1578aeb61261bf08bfbb432fedc9ab1f8cff94d0b8fef60ee63f4,50998204,242,0x7273a102a1a20dd0eb01c23ce4b57daf6160bf77,41.234205802214379745,0E-6999,0E-6999,0E-6999,unknown_transfer_or_unpriced_swap
0xd8b7f8ee88f4a19933e21724a3227b04cc31e9fe,0xe67739d413a1578aeb61261bf08bfbb432fedc9ab1f8cff94d0b8fef60ee63f4,50998204,277,0x7273a102a1a20dd0eb01c23ce4b57daf6160bf77,13.015194489916413415,0E-9345,0E-9345,0E-9345,unknown_transfer_or_unpriced_swap
0xf055acd3193f0bc2a46c06e2b3398c6c9b3c0f97,0x006f1aac437c35541b26c30dc0ce1a4aef3933813766868214585d8836ac4003,50998205,696,0x7273a102a1a20dd0eb01c23ce4b57daf6160bf77,45.18310984335322155,0E-466,0E-466,0E-466,unknown_transfer_or_unpriced_swap
0xfc90fd5e560471fab35e3703bf5ea4c54acee766,0x006f1aac437c35541b26c30dc0ce1a4aef3933813766868214585d8836ac4003,50998205,708,0x7273a102a1a20dd0eb01c23ce4b57daf6160bf77,33.818125719520347645,0E-1252,0E-1252,0E-1252,unknown_transfer_or_unpriced_swap
0x4e3ae00e8323558fa5cac04b152238924aa31b60,0x3e2cfdf6cef17cdb1ac3a914059cbd7a35579d0029eb6480086592fb438f31c5,50998238,234,0x23e829647939359507c491bef51419698fe3a981,3136.048447910265966424,0,0,0,unknown_transfer_or_unpriced_swap
0x4e3ae00e8323558fa5cac04b152238924aa31b60,0xba09e797f7227a018fb3b6d892a8b2ed87db5843ee79f7972f7111f7e82d94d9,50998663,615,0x6f10424b4f5ce3b80a999c6937226c59ddaf9def,10000,0,0,0,unknown_transfer_or_unpriced_swap
0x4e3ae00e8323558fa5cac04b152238924aa31b60,0xe64748b90c8033b87a0951b3fb761a377cddc04b4f779deeef3580aa0e439aea,50999032,18,0x6f10424b4f5ce3b80a999c6937226c59ddaf9def,10000,0,0,0,unknown_transfer_or_unpriced_swap
0xf055acd3193f0bc2a46c06e2b3398c6c9b3c0f97,0xaf84e7e45f90edb9ffd913b99c7d72ab59d58d12333794de43be6936ef909f78,50999058,306,0xb92fe925dc43a0ecde6c8b1a2709c170ec4fff4f,53302.290690705530900386,0E-65,0E-65,0E-65,unknown_transfer_or_unpriced_swap
0x67df1d22c03ce81dcd7c50a65d476b17f4934fd4,0xa908a24d59f0079e8dffbf9e41387555760e6769b2718432ca3860296622818a,50999606,423,0x7692acc1cdd771d09ebcae3663e1843b2911bec7,130092.252220138141938594,130092.252220138141938594,2473.3601116587,0.99,same_tx_swap_flow_allocation
0xfc90fd5e560471fab35e3703bf5ea4c54acee766,0x670339d04eddbf51db15859ae7b83cf20dcd7558deaf38830cc510cd1fb1fb18,51000220,444,0xb92fe925dc43a0ecde6c8b1a2709c170ec4fff4f,28848.082249447364347439,0E-65,0E-65,0E-65,unknown_transfer_or_unpriced_swap
0x5c3e5b6780dc15b705f606f19b6a9206fea39cdf,0x4d0507df52c6cb7e6b41a72edd789113061d83c725b9f285953758e31d95eac3,51001492,440,0x7692acc1cdd771d09ebcae3663e1843b2911bec7,92881.278381130509491492,92881.278381130509491492,1621.438277419026,0.6534,same_tx_swap_flow_allocation
0x0ca6cadb6a8ca4199788b9a060c3285fe7b897fd,0x87e5777f2b2417d7edcb1ec9acb9b0a0b84f34875c3d5176aac39e7d6af6ea85,51001670,666,0xf01a4dabfd54d1a6a1812a95f7151e8da851de2e,9.992938947176783861,0E-673,0E-673,0E-673,unknown_transfer_or_unpriced_swap
0x211c8e97a504d2d142bc945334d4a88bd3270b4d,0x87e5777f2b2417d7edcb1ec9acb9b0a0b84f34875c3d5176aac39e7d6af6ea85,51001670,688,0xf01a4dabfd54d1a6a1812a95f7151e8da851de2e,29.641953562075565951,0E-2162,0E-2162,0E-2162,unknown_transfer_or_unpriced_swap
0x25eded2339466d3b7daf552b24d9b6e09b409b4b,0x87e5777f2b2417d7edcb1ec9acb9b0a0b84f34875c3d5176aac39e7d6af6ea85,51001670,697,0xf01a4dabfd54d1a6a1812a95f7151e8da851de2e,3.468045546438736152,0E-2767,0E-2767,0E-2767,unknown_transfer_or_unpriced_swap
0x3fa87fac3430294f5461f9599ed2c9bd7b7eda6d,0x87e5777f2b2417d7edcb1ec9acb9b0a0b84f34875c3d5176aac39e7d6af6ea85,51001670,719,0xf01a4dabfd54d1a6a1812a95f7151e8da851de2e,42.844396565164455208,0E-4254,0E-4254,0E-4254,unknown_transfer_or_unpriced_swap
0x4552df0be3b02bfb80c3444b3f1465ee0bdb224c,0x87e5777f2b2417d7edcb1ec9acb9b0a0b84f34875c3d5176aac39e7d6af6ea85,51001670,725,0xf01a4dabfd54d1a6a1812a95f7151e8da851de2e,12.176256931389744854,0E-4655,0E-4655,0E-4655,unknown_transfer_or_unpriced_swap
0x461d5072f3eef08dedc4a7d74fb6d79f99e25e73,0x87e5777f2b2417d7edcb1ec9acb9b0a0b84f34875c3d5176aac39e7d6af6ea85,51001670,726,0xf01a4dabfd54d1a6a1812a95f7151e8da851de2e,10.264462658124048443,0E-4721,0E-4721,0E-4721,unknown_transfer_or_unpriced_swap
0x68ccd83694d6b664a62982310fcefc9f792f39d6,0x87e5777f2b2417d7edcb1ec9acb9b0a0b84f34875c3d5176aac39e7d6af6ea85,51001670,753,0xf01a4dabfd54d1a6a1812a95f7151e8da851de2e,9.363342216201836653,0E-6547,0E-6547,0E-6547,unknown_transfer_or_unpriced_swap
0x8da2e73785a202263be1b04d3dcc8137181c89c3,0x87e5777f2b2417d7edcb1ec9acb9b0a0b84f34875c3d5176aac39e7d6af6ea85,51001670,792,0xf01a4dabfd54d1a6a1812a95f7151e8da851de2e,49.274676327238967545,0E-9173,0E-9173,0E-9173,unknown_transfer_or_unpriced_swap
0xcdb95f2acdb4917372259648a7342a524ea6fc73,0x81021b2ffceee8a06a536bc0ffe27bf7b663d5618e6ede8862c4d329dc77f58e,51001671,412,0xf01a4dabfd54d1a6a1812a95f7151e8da851de2e,19.644645282866384846,0E-2941,0E-2941,0E-2941,unknown_transfer_or_unpriced_swap
0xd8b7f8ee88f4a19933e21724a3227b04cc31e9fe,0x81021b2ffceee8a06a536bc0ffe27bf7b663d5618e6ede8862c4d329dc77f58e,51001671,420,0xf01a4dabfd54d1a6a1812a95f7151e8da851de2e,10.584085081494501492,0E-3480,0E-3480,0E-3480,unknown_transfer_or_unpriced_swap
0xfc90fd5e560471fab35e3703bf5ea4c54acee766,0x81021b2ffceee8a06a536bc0ffe27bf7b663d5618e6ede8862c4d329dc77f58e,51001671,451,0xf01a4dabfd54d1a6a1812a95f7151e8da851de2e,30.133445422901765983,0E-5543,0E-5543,0E-5543,unknown_transfer_or_unpriced_swap
0x67df1d22c03ce81dcd7c50a65d476b17f4934fd4,0x87ba0d1439d353e32fb1904656e159781ca6431c9fa70242dfd821520ed9f93f,51001924,549,0x7692acc1cdd771d09ebcae3663e1843b2911bec7,118516.866606835422573107,118516.866606835422573107,1947.359563261497,0.7821,same_tx_swap_flow_allocation
0xf0f349d0ed0673a77e0afcdffe00e8c023645a4e,0xc532f06db6ef35c79dec7f0e0e4dc626caea285f802f04d0cab3fb4de2663c48,51001963,4,0x7692acc1cdd771d09ebcae3663e1843b2911bec7,74966.865115211182614122,74966.865115211182614122,1244.955608785,0.5,same_tx_swap_flow_allocation
0xf0f349d0ed0673a77e0afcdffe00e8c023645a4e,0xec1152d4c99bac3c5e68aee678ff01dc9b991f4ec17090b3147d6ec9aa2d8e37,51002283,556,0x7692acc1cdd771d09ebcae3663e1843b2911bec7,31711.76382937643020233,31711.76382937643020233,497.178,0.2,same_tx_swap_flow_allocation
0xf99d7a743d1b5b2ff28c22b2005cd98def3591de,0x9117ff30e57c467d2e6d59f815084893d29e99de9ea58fbb5d9a671c2ea46306,51002293,183,0xb92fe925dc43a0ecde6c8b1a2709c170ec4fff4f,40983.465492896182108292,0E-131,0E-131,0E-131,unknown_transfer_or_unpriced_swap
0x67505fc71782403718939b4bb3f6ab39be613f4f,0xd7e10c6d51aab2c2b051d03785a04f8aed84222f9f3f004a6dec1bac5ca9fd52,51002310,863,0xb92fe925dc43a0ecde6c8b1a2709c170ec4fff4f,320143.261069512517492171,57328.785911661985556414000000000000000000000000,894.78699755866706648781000000000000000000000000000000000000000000,0.35994633614466732900000000000000000000000000000000000000000000000,same_tx_swap_flow_allocation
0xf055acd3193f0bc2a46c06e2b3398c6c9b3c0f97,0xdb62f6631fb1dbeeb40fa9447300e6f1ec294d8ef2015571882e1a41a0ffd67c,51002319,187,0xb92fe925dc43a0ecde6c8b1a2709c170ec4fff4f,67730.627944562180086725,62703.396969836998940813000000000000000000000000,974.16793172949976687203000000000000000000000000000000000000000000,0.39187893741456772700000000000000000000000000000000000000000000000,same_tx_swap_flow_allocation
0xf0f349d0ed0673a77e0afcdffe00e8c023645a4e,0x6c2953df04ccbfa8c0ec276f75224f25354e89b2c76753bf25bf49ca99445a77,51002339,618,0x7692acc1cdd771d09ebcae3663e1843b2911bec7,15999.877075398819394333,15999.877075398819394333,248.589,0.1,same_tx_swap_flow_allocation
0x67505fc71782403718939b4bb3f6ab39be613f4f,0xce782ab9e71b061d42b91e64f5964a65676391dbd753efc5e0e37de389f863ab,51002345,197,0xb92fe925dc43a0ecde6c8b1a2709c170ec4fff4f,77013.926161077393620266,34142.776445946844138967000000000000000000000000,530.97479355737034374409000000000000000000000000000000000000000000,0.21359545014355838100000000000000000000000000000000000000000000000,same_tx_swap_flow_allocation
0x25eded2339466d3b7daf552b24d9b6e09b409b4b,0x366950632eab990590e47fba29ea9e9b1cbf7e49d26b79aa6dc49dc13b4cd690,51002353,881,0x7692acc1cdd771d09ebcae3663e1843b2911bec7,159073.920686552107731883,159073.920686552107731883,2485.89,1,same_tx_swap_flow_allocation
0xf055acd3193f0bc2a46c06e2b3398c6c9b3c0f97,0xbbeddaf6c9af157a58e2b8e17ab0ddc2747d2675be791f614434164216d3ddf1,51002357,741,0xb92fe925dc43a0ecde6c8b1a2709c170ec4fff4f,67379.602422474505570852,61057.570763560843061568093827084631252516459521575027333602757695,963.34971259122362602438570265068423885847716289140511320578878124,0.38752708792071395999999424859936853153537653029353877814617251014,same_tx_swap_flow_allocation
0x67505fc71782403718939b4bb3f6ab39be613f4f,0x47c298b6250706a8ba44066c94db7d044299904a6365fd00b4fc2f55d939d276,51002401,220,0xb92fe925dc43a0ecde6c8b1a2709c170ec4fff4f,77511.408682049895419745,67734.964303901934363131000000000000000000000000,1076.8994540183324609746700822600000000000000000000000000000000000,0.43392797552510974100000000000000000000000000000000000000000000000,same_tx_swap_flow_allocation
0xf055acd3193f0bc2a46c06e2b3398c6c9b3c0f97,0xa0b019cacd1242df6e67c057f5ab27f4427d62f5310434c4db045cc8bbbf9a15,51002623,652,0xb92fe925dc43a0ecde6c8b1a2709c170ec4fff4f,54247.862256871934966442,0E-67,0E-67,0E-67,unknown_transfer_or_unpriced_swap
0x4e3ae00e8323558fa5cac04b152238924aa31b60,0xf611ffae4452f70b530e9bdcd06bca93558ae21fb57270f97b3339a8d691c9db,51002647,4,0x6f10424b4f5ce3b80a999c6937226c59ddaf9def,10000,0,0,0,unknown_transfer_or_unpriced_swap
0x4e3ae00e8323558fa5cac04b152238924aa31b60,0x49b45ff64df3daa4556ea563f80a303ae45f1267074d91935e027c26c538af78,51002799,308,0x457d56fa065caa21c89670359f2b1edce6bb3b2a,4025.566234861136351015,0,0,0,unknown_transfer_or_unpriced_swap
0x0c175c6a0065ee05f871a68783d2de432a1e6cbe,0xcf65bfe1b539497c9909f93427111b723d5388df4a6ce066dafce348b8b6e2da,51002929,1216,0xb92fe925dc43a0ecde6c8b1a2709c170ec4fff4f,140723.562801537472499197,0E-65,0E-65,0E-65,unknown_transfer_or_unpriced_swap
0xf055acd3193f0bc2a46c06e2b3398c6c9b3c0f97,0x3ac7b190ef96d6e996b00637e1db41d82c57bfacf1dc68460ea4d033583cf78c,51002963,208,0xb92fe925dc43a0ecde6c8b1a2709c170ec4fff4f,49042.633258727531100513,49042.633258727531100512000000000000000000000020390422241897909422,792.32732393038253495796384411131126647825398698707592060019487342,0.32046112937332961299999346566225996233639937025758795717633242739,same_tx_swap_flow_allocation
0xf055acd3193f0bc2a46c06e2b3398c6c9b3c0f97,0x754d176c8e91d99bb7a04fa5d6755bd846e0b2c44a0339208c3c44436528380e,51003099,234,0xb92fe925dc43a0ecde6c8b1a2709c170ec4fff4f,61449.603872780006974682,0E-130,0E-130,0E-130,unknown_transfer_or_unpriced_swap
0xf055acd3193f0bc2a46c06e2b3398c6c9b3c0f97,0xff29fbeb7461293fea6ed1c4f7b25c741471f38e96fb58325cb929038c6f5296,51003154,891,0xb92fe925dc43a0ecde6c8b1a2709c170ec4fff4f,65404.9221316938359777,57108.538450945871852722126846472870085611178850510883305283888191,821.93787009646426018648743308846937422424682366151572135543421337,0.33243727708293127499999491724374484287885216491329110333652888757,same_tx_swap_flow_allocation
0xf354bed1675ec3f8ba6fbc27e892ebad86194636,0x363182a7c4620cc7ad706d9a198897e460afc8c9d18517ebd28bc9de0850ed03,51003256,1379,0x7692acc1cdd771d09ebcae3663e1843b2911bec7,277383.762496252241674597,277383.762496252241674597,3845.3068617391410955013,1.55826171915400277,same_tx_swap_flow_allocation
0xf354bed1675ec3f8ba6fbc27e892ebad86194636,0x363182a7c4620cc7ad706d9a198897e460afc8c9d18517ebd28bc9de0850ed03,51003256,1384,0x498581ff718922c3f8e6a244956af099b2652b2b,49028.001778257921106057,0E-66,0E-66,0E-66,unknown_transfer_or_unpriced_swap
0xf0f349d0ed0673a77e0afcdffe00e8c023645a4e,0x8df0f33f2cc6f0a708e69f2164946c507a45f70a1dc9b16b8f925d0334bd170e,51003323,483,0x7692acc1cdd771d09ebcae3663e1843b2911bec7,36877.936138442661122831,36877.936138442661122831,493.538,0.2,same_tx_swap_flow_allocation
0xfc90fd5e560471fab35e3703bf5ea4c54acee766,0xc39efd589e1c9137b16c24d6328757c5386ee411d89325a74d7d87ded246812c,51003325,134,0xb92fe925dc43a0ecde6c8b1a2709c170ec4fff4f,22158.410888234561147416,0E-68,0E-68,0E-68,unknown_transfer_or_unpriced_swap
0x25eded2339466d3b7daf552b24d9b6e09b409b4b,0x9bf12b97b0d22dcd7771a877924e612b15617dad1942b0ed0d5c74e5296cd0ce,51003343,541,0x7692acc1cdd771d09ebcae3663e1843b2911bec7,183337.218307872281641306,183337.218307872281641306,2467.69,1,same_tx_swap_flow_allocation
0x67df1d22c03ce81dcd7c50a65d476b17f4934fd4,0x12aa26185fb2c93f77cf3ec5260470d9ba7bad57bde7af7a6eace9e6d49c256e,51003362,40,0x7692acc1cdd771d09ebcae3663e1843b2911bec7,142544.694456238297318641,142544.694456238297318641,1905.550218,0.7722,same_tx_swap_flow_allocation
0xf055acd3193f0bc2a46c06e2b3398c6c9b3c0f97,0x336fdd55ce3cbee68be6691d7ebc01d4021a829eaa955c2b076feeaf2fa6c995,51003377,116,0xb92fe925dc43a0ecde6c8b1a2709c170ec4fff4f,73003.188591554565770046,25307.134698952915071510000000000000000000000000,341.41976343363331896066000000000000000000000000000000000000000000,0.13835601855728771400000000000000000000000000000000000000000000000,same_tx_swap_flow_allocation
0x8400275efc189259686fa57be45955b740c580d1,0x3e4153e8c4dea60eafcadc03b69e56f75574856add1b8bacc0e7eda061596951,51003390,123,0xb92fe925dc43a0ecde6c8b1a2709c170ec4fff4f,346297.301009704012878538,77197.262669403791826004000000000000000000000000,1049.8996534586876344872000000000000000000000000000000000000000000,0.42448315387112577000000000000000000000000000000000000000000000000,same_tx_swap_flow_allocation
0xf055acd3193f0bc2a46c06e2b3398c6c9b3c0f97,0xf3948d059eb75e9b4b17ef574fab4fe84b7f076c4f6565926b3104257956d924,51003403,588,0xb92fe925dc43a0ecde6c8b1a2709c170ec4fff4f,35093.361766430229808085,0E-202,0E-202,0E-202,unknown_transfer_or_unpriced_swap
0xf055acd3193f0bc2a46c06e2b3398c6c9b3c0f97,0x92aa903db0cdbc72eb75b75df011a9504978ed7d51dc0cca62d7bc76946db02f,51003412,140,0xb92fe925dc43a0ecde6c8b1a2709c170ec4fff4f,34858.361250143250866504,34858.361250143250866504,497.61193194071914045144,0.201188638912539679,same_tx_swap_flow_allocation
0x67505fc71782403718939b4bb3f6ab39be613f4f,0xd234cbf955620d869cf048ba8b0b423c15621d5387a678c828cbd00ca0621eef,51003423,579,0xb92fe925dc43a0ecde6c8b1a2709c170ec4fff4f,69222.050367071614460105,31133.525457447534708782000000000000000000000000,447.50564586539395439792000000000000000000000000000000000000000000,0.18093025110189942200000000000000000000000000000000000000000000000,same_tx_swap_flow_allocation
0x67df1d22c03ce81dcd7c50a65d476b17f4934fd4,0x51f8dd482af8ce44a05ce86780b38e4c49a54ed5c705f2509085658e5240a1ed,51003424,8,0x7692acc1cdd771d09ebcae3663e1843b2911bec7,306728.915756837423754252,306728.915756837423754252,4456.500048,1.8018,same_tx_swap_flow_allocation
0x4e3ae00e8323558fa5cac04b152238924aa31b60,0x675473ad141ae0e73a9115ecc994f394def6f155b6fb67c6b107dc306ccced4f,51003435,371,0xbd46cf0958e4880633d320eed38785ee432269da,8984.36866068014112518,0,0,0,unknown_transfer_or_unpriced_swap
0xac5fdc54868c317f84aed49d8448594991f62c55,0x403f4296310947ba19a5748a2a01589f0c6b23f73846fe29efea23c0121ce350,51003507,520,0xb92fe925dc43a0ecde6c8b1a2709c170ec4fff4f,95460.534340881602485325,66201.319115533454154396000000000000000000000000,963.07869404610133590720000000000000000000000000000000000000000000,0.38938071855536652000000000000000000000000000000000000000000000000,same_tx_swap_flow_allocation
0x4e3ae00e8323558fa5cac04b152238924aa31b60,0xf0949197b8e69c8ac2c5eae65d19de8d8a73726a561cb00cebb3d7328a2a3610,51003549,748,0x5f1c5951c5b1cc112ba9e89b9467edca33063453,10064.349546000503600966,0,0,0,unknown_transfer_or_unpriced_swap
0x4e3ae00e8323558fa5cac04b152238924aa31b60,0xeb88de59aeeb359371424d0ebde988e7ad50b43305867aadf4153c0e9de436ea,51003549,928,0x6f10424b4f5ce3b80a999c6937226c59ddaf9def,10000,0,0,0,unknown_transfer_or_unpriced_swap
0x4e3ae00e8323558fa5cac04b152238924aa31b60,0x96a79438023d14b68ec367476826a1d01884894a282ca2a784cd24fefdba7b9d,51003550,27,0x23e829647939359507c491bef51419698fe3a981,4505.763092951269480699,0,0,0,unknown_transfer_or_unpriced_swap
0x4e3ae00e8323558fa5cac04b152238924aa31b60,0xfc7c2dbc4a009cf418a4a7571e8b656f550911bee95653d08f345fc9eaa042c3,51003550,28,0xbd46cf0958e4880633d320eed38785ee432269da,4205.617859749042120768,0,0,0,unknown_transfer_or_unpriced_swap
0x4e3ae00e8323558fa5cac04b152238924aa31b60,0x2c037fc0d117f868a8880e2897406316d93c4188dffd5f5bcc11c44771705cfc,51003550,511,0x457d56fa065caa21c89670359f2b1edce6bb3b2a,3442.044107401894378043,0,0,0,unknown_transfer_or_unpriced_swap
0x4e3ae00e8323558fa5cac04b152238924aa31b60,0xca2c88c3633e7c7d7ab93b009878bb226ee9016aefbf31e7a9c76412e9cf1456,51003550,552,0xaa5e5c97be235c3b7035bb1492fef2b4167edf05,3435.267041664980426659,0,0,0,unknown_transfer_or_unpriced_swap
0x4e3ae00e8323558fa5cac04b152238924aa31b60,0xa3ecd75eb0036f58331d7883427faf4405d8ee37dccb337cdd57251422df0917,51003723,729,0x45f763185222e947d4fcac85439bdcf1afc0d554,5264,0,0,0,unknown_transfer_or_unpriced_swap
0x4e3ae00e8323558fa5cac04b152238924aa31b60,0x25fee1a86752424509656edb322dce08a960cf05d1380ced8a6ddaf6967f5e87,51003758,74,0x6f10424b4f5ce3b80a999c6937226c59ddaf9def,10000,0,0,0,unknown_transfer_or_unpriced_swap
0x4e3ae00e8323558fa5cac04b152238924aa31b60,0xbe8217712e6db783ff568d409581f527fed413d350326f38fc69b5bd57411ed2,51003817,248,0x6f10424b4f5ce3b80a999c6937226c59ddaf9def,10000,0,0,0,unknown_transfer_or_unpriced_swap
0x4e3ae00e8323558fa5cac04b152238924aa31b60,0x66ea738db9440fdcf7b0302d558504908b6c39ebb655bbbf3da038fcb3418929,51003817,396,0xaa5e5c97be235c3b7035bb1492fef2b4167edf05,6547.342362048313682316,0,0,0,unknown_transfer_or_unpriced_swap
0x862f187ea8714596e5b85efb170d30cbfb632c6a,0xe552b345ced69799644db497fa96abfa5be8555eac9f5edecd3d0a26e6c8e798,51003833,97,0x03a520b32c04bf3beef7beb72e919cf822ed34f1,6259572.961537859193356483,0E-65,0E-65,0E-65,unknown_transfer_or_unpriced_swap
0x37e28bd5d40667420ee9fcafc8c0d7748c674649,0x4de92f67d06642c1758bbbc62e852facd96fd2026accfc57b405171d601c9c39,51004258,557,0x498581ff718922c3f8e6a244956af099b2652b2b,43447.511074405414342784,0E-66,0E-66,0E-66,unknown_transfer_or_unpriced_swap
0x37e28bd5d40667420ee9fcafc8c0d7748c674649,0x4de92f67d06642c1758bbbc62e852facd96fd2026accfc57b405171d601c9c39,51004258,564,0x498581ff718922c3f8e6a244956af099b2652b2b,12288.805004293415875961,0E-201,0E-201,0E-201,unknown_transfer_or_unpriced_swap
0x37e28bd5d40667420ee9fcafc8c0d7748c674649,0x4de92f67d06642c1758bbbc62e852facd96fd2026accfc57b405171d601c9c39,51004258,568,0x498581ff718922c3f8e6a244956af099b2652b2b,4069.165785085164232163,0E-268,0E-268,0E-268,unknown_transfer_or_unpriced_swap
0x37e28bd5d40667420ee9fcafc8c0d7748c674649,0x4de92f67d06642c1758bbbc62e852facd96fd2026accfc57b405171d601c9c39,51004258,584,0x7692acc1cdd771d09ebcae3663e1843b2911bec7,280879.270745494240157798,280879.270745494240157798,4077.61533650210366051596050633,1.648853031414729717,same_tx_swap_flow_allocation
0x4e3ae00e8323558fa5cac04b152238924aa31b60,0x7d63d07ba275356877459f8ff82f458344c6d9a2dae5800c7bca0cf7d1fe257d,51004268,640,0x457d56fa065caa21c89670359f2b1edce6bb3b2a,3481.753019775631031689,0,0,0,unknown_transfer_or_unpriced_swap
0xac5fdc54868c317f84aed49d8448594991f62c55,0x3ba68ab6d50ab3983390d3701a25cc8bd7f7dab87d562760b4ce6f1ad455ce17,51004288,360,0xb92fe925dc43a0ecde6c8b1a2709c170ec4fff4f,53574.104974916340117164,0E-130,0E-130,0E-130,unknown_transfer_or_unpriced_swap
0xac5fdc54868c317f84aed49d8448594991f62c55,0xea4d7588d1bd0107de26770258b0949f2d703b3dc18ef9fb97ffc60135f54b9a,51004352,569,0xb92fe925dc43a0ecde6c8b1a2709c170ec4fff4f,159345.776559494124786465,11945.900319625332167722000000000000000000000000,175.52618835633348405572871718000000000000000000000000000000000000,0.07097699608229438200000000000000000000000000000000000000000000000,same_tx_swap_flow_allocation
0x0ca6cadb6a8ca4199788b9a060c3285fe7b897fd,0x6e52287a58256b4ecb8855b98c7a67d25795d1e7ee5ff2a1b5a3b0374197f551,51004423,992,0xf01a4dabfd54d1a6a1812a95f7151e8da851de2e,12.585796108551891632,0E-673,0E-673,0E-673,unknown_transfer_or_unpriced_swap
0x211c8e97a504d2d142bc945334d4a88bd3270b4d,0x6e52287a58256b4ecb8855b98c7a67d25795d1e7ee5ff2a1b5a3b0374197f551,51004423,1013,0xf01a4dabfd54d1a6a1812a95f7151e8da851de2e,37.333119492023515859,0E-2094,0E-2094,0E-2094,unknown_transfer_or_unpriced_swap
0x25eded2339466d3b7daf552b24d9b6e09b409b4b,0x6e52287a58256b4ecb8855b98c7a67d25795d1e7ee5ff2a1b5a3b0374197f551,51004423,1022,0xf01a4dabfd54d1a6a1812a95f7151e8da851de2e,4.367895608426675859,0E-2699,0E-2699,0E-2699,unknown_transfer_or_unpriced_swap
0x3fa87fac3430294f5461f9599ed2c9bd7b7eda6d,0x6e52287a58256b4ecb8855b98c7a67d25795d1e7ee5ff2a1b5a3b0374197f551,51004423,1041,0xf01a4dabfd54d1a6a1812a95f7151e8da851de2e,63.220840836920449067,0E-3983,0E-3983,0E-3983,unknown_transfer_or_unpriced_swap
0x4552df0be3b02bfb80c3444b3f1465ee0bdb224c,0x6e52287a58256b4ecb8855b98c7a67d25795d1e7ee5ff2a1b5a3b0374197f551,51004423,1047,0xf01a4dabfd54d1a6a1812a95f7151e8da851de2e,15.335617270743839609,0E-4384,0E-4384,0E-4384,unknown_transfer_or_unpriced_swap
0x461d5072f3eef08dedc4a7d74fb6d79f99e25e73,0x6e52287a58256b4ecb8855b98c7a67d25795d1e7ee5ff2a1b5a3b0374197f551,51004423,1048,0xf01a4dabfd54d1a6a1812a95f7151e8da851de2e,12.927771785846019651,0E-4450,0E-4450,0E-4450,unknown_transfer_or_unpriced_swap
0x68ccd83694d6b664a62982310fcefc9f792f39d6,0x6e52287a58256b4ecb8855b98c7a67d25795d1e7ee5ff2a1b5a3b0374197f551,51004423,1074,0xf01a4dabfd54d1a6a1812a95f7151e8da851de2e,11.792838588392101878,0E-6209,0E-6209,0E-6209,unknown_transfer_or_unpriced_swap
0x8da2e73785a202263be1b04d3dcc8137181c89c3,0x6e52287a58256b4ecb8855b98c7a67d25795d1e7ee5ff2a1b5a3b0374197f551,51004423,1112,0xf01a4dabfd54d1a6a1812a95f7151e8da851de2e,62.059923796965335418,0E-8769,0E-8769,0E-8769,unknown_transfer_or_unpriced_swap
0xcdb95f2acdb4917372259648a7342a524ea6fc73,0xa59505d1e268061eb0a1b6c783a2e5ec4125a6b987acacb80e5aac5f8948c49c,51004424,491,0xf01a4dabfd54d1a6a1812a95f7151e8da851de2e,24.741820345538439153,0E-2337,0E-2337,0E-2337,unknown_transfer_or_unpriced_swap
0xd8b7f8ee88f4a19933e21724a3227b04cc31e9fe,0xa59505d1e268061eb0a1b6c783a2e5ec4125a6b987acacb80e5aac5f8948c49c,51004424,499,0xf01a4dabfd54d1a6a1812a95f7151e8da851de2e,13.330326296938902046,0E-2876,0E-2876,0E-2876,unknown_transfer_or_unpriced_swap
0xfc90fd5e560471fab35e3703bf5ea4c54acee766,0xa59505d1e268061eb0a1b6c783a2e5ec4125a6b987acacb80e5aac5f8948c49c,51004424,527,0xf01a4dabfd54d1a6a1812a95f7151e8da851de2e,37.659247682129284931,0E-4738,0E-4738,0E-4738,unknown_transfer_or_unpriced_swap
0x1045162ce57c1075c1bc545e9a9affdb39287cb6,0x76f4fdba1cde128a0294093ad08a57084e1af2f7da14b2d5f871201eb38948d8,51004598,684,0xb92fe925dc43a0ecde6c8b1a2709c170ec4fff4f,64027.577523784980174873,60827.271673815881739217000000000000000000000000,936.42531039191842475278384692000000000000000000000000000000000000,0.37841792657726596200000000000000000000000000000000000000000000000,same_tx_swap_flow_allocation
0x4e3ae00e8323558fa5cac04b152238924aa31b60,0x0bffa819330694969a5555fa074a75ab560949e591c54cbb5fc6468664063651,51004656,290,0x6f10424b4f5ce3b80a999c6937226c59ddaf9def,10000,0,0,0,unknown_transfer_or_unpriced_swap
0xe48b6e0e9900d68ba93ac417d9e2ce911c52f753,0xc4b91accfe7c95db97aa17dae5eb025e6c4537888d7d7ec3a0eeead7df0a42a9,51004866,123,0xb92fe925dc43a0ecde6c8b1a2709c170ec4fff4f,982274.889107986710632684,711513.09459059095199719900000000000000000000000,11149.447180396173282068050000000000000000000000000000000000000000,4.5050273670329482450000000000000000000000000000000000000000000000,same_tx_swap_flow_allocation
0xac5fdc54868c317f84aed49d8448594991f62c55,0x43799d56b602258387d509a45eadd2dd818b4528a165255d1ae9686fe277e709,51005002,544,0xb92fe925dc43a0ecde6c8b1a2709c170ec4fff4f,103327.547092365827192123,98102.729624515615517160000000000000000000000000,1588.1454892305981685934889997200000000000000000000000000000000000,0.64037652309237885400000000000000000000000000000000000000000000000,same_tx_swap_flow_allocation
0xac5fdc54868c317f84aed49d8448594991f62c55,0xb1c8cbeae23c2e81de4b491b52aeb4de2170ee7109ba7222c1eedd41289c08d7,51005024,563,0xb92fe925dc43a0ecde6c8b1a2709c170ec4fff4f,112245.870456005550152611,98224.585605904083942857000000000000000000000000,1625.5816209813697624968505015200000000000000000000000000000000000,0.65547162618661836400000000000000000000000000000000000000000000000,same_tx_swap_flow_allocation
0x211c8e97a504d2d142bc945334d4a88bd3270b4d,0x380cfa27314d040b9f475fbecb9bf517e17a454affcf8f42aaec27eeb2ef96b0,51005171,143,0x7273a102a1a20dd0eb01c23ce4b57daf6160bf77,43.986378817943131696,0E-1079,0E-1079,0E-1079,unknown_transfer_or_unpriced_swap
0x25eded2339466d3b7daf552b24d9b6e09b409b4b,0x380cfa27314d040b9f475fbecb9bf517e17a454affcf8f42aaec27eeb2ef96b0,51005171,149,0x7273a102a1a20dd0eb01c23ce4b57daf6160bf77,9.098859130324702173,0E-1484,0E-1484,0E-1484,unknown_transfer_or_unpriced_swap
0x27251ef93006c0f3ea2031d709d0ba9b3c4f3eef,0x380cfa27314d040b9f475fbecb9bf517e17a454affcf8f42aaec27eeb2ef96b0,51005171,150,0x7273a102a1a20dd0eb01c23ce4b57daf6160bf77,1.26971128997577551,0E-1551,0E-1551,0E-1551,unknown_transfer_or_unpriced_swap
0x2bb2173427bb17b78adaa3d5fad9716328c3d262,0x380cfa27314d040b9f475fbecb9bf517e17a454affcf8f42aaec27eeb2ef96b0,51005171,155,0x7273a102a1a20dd0eb01c23ce4b57daf6160bf77,10.699194980136481934,0E-1890,0E-1890,0E-1890,unknown_transfer_or_unpriced_swap
0x461d5072f3eef08dedc4a7d74fb6d79f99e25e73,0x380cfa27314d040b9f475fbecb9bf517e17a454affcf8f42aaec27eeb2ef96b0,51005171,175,0x7273a102a1a20dd0eb01c23ce4b57daf6160bf77,32.212230426338868724,0E-3235,0E-3235,0E-3235,unknown_transfer_or_unpriced_swap
0x5c3e5b6780dc15b705f606f19b6a9206fea39cdf,0x380cfa27314d040b9f475fbecb9bf517e17a454affcf8f42aaec27eeb2ef96b0,51005171,188,0x7273a102a1a20dd0eb01c23ce4b57daf6160bf77,17.814932419942435619,0E-4107,0E-4107,0E-4107,unknown_transfer_or_unpriced_swap
0x9622a7905307abe9686999c400b85a7b30775345,0x380cfa27314d040b9f475fbecb9bf517e17a454affcf8f42aaec27eeb2ef96b0,51005171,223,0x7273a102a1a20dd0eb01c23ce4b57daf6160bf77,42.926274655572775016,0E-6464,0E-6464,0E-6464,unknown_transfer_or_unpriced_swap
0xd8b7f8ee88f4a19933e21724a3227b04cc31e9fe,0x380cfa27314d040b9f475fbecb9bf517e17a454affcf8f42aaec27eeb2ef96b0,51005171,262,0x7273a102a1a20dd0eb01c23ce4b57daf6160bf77,13.549280324439912374,0E-9082,0E-9082,0E-9082,unknown_transfer_or_unpriced_swap
0xf055acd3193f0bc2a46c06e2b3398c6c9b3c0f97,0x380cfa27314d040b9f475fbecb9bf517e17a454affcf8f42aaec27eeb2ef96b0,51005171,276,0x7273a102a1a20dd0eb01c23ce4b57daf6160bf77,47.037224117608084017,0E-10012,0E-10012,0E-10012,unknown_transfer_or_unpriced_swap
0xfc90fd5e560471fab35e3703bf5ea4c54acee766,0x7a8bb5f0ed789a7a305bcac031daab1328bacfdbece42f780b9192dc462884ec,51005173,215,0x7273a102a1a20dd0eb01c23ce4b57daf6160bf77,35.20587149094896494,0E-788,0E-788,0E-788,unknown_transfer_or_unpriced_swap
0x4e3ae00e8323558fa5cac04b152238924aa31b60,0xe116bfdb53ecd3a4adbed16c8a35b8ce438b0da12f8d25f7697428cc5ece54a6,51005888,40,0x5f1c5951c5b1cc112ba9e89b9467edca33063453,6538.396189062810286089,0,0,0,unknown_transfer_or_unpriced_swap
0x4e3ae00e8323558fa5cac04b152238924aa31b60,0x9e768e7b5f754386469fcd255b41480fdecfdc9050cdc42981e80d8b65692eee,51006082,372,0xbd46cf0958e4880633d320eed38785ee432269da,47831.299648612148760028,0,0,0,unknown_transfer_or_unpriced_swap
0x4e3ae00e8323558fa5cac04b152238924aa31b60,0xcb725f956cb9744ea3b5996b1b39eab8d87f65b7d4adad1615ae104e9a261d53,51006082,471,0x23e829647939359507c491bef51419698fe3a981,25103.587856143684445243,0,0,0,unknown_transfer_or_unpriced_swap
0x4e3ae00e8323558fa5cac04b152238924aa31b60,0x0d160b785ea6338ee0f7b78ae1a570b4e310da52919de25db5e33ae14513864d,51006082,555,0x6f10424b4f5ce3b80a999c6937226c59ddaf9def,20000,0,0,0,unknown_transfer_or_unpriced_swap
0x4e3ae00e8323558fa5cac04b152238924aa31b60,0xc16a96d11e063894a3768400a3703a880076ecc4a4ca2e61f7bf0f9e3833a979,51006082,687,0xaa5e5c97be235c3b7035bb1492fef2b4167edf05,3146.293939564525133892,0,0,0,unknown_transfer_or_unpriced_swap
0x4e3ae00e8323558fa5cac04b152238924aa31b60,0xff19e27fc66d685cb1f717ce185d7ee5a53a617964b3168821b21ff2f1e7791f,51006083,1,0x457d56fa065caa21c89670359f2b1edce6bb3b2a,3067.415780808658094693,0,0,0,unknown_transfer_or_unpriced_swap
0x4e3ae00e8323558fa5cac04b152238924aa31b60,0x9bcbc37bf2883941e023f83d5b3843d7327bf9ac319b7eb94cdcbf4b32274d06,51006188,2748,0x45f763185222e947d4fcac85439bdcf1afc0d554,3362.21,0,0,0,unknown_transfer_or_unpriced_swap
0x0ca6cadb6a8ca4199788b9a060c3285fe7b897fd,0xe96df4b53333f32f96b3b20ff2474175ffc5762fb66f0c8dbe95bc1f1f85bfd8,51006400,731,0xb1f3a7b816b0681188f54dfa400991b93adf00ed,314552.68511467015201036,289325.37123304006312057400000000000000000000000,4597.5565825876625607281800136600000000000000000000000000000000000,1.8476828693200248790000000000000000000000000000000000000000000000,same_tx_swap_flow_allocation
0x0ca6cadb6a8ca4199788b9a060c3285fe7b897fd,0x224258d1471143005ed7a1e264f5462664f71a1247c39af7238cf86778ab7bc6,51006418,307,0xb1f3a7b816b0681188f54dfa400991b93adf00ed,311934.957340060653012625,301261.45947054768494189503421706230211669261582147587978395579412,4827.2190115403208733685412413181024688604622461408410886236987319,1.9399804469745056599999937808174386187618690906765533351990674835,same_tx_swap_flow_allocation
0x0ca6cadb6a8ca4199788b9a060c3285fe7b897fd,0xef3ea9192d8cde6501f526863ad09f01902956ef0d2ad7c70777f15bc270f086,51006674,259,0xb1f3a7b816b0681188f54dfa400991b93adf00ed,304501.364205132507979169,292499.48849580629128232300000000000000000000000,4797.7394067348351150208895432700000000000000000000000000000000000,1.9288679192087187210000000000000000000000000000000000000000000000,same_tx_swap_flow_allocation
0x0ca6cadb6a8ca4199788b9a060c3285fe7b897fd,0x61b00cfb72367d754bc516f0523b104605e893b212191d90a86ff0dec1a1fcbd,51006699,396,0xf01a4dabfd54d1a6a1812a95f7151e8da851de2e,25.429670283484585912,0E-672,0E-672,0E-672,unknown_transfer_or_unpriced_swap
0x211c8e97a504d2d142bc945334d4a88bd3270b4d,0x61b00cfb72367d754bc516f0523b104605e893b212191d90a86ff0dec1a1fcbd,51006699,418,0xf01a4dabfd54d1a6a1812a95f7151e8da851de2e,36.196215060237834109,0E-2160,0E-2160,0E-2160,unknown_transfer_or_unpriced_swap
0x25eded2339466d3b7daf552b24d9b6e09b409b4b,0x61b00cfb72367d754bc516f0523b104605e893b212191d90a86ff0dec1a1fcbd,51006699,427,0xf01a4dabfd54d1a6a1812a95f7151e8da851de2e,4.23488020702528748,0E-2765,0E-2765,0E-2765,unknown_transfer_or_unpriced_swap
0x3fa87fac3430294f5461f9599ed2c9bd7b7eda6d,0x61b00cfb72367d754bc516f0523b104605e893b212191d90a86ff0dec1a1fcbd,51006699,446,0xf01a4dabfd54d1a6a1812a95f7151e8da851de2e,61.295578359348252256,0E-4049,0E-4049,0E-4049,unknown_transfer_or_unpriced_swap
0x4552df0be3b02bfb80c3444b3f1465ee0bdb224c,0x61b00cfb72367d754bc516f0523b104605e893b212191d90a86ff0dec1a1fcbd,51006699,452,0xf01a4dabfd54d1a6a1812a95f7151e8da851de2e,14.868602151822345486,0E-4450,0E-4450,0E-4450,unknown_transfer_or_unpriced_swap
0x461d5072f3eef08dedc4a7d74fb6d79f99e25e73,0x61b00cfb72367d754bc516f0523b104605e893b212191d90a86ff0dec1a1fcbd,51006699,453,0xf01a4dabfd54d1a6a1812a95f7151e8da851de2e,12.53408271736133297,0E-4516,0E-4516,0E-4516,unknown_transfer_or_unpriced_swap
0x68ccd83694d6b664a62982310fcefc9f792f39d6,0x61b00cfb72367d754bc516f0523b104605e893b212191d90a86ff0dec1a1fcbd,51006699,480,0xf01a4dabfd54d1a6a1812a95f7151e8da851de2e,11.433711608463710025,0E-6342,0E-6342,0E-6342,unknown_transfer_or_unpriced_swap
0x8da2e73785a202263be1b04d3dcc8137181c89c3,0x61b00cfb72367d754bc516f0523b104605e893b212191d90a86ff0dec1a1fcbd,51006699,518,0xf01a4dabfd54d1a6a1812a95f7151e8da851de2e,60.17001469317007358,0E-8902,0E-8902,0E-8902,unknown_transfer_or_unpriced_swap
0xcdb95f2acdb4917372259648a7342a524ea6fc73,0xd84709dc89fdb003cf712a64d68cd538cae937968d4cbdb2d12a70d2b55efb18,51006700,535,0xf01a4dabfd54d1a6a1812a95f7151e8da851de2e,23.988358390469354272,0E-2539,0E-2539,0E-2539,unknown_transfer_or_unpriced_swap
0xd8b7f8ee88f4a19933e21724a3227b04cc31e9fe,0xd84709dc89fdb003cf712a64d68cd538cae937968d4cbdb2d12a70d2b55efb18,51006700,542,0xf01a4dabfd54d1a6a1812a95f7151e8da851de2e,12.924378247315642149,0E-3010,0E-3010,0E-3010,unknown_transfer_or_unpriced_swap
0xfc90fd5e560471fab35e3703bf5ea4c54acee766,0xd84709dc89fdb003cf712a64d68cd538cae937968d4cbdb2d12a70d2b55efb18,51006700,570,0xf01a4dabfd54d1a6a1812a95f7151e8da851de2e,36.512411677796050297,0E-4872,0E-4872,0E-4872,unknown_transfer_or_unpriced_swap
0x368ef27439a75ff818ba4b1eeaf3c231c979ef05,0xd77fba6ae7e59e5c7a30734ccbc6bbb875db330b50dfdd686957ae36d9d752e7,51006730,353,0x6a000f20005980200259b80c5102003040001068,422298.31760002567423203,278760.41204210363021671333989693914402967875436023166268780362378,4618.3669742398841524018250321234278605627763544990464848719847971,1.8567535959204916969999956032181078232673191177530863516479031435,same_tx_swap_flow_allocation
0x4e3ae00e8323558fa5cac04b152238924aa31b60,0x41b9134c27c67886f7acb7dd60a67f222661ff3d4ad8a8b3fed79e3e72ff89ba,51006761,707,0x45f763185222e947d4fcac85439bdcf1afc0d554,3368.345137156141966029,0,0,0,unknown_transfer_or_unpriced_swap
0x4e3ae00e8323558fa5cac04b152238924aa31b60,0x0a0952b05eb66803cfbf2dc87a8eb004358caf86089057446200617c64e29e75,51006923,501,0x5f1c5951c5b1cc112ba9e89b9467edca33063453,3029.782790178801560811,0,0,0,unknown_transfer_or_unpriced_swap
0x4e3ae00e8323558fa5cac04b152238924aa31b60,0x0fd6757c0251fbe7157ff4445d81776b0bf4f95e8dc9002ee21c074df95e661f,51007508,67,0xbd46cf0958e4880633d320eed38785ee432269da,23351.012342477512063319,0,0,0,unknown_transfer_or_unpriced_swap
0x4e3ae00e8323558fa5cac04b152238924aa31b60,0xe06c021df302f6be3cfd444662e220068a84e90bf0631fdf6647e063bfbb868e,51007508,537,0x6f10424b4f5ce3b80a999c6937226c59ddaf9def,20000,0,0,0,unknown_transfer_or_unpriced_swap
0x4e3ae00e8323558fa5cac04b152238924aa31b60,0x80c9773dc91fa2d25c7287aa23bd9e6e020a7ca37af931c6c7f24ed04ac9726f,51007508,585,0x5f1c5951c5b1cc112ba9e89b9467edca33063453,8856.530615458090169309,0,0,0,unknown_transfer_or_unpriced_swap
0x4e3ae00e8323558fa5cac04b152238924aa31b60,0x8edbdc10602406dda9b2d88be2b96dcbe765569b90840650993a4535408f98b8,51007508,927,0x45f763185222e947d4fcac85439bdcf1afc0d554,6824.440997505945997147,0,0,0,unknown_transfer_or_unpriced_swap
0x4e3ae00e8323558fa5cac04b152238924aa31b60,0x5c33144ff95800b4e758628c7fed1e1277b3943e39fa1e9debf672c2789445d5,51007508,1023,0xaa5e5c97be235c3b7035bb1492fef2b4167edf05,5825.463722889295301458,0,0,0,unknown_transfer_or_unpriced_swap
0x4e3ae00e8323558fa5cac04b152238924aa31b60,0x8627f914439d7ef9d9ea4642f37a50701ff74856810c2b50b8d958f02c583acb,51007508,1123,0x23e829647939359507c491bef51419698fe3a981,5820.989932471608177427,0,0,0,unknown_transfer_or_unpriced_swap
0x4e3ae00e8323558fa5cac04b152238924aa31b60,0xbc4dfea2557e0af7aae40418cd935fa9c91ab9ef928f795b3ecf85cc204e178c,51007508,1292,0x457d56fa065caa21c89670359f2b1edce6bb3b2a,4450.942779280952341034,0,0,0,unknown_transfer_or_unpriced_swap
0x8da2e73785a202263be1b04d3dcc8137181c89c3,0xda0de7a555968c53a02762e6806f218a9fc6d6eb662040f87ca18918d11fe7c5,51008307,242,0xb92fe925dc43a0ecde6c8b1a2709c170ec4fff4f,2930.919783381607955276,0E-67,0E-67,0E-67,unknown_transfer_or_unpriced_swap
0x8da2e73785a202263be1b04d3dcc8137181c89c3,0xdae6051d1b1208e743c404f9f072090f4483b3cc73b18d7963fb3a05552e88a2,51008326,283,0xb92fe925dc43a0ecde6c8b1a2709c170ec4fff4f,7218.966160127080128222,0E-131,0E-131,0E-131,unknown_transfer_or_unpriced_swap
0xfc90fd5e560471fab35e3703bf5ea4c54acee766,0x87f4d7c1c67766addbdf8ecd4d3eb5d4754fc566009d4fbf8c7bd8b164ebd456,51008809,276,0xb92fe925dc43a0ecde6c8b1a2709c170ec4fff4f,100672.069021745578058633,13318.133961752065406793867707755575428830422591204956630780554469,227.51885467309822784208774000021173744600367823651256450497738266,0.091419661704201832999999091906398740500578077266924320639433519371,same_tx_swap_flow_allocation
0x8da2e73785a202263be1b04d3dcc8137181c89c3,0x45d0388c36b9df6773e3d50635d190dd12ab578263529442457c9207955ce085,51008881,132,0xb92fe925dc43a0ecde6c8b1a2709c170ec4fff4f,12006.468308567979842909,0E-66,0E-66,0E-66,unknown_transfer_or_unpriced_swap
0x8da2e73785a202263be1b04d3dcc8137181c89c3,0x587d7dc8c7a7909ec96b843f5e0533c700468b1aba442771ac918f3333f82069,51009085,486,0xb92fe925dc43a0ecde6c8b1a2709c170ec4fff4f,1718.909823205187249716,86.901996346190469759000000000000000000000000000,1.4887230000000000000000000000000000000000000000000000000000000000,0.00059702072023614316845902305809493769573275916792691559398444620893,same_tx_swap_flow_allocation
0xddd24286c8bf7b327c152021f0413d7a779347df,0x9bff03bb89b6caa8b04aac3efa967eff428bf53b9515885dbc75df0468a15073,51009176,210,0xf8b2807ac2f4cb0b296d1293376cef2636a37c9b,3474642.593997029978669907,0E-65,0E-65,0E-65,unknown_transfer_or_unpriced_swap
0x8da2e73785a202263be1b04d3dcc8137181c89c3,0x05236c4435d95f732ae3ca276f58e5f34c1d41b3f8dc19474ad55441e953a4b0,51010721,363,0xb92fe925dc43a0ecde6c8b1a2709c170ec4fff4f,5679.393377379799247888,5679.39337737979924788700000000000000000000017607514281064859459,93.864723468046078814851826905410481748049182229145272779788488482,0.037592387601359294999993380914984497406563532222623236581936183470,same_tx_swap_flow_allocation
0x2bb2173427bb17b78adaa3d5fad9716328c3d262,0x69b875b65d4b3445cfee474af7b5fb1419555311c6d324c7b90424a46fbc366f,51011653,396,0xb92fe925dc43a0ecde6c8b1a2709c170ec4fff4f,10371.743369201565054461,0E-67,0E-67,0E-67,unknown_transfer_or_unpriced_swap
0x2bb2173427bb17b78adaa3d5fad9716328c3d262,0x0b604c3cd6f83aeb8be584cb69c6006100f50f38a507abc7e2d72bb0ad385665,51011657,505,0xb92fe925dc43a0ecde6c8b1a2709c170ec4fff4f,30602.469801197655084566,0E-67,0E-67,0E-67,unknown_transfer_or_unpriced_swap
0x67505fc71782403718939b4bb3f6ab39be613f4f,0x5a7459b77e984a38f05123179f29fe855d73f4dacb22e236f8b1e06463dd1419,51012428,314,0x3e6d39d445f1482ab79dbc233711006301972d60,607588.261904926607037858,0E-65,0E-65,0E-65,unknown_transfer_or_unpriced_swap
0xfc90fd5e560471fab35e3703bf5ea4c54acee766,0xe59ef530df6a54fafc5729edffb102ef4c41bed10035e96cf5d43face9e316e9,51013788,80,0xb92fe925dc43a0ecde6c8b1a2709c170ec4fff4f,55536.382516637034145474,0E-67,0E-67,0E-67,unknown_transfer_or_unpriced_swap
0x0ca6cadb6a8ca4199788b9a060c3285fe7b897fd,0xd957372ba93aaa03b7c861c6b82dfbcc7c0e55b4766a4462c509db6ef2193e32,51015260,381,0xb1f3a7b816b0681188f54dfa400991b93adf00ed,327440.131280913425315751,318435.01660160686667694002750156080160193007161844652066717585917,4861.5106982308114008064542857784110058161731397734868698936532552,1.9533217789365428799999940345681780197767102654006549918375985174,same_tx_swap_flow_allocation
0x0ca6cadb6a8ca4199788b9a060c3285fe7b897fd,0xbef7fe76eb55dc9851653898fd9a05c497ea0310946ff8ff1352f87cbaf1b022,51015347,101,0xf01a4dabfd54d1a6a1812a95f7151e8da851de2e,30.32167234974445452,0E-672,0E-672,0E-672,unknown_transfer_or_unpriced_swap
0x211c8e97a504d2d142bc945334d4a88bd3270b4d,0xbef7fe76eb55dc9851653898fd9a05c497ea0310946ff8ff1352f87cbaf1b022,51015347,123,0xf01a4dabfd54d1a6a1812a95f7151e8da851de2e,33.525376030165118016,0E-2160,0E-2160,0E-2160,unknown_transfer_or_unpriced_swap
0x25eded2339466d3b7daf552b24d9b6e09b409b4b,0xbef7fe76eb55dc9851653898fd9a05c497ea0310946ff8ff1352f87cbaf1b022,51015347,131,0xf01a4dabfd54d1a6a1812a95f7151e8da851de2e,3.922397718848490716,0E-2699,0E-2699,0E-2699,unknown_transfer_or_unpriced_swap
0x3fa87fac3430294f5461f9599ed2c9bd7b7eda6d,0xbef7fe76eb55dc9851653898fd9a05c497ea0310946ff8ff1352f87cbaf1b022,51015347,150,0xf01a4dabfd54d1a6a1812a95f7151e8da851de2e,56.772712563005175696,0E-3985,0E-3985,0E-3985,unknown_transfer_or_unpriced_swap
0x4552df0be3b02bfb80c3444b3f1465ee0bdb224c,0xbef7fe76eb55dc9851653898fd9a05c497ea0310946ff8ff1352f87cbaf1b022,51015347,157,0xf01a4dabfd54d1a6a1812a95f7151e8da851de2e,13.771480729496224526,0E-4454,0E-4454,0E-4454,unknown_transfer_or_unpriced_swap
0x461d5072f3eef08dedc4a7d74fb6d79f99e25e73,0xbef7fe76eb55dc9851653898fd9a05c497ea0310946ff8ff1352f87cbaf1b022,51015347,158,0xf01a4dabfd54d1a6a1812a95f7151e8da851de2e,11.609220345094596515,0E-4520,0E-4520,0E-4520,unknown_transfer_or_unpriced_swap
0x68ccd83694d6b664a62982310fcefc9f792f39d6,0xbef7fe76eb55dc9851653898fd9a05c497ea0310946ff8ff1352f87cbaf1b022,51015347,186,0xf01a4dabfd54d1a6a1812a95f7151e8da851de2e,10.59004319806058881,0E-6415,0E-6415,0E-6415,unknown_transfer_or_unpriced_swap
0x8da2e73785a202263be1b04d3dcc8137181c89c3,0xbef7fe76eb55dc9851653898fd9a05c497ea0310946ff8ff1352f87cbaf1b022,51015347,226,0xf01a4dabfd54d1a6a1812a95f7151e8da851de2e,55.730201762035624287,0E-9111,0E-9111,0E-9111,unknown_transfer_or_unpriced_swap
0xcdb95f2acdb4917372259648a7342a524ea6fc73,0x11e18e65e4fe528785c887818c96e3228522be345eeb62d853df3a99c769e0b6,51015348,477,0xf01a4dabfd54d1a6a1812a95f7151e8da851de2e,22.218310230737349042,0E-2877,0E-2877,0E-2877,unknown_transfer_or_unpriced_swap
0xd8b7f8ee88f4a19933e21724a3227b04cc31e9fe,0x11e18e65e4fe528785c887818c96e3228522be345eeb62d853df3a99c769e0b6,51015348,485,0xf01a4dabfd54d1a6a1812a95f7151e8da851de2e,11.970716827056454229,0E-3416,0E-3416,0E-3416,unknown_transfer_or_unpriced_swap
0xfc90fd5e560471fab35e3703bf5ea4c54acee766,0x11e18e65e4fe528785c887818c96e3228522be345eeb62d853df3a99c769e0b6,51015348,512,0xf01a4dabfd54d1a6a1812a95f7151e8da851de2e,33.818241195361643251,0E-5211,0E-5211,0E-5211,unknown_transfer_or_unpriced_swap
0x979e5a4f228bca19add8a306acb4ded5287c452f,0x6a92c6098803fe12aec76e527957931084f772391e9c83b6336a71a96540fefd,51016147,507,0xb92fe925dc43a0ecde6c8b1a2709c170ec4fff4f,1116060.800541656717572549,751786.91107038262775776600000000000000000000000,11462.380084838341835907669282240000000000000000000000000000000000,4.6206721145433927520000000000000000000000000000000000000000000000,same_tx_swap_flow_allocation
0x8da2e73785a202263be1b04d3dcc8137181c89c3,0x5c83c66a3163f00c69b61cc57ec7b78e3470c9e0569b5e9fc2c9c92b4690a646,51016231,514,0xb92fe925dc43a0ecde6c8b1a2709c170ec4fff4f,27958.531819511001240793,23545.234625279127279063157851536079302720947080838973782071631183,365.73910679673115321275587341527977952373718281263271026866901427,0.14743539120719164499999472664043452013027469599268801503956666991,same_tx_swap_flow_allocation
0x4e3ae00e8323558fa5cac04b152238924aa31b60,0x3fa3a2ee04d045234be03f9bed0b13e0060a367f46683b6f35330e281f6716e7,51016432,431,0x6f10424b4f5ce3b80a999c6937226c59ddaf9def,10000,0,0,0,unknown_transfer_or_unpriced_swap
0x0ca6cadb6a8ca4199788b9a060c3285fe7b897fd,0x10a711838fac3e687e0bb4ce5cb731a972d25846211f71b8cc25c4e00208c24a,51017286,338,0xf01a4dabfd54d1a6a1812a95f7151e8da851de2e,37.331510760057518735,0E-672,0E-672,0E-672,unknown_transfer_or_unpriced_swap
0x211c8e97a504d2d142bc945334d4a88bd3270b4d,0x10a711838fac3e687e0bb4ce5cb731a972d25846211f71b8cc25c4e00208c24a,51017286,360,0xf01a4dabfd54d1a6a1812a95f7151e8da851de2e,41.275854496713845767,0E-2161,0E-2161,0E-2161,unknown_transfer_or_unpriced_swap
0x25eded2339466d3b7daf552b24d9b6e09b409b4b,0x10a711838fac3e687e0bb4ce5cb731a972d25846211f71b8cc25c4e00208c24a,51017286,368,0xf01a4dabfd54d1a6a1812a95f7151e8da851de2e,4.829187221517205476,0E-2700,0E-2700,0E-2700,unknown_transfer_or_unpriced_swap
0x3fa87fac3430294f5461f9599ed2c9bd7b7eda6d,0x10a711838fac3e687e0bb4ce5cb731a972d25846211f71b8cc25c4e00208c24a,51017286,387,0xf01a4dabfd54d1a6a1812a95f7151e8da851de2e,69.897567174962973187,0E-3986,0E-3986,0E-3986,unknown_transfer_or_unpriced_swap
0x4552df0be3b02bfb80c3444b3f1465ee0bdb224c,0x10a711838fac3e687e0bb4ce5cb731a972d25846211f71b8cc25c4e00208c24a,51017286,394,0xf01a4dabfd54d1a6a1812a95f7151e8da851de2e,16.955205343066966408,0E-4455,0E-4455,0E-4455,unknown_transfer_or_unpriced_swap
0x461d5072f3eef08dedc4a7d74fb6d79f99e25e73,0x10a711838fac3e687e0bb4ce5cb731a972d25846211f71b8cc25c4e00208c24a,51017286,395,0xf01a4dabfd54d1a6a1812a95f7151e8da851de2e,14.293068311993356121,0E-4521,0E-4521,0E-4521,unknown_transfer_or_unpriced_swap
0x68ccd83694d6b664a62982310fcefc9f792f39d6,0x10a711838fac3e687e0bb4ce5cb731a972d25846211f71b8cc25c4e00208c24a,51017286,423,0xf01a4dabfd54d1a6a1812a95f7151e8da851de2e,13.03827529820282754,0E-6416,0E-6416,0E-6416,unknown_transfer_or_unpriced_swap
0x8da2e73785a202263be1b04d3dcc8137181c89c3,0x10a711838fac3e687e0bb4ce5cb731a972d25846211f71b8cc25c4e00208c24a,51017286,462,0xf01a4dabfd54d1a6a1812a95f7151e8da851de2e,68.614046176023117921,0E-9043,0E-9043,0E-9043,unknown_transfer_or_unpriced_swap
0xcdb95f2acdb4917372259648a7342a524ea6fc73,0xbfa90dc76721b00739e12b24dc093c9778762520a7f66933ccd523710d12f664,51017287,269,0xf01a4dabfd54d1a6a1812a95f7151e8da851de2e,27.354793557620438816,0E-2877,0E-2877,0E-2877,unknown_transfer_or_unpriced_swap
0xd8b7f8ee88f4a19933e21724a3227b04cc31e9fe,0xbfa90dc76721b00739e12b24dc093c9778762520a7f66933ccd523710d12f664,51017287,277,0xf01a4dabfd54d1a6a1812a95f7151e8da851de2e,14.73813643522949963,0E-3416,0E-3416,0E-3416,unknown_transfer_or_unpriced_swap
0xfc90fd5e560471fab35e3703bf5ea4c54acee766,0xbfa90dc76721b00739e12b24dc093c9778762520a7f66933ccd523710d12f664,51017287,304,0xf01a4dabfd54d1a6a1812a95f7151e8da851de2e,41.63642494743544809,0E-5212,0E-5212,0E-5212,unknown_transfer_or_unpriced_swap
0x862f187ea8714596e5b85efb170d30cbfb632c6a,0x42a1706880383ebd2c3b884429bc39813605b9450aadf0d6f0f5c0f32ad8d757,51019048,39,0x03a520b32c04bf3beef7beb72e919cf822ed34f1,5011690.61730184874316651,0E-65,0E-65,0E-65,unknown_transfer_or_unpriced_swap
0x4e3ae00e8323558fa5cac04b152238924aa31b60,0x27cd617c4e1c95a48dfc7e28e9b81d5085eaad78428bbbad221702fc3af5d4eb,51019216,16,0x6f10424b4f5ce3b80a999c6937226c59ddaf9def,10000,0,0,0,unknown_transfer_or_unpriced_swap
0x4e3ae00e8323558fa5cac04b152238924aa31b60,0x3e66fc8a179971590d5f367cdbd18b2acf022d20691f409661c125b580da9e85,51019216,227,0x5f1c5951c5b1cc112ba9e89b9467edca33063453,5901.345134264285916758,0,0,0,unknown_transfer_or_unpriced_swap
0x4e3ae00e8323558fa5cac04b152238924aa31b60,0x42d86e4ddb873c0abe5796944c8e2c045842feb65395e039e2dea6022d292567,51019216,276,0x457d56fa065caa21c89670359f2b1edce6bb3b2a,4588.923090368182979397,0,0,0,unknown_transfer_or_unpriced_swap
0x4e3ae00e8323558fa5cac04b152238924aa31b60,0xcc8fc976c05e60cf9678316cbb997bb35b8ab134f3dab29a0db1f0f662488525,51019318,448,0xaa5e5c97be235c3b7035bb1492fef2b4167edf05,3084.923284548513671983,0,0,0,unknown_transfer_or_unpriced_swap
0x4e3ae00e8323558fa5cac04b152238924aa31b60,0x68e5fcf36387b041ef5f1eed808803295167f056487938559951e8b116c5fccf,51019561,5,0x6f10424b4f5ce3b80a999c6937226c59ddaf9def,10000,0,0,0,unknown_transfer_or_unpriced_swap
0x211c8e97a504d2d142bc945334d4a88bd3270b4d,0xb07766cc21fbd34d32d15f3be3fe8e1777f428b0ae7a52fe5b3447af489c5d51,51019887,675,0x7273a102a1a20dd0eb01c23ce4b57daf6160bf77,68.386963056151366518,0E-1211,0E-1211,0E-1211,unknown_transfer_or_unpriced_swap
0x25eded2339466d3b7daf552b24d9b6e09b409b4b,0xb07766cc21fbd34d32d15f3be3fe8e1777f428b0ae7a52fe5b3447af489c5d51,51019887,680,0x7273a102a1a20dd0eb01c23ce4b57daf6160bf77,14.146273458291877206,0E-1548,0E-1548,0E-1548,unknown_transfer_or_unpriced_swap
0x27251ef93006c0f3ea2031d709d0ba9b3c4f3eef,0xb07766cc21fbd34d32d15f3be3fe8e1777f428b0ae7a52fe5b3447af489c5d51,51019887,681,0x7273a102a1a20dd0eb01c23ce4b57daf6160bf77,1.974058820321232202,0E-1615,0E-1615,0E-1615,unknown_transfer_or_unpriced_swap
0x461d5072f3eef08dedc4a7d74fb6d79f99e25e73,0xb07766cc21fbd34d32d15f3be3fe8e1777f428b0ae7a52fe5b3447af489c5d51,51019887,706,0x7273a102a1a20dd0eb01c23ce4b57daf6160bf77,50.081335889001510454,0E-3298,0E-3298,0E-3298,unknown_transfer_or_unpriced_swap
0x5c3e5b6780dc15b705f606f19b6a9206fea39cdf,0xb07766cc21fbd34d32d15f3be3fe8e1777f428b0ae7a52fe5b3447af489c5d51,51019887,718,0x7273a102a1a20dd0eb01c23ce4b57daf6160bf77,27.697418109659397237,0E-4106,0E-4106,0E-4106,unknown_transfer_or_unpriced_swap
0x9622a7905307abe9686999c400b85a7b30775345,0xb07766cc21fbd34d32d15f3be3fe8e1777f428b0ae7a52fe5b3447af489c5d51,51019887,753,0x7273a102a1a20dd0eb01c23ce4b57daf6160bf77,66.738786822145933257,0E-6460,0E-6460,0E-6460,unknown_transfer_or_unpriced_swap
0xd8b7f8ee88f4a19933e21724a3227b04cc31e9fe,0xb07766cc21fbd34d32d15f3be3fe8e1777f428b0ae7a52fe5b3447af489c5d51,51019887,790,0x7273a102a1a20dd0eb01c23ce4b57daf6160bf77,21.065478856989478467,0E-8948,0E-8948,0E-8948,unknown_transfer_or_unpriced_swap
0xf055acd3193f0bc2a46c06e2b3398c6c9b3c0f97,0xb07766cc21fbd34d32d15f3be3fe8e1777f428b0ae7a52fe5b3447af489c5d51,51019887,807,0x7273a102a1a20dd0eb01c23ce4b57daf6160bf77,73.130205178030958966,0E-10079,0E-10079,0E-10079,unknown_transfer_or_unpriced_swap
0xfc90fd5e560471fab35e3703bf5ea4c54acee766,0x742eda3bec18d7cea5db446b07f48fd20ff26856d164c72a4cadf9242675c7a5,51019888,542,0x7273a102a1a20dd0eb01c23ce4b57daf6160bf77,54.735640844092641739,0E-786,0E-786,0E-786,unknown_transfer_or_unpriced_swap
0x4e3ae00e8323558fa5cac04b152238924aa31b60,0xe9e49ff16c9838a9bca0cf2accceb411e583eed099aa610d528d3724cb789c9c,51021170,501,0x39176583a78443a64cd12ee18f8318dd8ed1268a,5601,0,0,0,unknown_transfer_or_unpriced_swap
0x979e5a4f228bca19add8a306acb4ded5287c452f,0x90761d92987b483f4f5d8ad3824749d194ff0b7928c2f2fe4d51f1c562ad1680,51022743,432,0xb92fe925dc43a0ecde6c8b1a2709c170ec4fff4f,700764.984995829519133057,420146.21398605586313656100000000000000000000000,7469.2638900558348388323446274400000000000000000000000000000000000,2.9902577973170347390000000000000000000000000000000000000000000000,same_tx_swap_flow_allocation
0x979e5a4f228bca19add8a306acb4ded5287c452f,0x2cfc66825db5137ac69ebe57295a5ec7e947565cb34eb9c5e1b5eb9c9e4720fa,51023691,421,0xb92fe925dc43a0ecde6c8b1a2709c170ec4fff4f,212260.486753654085601851,100808.25946892126048812200000000000000000000000,1791.8762836103793517530000000000000000000000000000000000000000000,0.72079851792079492500000000000000000000000000000000000000000000000,same_tx_swap_flow_allocation
0xc244cfa9b8de25ffdc690426bd630d587101bb3b,0x947fad71d555abd9e3e0e5c4493007c758c0aa936189f078686031d8de5f144a,51025672,271,0x7692acc1cdd771d09ebcae3663e1843b2911bec7,100000,100000,1911.96328410069959933734268436,0.769634779287560406,same_tx_swap_flow_allocation
0xc244cfa9b8de25ffdc690426bd630d587101bb3b,0x119041bfdd1940ba739537d03cf4880744d56c71e48685887ad6c7dc355f2e9e,51025691,339,0x7692acc1cdd771d09ebcae3663e1843b2911bec7,100000,100000,1915.726896332429807163523816,0.7711497701314636,same_tx_swap_flow_allocation
0xc244cfa9b8de25ffdc690426bd630d587101bb3b,0xda5d25df0ccf690aaddf6fe5bba3413e8051e7ce6750852034b25bf5b9cc765f,51025701,307,0x7692acc1cdd771d09ebcae3663e1843b2911bec7,100000,100000,1919.82247156560090314113719098,0.772798388160297683,same_tx_swap_flow_allocation
0xc244cfa9b8de25ffdc690426bd630d587101bb3b,0xfb6705f03c06ea5506a02192e16342874e310c1609d87aa33fbed4505d18cd6a,51025707,28,0x7692acc1cdd771d09ebcae3663e1843b2911bec7,100000,100000,1923.65076579766006142559228894,0.774339415862471649,same_tx_swap_flow_allocation
0xc244cfa9b8de25ffdc690426bd630d587101bb3b,0xce32b43f416a5da306beed85a79c98d4f531e22dd34642468bc3695394c827c8,51025718,1074,0x7692acc1cdd771d09ebcae3663e1843b2911bec7,100000,100000,1927.45133611681469409037372042,0.775869283681102507,same_tx_swap_flow_allocation
0xc244cfa9b8de25ffdc690426bd630d587101bb3b,0xe48dead609507ccdfb4992f3b1ce7d65e88a63f244175bf2b5b5be8fa11f24c8,51025738,540,0x98dcf7d28e07d76b4cb974f9d413e64485ad02a0,500000,261948.24870320717909234086254655781111339508511181425892496191873,5067.0309245469900484465395836401564768729616795098520080592583823,2.0396642862790311063931780763892426291652425251942538755116245039,same_tx_swap_flow_allocation
0x4e3ae00e8323558fa5cac04b152238924aa31b60,0xb7e0ace7956efbcf217f104edaf08a92fb4299493bc251c7ca825705613d5c47,51025760,11,0x42a8a5626afb0ca900cd5699ad6ca387fd45b423,2615.485491789405205445,0,0,0,unknown_transfer_or_unpriced_swap
0xc244cfa9b8de25ffdc690426bd630d587101bb3b,0xae7ab0a796e2f0faebdb1cdfc7f58c21c60664485d959620bc833cc7b5c764a5,51025810,466,0x7692acc1cdd771d09ebcae3663e1843b2911bec7,1000000,1000000,19675.94846709886681894057200026,7.920285071201963171,same_tx_swap_flow_allocation
0xc244cfa9b8de25ffdc690426bd630d587101bb3b,0x16537665c5dd7ff2d1cdc416d8bc5df022ce196da8f4f7d1cc44e7e7aa8b2833,51026278,212,0x7692acc1cdd771d09ebcae3663e1843b2911bec7,387450.507747416334528658,387450.507747416334528658,7867.7241856680234232296,3.170807312968211592,same_tx_swap_flow_allocation
0x368ef27439a75ff818ba4b1eeaf3c231c979ef05,0x2365c1fad3931cb601762ce63d1fa9e4a4d02d4b3476943b3acf66e30a170553,51026884,55,0x6a000f20005980200259b80c5102003040001068,16.171000258926268579,0E-326,0E-326,0E-326,unknown_transfer_or_unpriced_swap
0x368ef27439a75ff818ba4b1eeaf3c231c979ef05,0xed3b20f199b23a020b67304dc411d1cf1847645e876a092c906d2efbc02864a7,51026944,320,0x6a000f20005980200259b80c5102003040001068,314678.889136020521458703,151016.0752065342893907175200946729500582527016134298932692716418,3123.6862180164935094387736734166610513409198806980796170088933225,1.2587349498834922609999959999383710185852589590304605841023751388,same_tx_swap_flow_allocation
0xfc90fd5e560471fab35e3703bf5ea4c54acee766,0xabcc0d5a1f59237b19213b3cfafce76809173d6a7415c0dd54d63415f2bda097,51027995,236,0xb92fe925dc43a0ecde6c8b1a2709c170ec4fff4f,58114.456411249379522506,0E-65,0E-65,0E-65,unknown_transfer_or_unpriced_swap
0x8da2e73785a202263be1b04d3dcc8137181c89c3,0xa6edc0a26e3447afa0ac91b0a4fb49d56c7e357f251253736a0c338ab6c99be4,51028034,604,0xb92fe925dc43a0ecde6c8b1a2709c170ec4fff4f,10586.318140002389855347,0E-66,0E-66,0E-66,unknown_transfer_or_unpriced_swap
0xfc90fd5e560471fab35e3703bf5ea4c54acee766,0x3f90ce54d35b1582479385a0dadb8e304b53d2ab1ee0da2cf04dc312e4cbf12a,51028114,128,0xb92fe925dc43a0ecde6c8b1a2709c170ec4fff4f,2837.286782353648028561,0E-132,0E-132,0E-132,unknown_transfer_or_unpriced_swap
0x4e3ae00e8323558fa5cac04b152238924aa31b60,0xed67b95b66c7dc8984a7ddbac4ac27eca4178bb2a153bef6b45e565aa6b50c32,51029105,491,0x6f10424b4f5ce3b80a999c6937226c59ddaf9def,10000,0,0,0,unknown_transfer_or_unpriced_swap
0x4e3ae00e8323558fa5cac04b152238924aa31b60,0x947ecf19ae195d14cd78106f9889c1bf812f59ca9a5a6e0a91de1bf62c3066ca,51029585,340,0x5f1c5951c5b1cc112ba9e89b9467edca33063453,5183.785588846821378382,0,0,0,unknown_transfer_or_unpriced_swap
0x4e3ae00e8323558fa5cac04b152238924aa31b60,0x778da13ddb51cf16f9691ce9385e449be8fbca1b091f5903728737773c28be9f,51030892,396,0x6f10424b4f5ce3b80a999c6937226c59ddaf9def,10000,0,0,0,unknown_transfer_or_unpriced_swap
0x211c8e97a504d2d142bc945334d4a88bd3270b4d,0x480130f42b698cf1978bf53d2fa03241e3ea03edc477aeee06541ef531894e31,51032891,443,0x669eca0d4b4c864148c4121b31dfef5e7179ed54,101.992340111078101386,0E-605,0E-605,0E-605,unknown_transfer_or_unpriced_swap
0x25eded2339466d3b7daf552b24d9b6e09b409b4b,0x480130f42b698cf1978bf53d2fa03241e3ea03edc477aeee06541ef531894e31,51032891,445,0x669eca0d4b4c864148c4121b31dfef5e7179ed54,80.963674877477927909,0E-738,0E-738,0E-738,unknown_transfer_or_unpriced_swap
0x461d5072f3eef08dedc4a7d74fb6d79f99e25e73,0x480130f42b698cf1978bf53d2fa03241e3ea03edc477aeee06541ef531894e31,51032891,451,0x669eca0d4b4c864148c4121b31dfef5e7179ed54,64.284639092334286835,0E-1141,0E-1141,0E-1141,unknown_transfer_or_unpriced_swap
0xfc90fd5e560471fab35e3703bf5ea4c54acee766,0x480130f42b698cf1978bf53d2fa03241e3ea03edc477aeee06541ef531894e31,51032891,504,0x669eca0d4b4c864148c4121b31dfef5e7179ed54,42.54667438948162137,0E-4667,0E-4667,0E-4667,unknown_transfer_or_unpriced_swap
0x4e3ae00e8323558fa5cac04b152238924aa31b60,0xdde7e55da72bb03c03fea6d2fba3b6fb33c7402f897cdf3988425b27acad2a6e,51033314,556,0x6f10424b4f5ce3b80a999c6937226c59ddaf9def,10000,0,0,0,unknown_transfer_or_unpriced_swap
0x4e3ae00e8323558fa5cac04b152238924aa31b60,0x6805ced783047414ded0fafa0fd1b56f9bf3f424d3c5ba52f86974d7fee13841,51033315,170,0x457d56fa065caa21c89670359f2b1edce6bb3b2a,4107.195546957517894177,0,0,0,unknown_transfer_or_unpriced_swap
0x4e3ae00e8323558fa5cac04b152238924aa31b60,0x526f78d7656c3179b052de8ba919049bbba401e0abd546d646f83c8829a90b57,51033315,175,0xaa5e5c97be235c3b7035bb1492fef2b4167edf05,2889.887525493400002807,0,0,0,unknown_transfer_or_unpriced_swap
0x4e3ae00e8323558fa5cac04b152238924aa31b60,0x59547151429feb6e5521f2f54657bbfb1397842626f164ac9e674e3d57f54285,51038414,243,0x6f10424b4f5ce3b80a999c6937226c59ddaf9def,10000,0,0,0,unknown_transfer_or_unpriced_swap
0x4e3ae00e8323558fa5cac04b152238924aa31b60,0xba4112d36a449d690f4e1160e5880d541f9aa7408d3ea1f08d9c9ef6175f030a,51038453,29,0xbd46cf0958e4880633d320eed38785ee432269da,24963.666248547757360231,0,0,0,unknown_transfer_or_unpriced_swap
0x25eded2339466d3b7daf552b24d9b6e09b409b4b,0xcb468ab7afbd8b38469aea06a1724eb011c09e96b42c7452016551bc32a5f60d,51038551,555,0x7692acc1cdd771d09ebcae3663e1843b2911bec7,1,1,0.01408606017844397995843752,0.000005692830693774,same_tx_swap_flow_allocation
0x25eded2339466d3b7daf552b24d9b6e09b409b4b,0xf3095ed5c0f1d532b72f81a9ec929399003a87047de8a4a172df1b3562a2400b,51038619,449,0x7692acc1cdd771d09ebcae3663e1843b2911bec7,170818.440637136985333569,170818.440637136985333569,2474.35079948,1,same_tx_swap_flow_allocation
0x67df1d22c03ce81dcd7c50a65d476b17f4934fd4,0xfde178aea7682ffd44ebfea8d0062eb57360c5eb551b51cd4419677c7ef421ac,51038650,401,0x7692acc1cdd771d09ebcae3663e1843b2911bec7,71325.118414017245932793,71325.118414017245932793,1038.38853086057628,0.419661,same_tx_swap_flow_allocation
0xf0f349d0ed0673a77e0afcdffe00e8c023645a4e,0xbd14c9edf377ce8d7259a04bc44dc99a5c78992c1b1ae8db3dbec4d83192cacc,51039315,269,0xba72e99bc76de8d342da78c0e4fc04d605936e71,17106.711432984646065074,0E-67,0E-67,0E-67,unknown_transfer_or_unpriced_swap
0x4e3ae00e8323558fa5cac04b152238924aa31b60,0x9bccd1aeaca2e901b23ade0c25ca35bf55ff12858b751f107671f1a676b1afd6,51040246,104,0x39176583a78443a64cd12ee18f8318dd8ed1268a,3930.429999999999803392,0,0,0,unknown_transfer_or_unpriced_swap
0x4e3ae00e8323558fa5cac04b152238924aa31b60,0x0b84434f84598f8d7b2db13af7eea8f0f965fed4d86f013119eef7dc2784f993,51040304,531,0x6f10424b4f5ce3b80a999c6937226c59ddaf9def,10000,0,0,0,unknown_transfer_or_unpriced_swap
0xe48b6e0e9900d68ba93ac417d9e2ce911c52f753,0xe74474f2c179578fbd74da031f83381597a754b1808fc6ced1cdfa77586d8204,51040642,630,0xb92fe925dc43a0ecde6c8b1a2709c170ec4fff4f,85519.070746472846721024,0E-197,0E-197,0E-197,unknown_transfer_or_unpriced_swap
0x4e3ae00e8323558fa5cac04b152238924aa31b60,0xefe16dd78fd56a6b21ae0affbec69c2a31322a7933ee7b7dc9be8723ec6035e6,51040796,1064,0x23e829647939359507c491bef51419698fe3a981,20831.863871781311899994,0,0,0,unknown_transfer_or_unpriced_swap
0x4e3ae00e8323558fa5cac04b152238924aa31b60,0x62eedf94d40cf04d9a8352b681710e5b006799aa00e71ce4d8f58d58eadc7649,51040901,654,0xbd46cf0958e4880633d320eed38785ee432269da,81697.906406968594910091,0,0,0,unknown_transfer_or_unpriced_swap
0x4e3ae00e8323558fa5cac04b152238924aa31b60,0x07b7a837732de3bbd8266a9aa52880b17f8dfbf4b62d52db444d152e30cda317,51040902,5,0xd6abd6b8c2e30c123f28c0a09915578b52b4e527,69948.424855644180076955,0,0,0,unknown_transfer_or_unpriced_swap
0x4e3ae00e8323558fa5cac04b152238924aa31b60,0x7066bfcb92ed1a0187550594270bda55e76fe1dbd9448ae02479b6ccdeb97eab,51040902,199,0x371f41fbf424fa514fad1cd3879b2309829e7529,8799.170110939378302628,0,0,0,unknown_transfer_or_unpriced_swap
0x4e3ae00e8323558fa5cac04b152238924aa31b60,0x9210df521d20bcb89b479961c5325bce4e4ee2b9bd19c36b775602b066080551,51040902,529,0xaa5e5c97be235c3b7035bb1492fef2b4167edf05,4346.938648328024819801,0,0,0,unknown_transfer_or_unpriced_swap
0x211c8e97a504d2d142bc945334d4a88bd3270b4d,0x7f69f41b851dde7907789a1e9b1c4659379d3a10ea10cf97f9ef92e4a19c5c1c,51041022,188,0xb92fe925dc43a0ecde6c8b1a2709c170ec4fff4f,566965.968854257468017168,155021.70403826761152776800000000000000000000000,1815.0140758732224825434040000000000000000000000000000000000000000,0.73469888139348931600000000000000000000000000000000000000000000000,same_tx_swap_flow_allocation
0x211c8e97a504d2d142bc945334d4a88bd3270b4d,0x87f71ae91840da06bcba3570bd8dc509fed1a0428d184f716867b15a7f7dc556,51041070,489,0xb92fe925dc43a0ecde6c8b1a2709c170ec4fff4f,555677.903172852479941449,388241.37160576169163384300000000000000000000000,4734.9852919262998129809630000000000000000000000000000000000000000,1.9166729578773073770000000000000000000000000000000000000000000000,same_tx_swap_flow_allocation
0xfc90fd5e560471fab35e3703bf5ea4c54acee766,0x0b6975a359182bf98c6e4cadb2bd57ca1c52b4e021840c154cdfc0e416999076,51041077,552,0xb92fe925dc43a0ecde6c8b1a2709c170ec4fff4f,174520.926833886572903935,108748.40944697261031214700000000000000000000000,1354.1462949022743312663750000000000000000000000000000000000000000,0.54814438154105612500000000000000000000000000000000000000000000000,same_tx_swap_flow_allocation
0x211c8e97a504d2d142bc945334d4a88bd3270b4d,0x12de4a8d7619627c0c8dea0288abd5c82ee6cfb282553dd55b5630903483e033,51041093,278,0xb92fe925dc43a0ecde6c8b1a2709c170ec4fff4f,338624.02365847997218002,253299.68992064123878321400000000000000000000000,3224.3417955797357786168160000000000000000000000000000000000000000,1.3051801316212900640000000000000000000000000000000000000000000000,same_tx_swap_flow_allocation
0xe48b6e0e9900d68ba93ac417d9e2ce911c52f753,0x3cb7173cc77edd7bc27a53bed07bcf6035ce73540e8691de4e27f4f2d83790b2,51041094,270,0xb92fe925dc43a0ecde6c8b1a2709c170ec4fff4f,86134.702408482726906229,65355.886719956859420700000000000000000000000000,838.97521307025116076162000000000000000000000000000000000000000000,0.33960846847042998000000000000000000000000000000000000000000000000,same_tx_swap_flow_allocation
0xf055acd3193f0bc2a46c06e2b3398c6c9b3c0f97,0x53398ce42226cb90b06d667e9519e20a2bb8797fcdea0347e826303e317334a6,51041100,317,0xb92fe925dc43a0ecde6c8b1a2709c170ec4fff4f,68702.181717551366519322,54235.326820662210883914210573442286961666758743223287703399409032,699.79864608199807162371781402586370528163006976432541080407666663,0.28327123701768731199999587682326913178761581325448250309120706513,same_tx_swap_flow_allocation
0xf055acd3193f0bc2a46c06e2b3398c6c9b3c0f97,0x61855b5d2ef21c4c0ab3e2c79fb3c21881cfc3b9cc2ca24e221bd970c3a99f5d,51041127,166,0xb92fe925dc43a0ecde6c8b1a2709c170ec4fff4f,78223.012813263939561301,40568.765710024391097032000000000000000000000000,526.85883993835857274656300000000000000000000000000000000000000000,0.21326699638334977700000000000000000000000000000000000000000000000,same_tx_swap_flow_allocation
0x211c8e97a504d2d142bc945334d4a88bd3270b4d,0x7018d86fced19137932e15e194759ea506824aa380d7fac53ea2e71de8a98c91,51041145,266,0xb92fe925dc43a0ecde6c8b1a2709c170ec4fff4f,126338.211275534152517238,53753.420992992002573665000000000000000000000000,706.62056690836713755797200000000000000000000000000000000000000000,0.28603267984433698800000000000000000000000000000000000000000000000,same_tx_swap_flow_allocation
0x211c8e97a504d2d142bc945334d4a88bd3270b4d,0x4eb2d8d3eff4301b32384fe0de42dea93083d284eeeab152ec10e1b2e6188687,51041189,165,0xb92fe925dc43a0ecde6c8b1a2709c170ec4fff4f,566502.40635000776940566,424768.30799027384987089900000000000000000000000,5749.3311467564530733112000000000000000000000000000000000000000000,2.3272696440387048000000000000000000000000000000000000000000000000,same_tx_swap_flow_allocation
0x67505fc71782403718939b4bb3f6ab39be613f4f,0x37caf1a8f307a3308f558d44ccb82b93f7080978398927834f012367f2c0318b,51041455,452,0xb92fe925dc43a0ecde6c8b1a2709c170ec4fff4f,72744.093314043020398329,0E-65,0E-65,0E-65,unknown_transfer_or_unpriced_swap
0x67505fc71782403718939b4bb3f6ab39be613f4f,0x58917122b709a9badb77ad8d3f312f42596a201e2ab5cd42c7dc96bb74ef220e,51041458,481,0xb92fe925dc43a0ecde6c8b1a2709c170ec4fff4f,72660.464110634496765592,10900.665235050004692544000000000000000000000000,149.38654456462070371873234070000000000000000000000000000000000000,0.060377572741624154000000000000000000000000000000000000000000000000,same_tx_swap_flow_allocation
0x67505fc71782403718939b4bb3f6ab39be613f4f,0x08a1c235a82720849cefcac864f1d0e5de4195cc75b53539a9fbece28a9d53a5,51041462,375,0xb92fe925dc43a0ecde6c8b1a2709c170ec4fff4f,72489.463323141720192143,23559.811652950411150349000000000000000000000000,323.42657718674314488732531465000000000000000000000000000000000000,0.13071934790097462300000000000000000000000000000000000000000000000,same_tx_swap_flow_allocation
0x67505fc71782403718939b4bb3f6ab39be613f4f,0xa5fbdc596342b47a03add175ef3707be2176c84bb1bdb4183da452f26b8b596c,51041484,169,0xb92fe925dc43a0ecde6c8b1a2709c170ec4fff4f,72499.305795160870337189,30834.733415217908437152000000000000000000000000,423.21393560357057254267947200000000000000000000000000000000000000,0.17105041325271584000000000000000000000000000000000000000000000000,same_tx_swap_flow_allocation
0x8b87ba04b378efc94d42f6d82ef7e6f52e48e4fd,0xea7a00cbba88c5926d07c865a96182b31a51191b7ec57cb9abfc790a35807f20,51041554,647,0xb92fe925dc43a0ecde6c8b1a2709c170ec4fff4f,360676.826785363939232773,298849.16150109748914563356222351752544386262744509869796733150787,4242.3724804502684472128432787990902345437482960095035572199494324,1.7146400553140134408759674196283079190649670776642261100487898091,same_tx_swap_flow_allocation
0x4e3ae00e8323558fa5cac04b152238924aa31b60,0x8341edfb523bed5999a7503f5aa95cd26a9998dc2b2ace4abbefeaed62be81ce,51041592,760,0x457d56fa065caa21c89670359f2b1edce6bb3b2a,3622.698645538116727818,0,0,0,unknown_transfer_or_unpriced_swap
0xf0f349d0ed0673a77e0afcdffe00e8c023645a4e,0x3ddb50c9faeafcacbab4a8475c00daeabed2d5a99b8cf92e083994330c2d5b86,51042534,420,0x7692acc1cdd771d09ebcae3663e1843b2911bec7,80587.07162422765438717,80587.07162422765438717,982.521209588,0.4,same_tx_swap_flow_allocation
0x4e3ae00e8323558fa5cac04b152238924aa31b60,0xb96ac2a37d8567cdeb6da6f94b051fef99d77e7bb036c7ee77510b099ad18bb5,51042586,914,0x6f10424b4f5ce3b80a999c6937226c59ddaf9def,15000,0,0,0,unknown_transfer_or_unpriced_swap
0x211c8e97a504d2d142bc945334d4a88bd3270b4d,0xd11cebedf0e7ea5609ea68e66257414f494947bb2f4638595b87b4a108386128,51042615,924,0xb92fe925dc43a0ecde6c8b1a2709c170ec4fff4f,208341.35809381040502049,0E-65,0E-65,0E-65,unknown_transfer_or_unpriced_swap
0xf0f349d0ed0673a77e0afcdffe00e8c023645a4e,0x1baa7b909c2c12541f21f24828d1970e130d29df9b181a6f22f4ba924dfa9e82,51042760,1928,0x7692acc1cdd771d09ebcae3663e1843b2911bec7,106853.598197602630381318,106853.598197602630381318,1224.262308180,0.5,same_tx_swap_flow_allocation
0xf0f349d0ed0673a77e0afcdffe00e8c023645a4e,0xb16c0a7d937bd7f5e4b52a70d6e5fa0a6bddedd526cae84e05aa38fa8981da80,51042771,566,0xba72e99bc76de8d342da78c0e4fc04d605936e71,20994.48139258056613181,0E-67,0E-67,0E-67,unknown_transfer_or_unpriced_swap
0x67df1d22c03ce81dcd7c50a65d476b17f4934fd4,0x5ae49402764eaa2ba668a02fda76478c97c9600a1f1b4a7b5962a4253e3a8bd4,51042804,11,0x7692acc1cdd771d09ebcae3663e1843b2911bec7,124594.177484446994832861,124594.177484446994832861,1463.92949950160265,0.599643,same_tx_swap_flow_allocation
0x4e3ae00e8323558fa5cac04b152238924aa31b60,0xcc50d944d4fb856e641f1c9c96021e3223335078e0bfa5f5d7548ef30e8b122a,51042967,719,0x6f10424b4f5ce3b80a999c6937226c59ddaf9def,60000,0,0,0,unknown_transfer_or_unpriced_swap
0x4e3ae00e8323558fa5cac04b152238924aa31b60,0x0e74cc00cd22f456cc038affb5475e488bc5c0ae957d7ad8efb5e6463a88a44d,51042967,806,0xaa5e5c97be235c3b7035bb1492fef2b4167edf05,8551.205618320344517203,0,0,0,unknown_transfer_or_unpriced_swap
0x4e3ae00e8323558fa5cac04b152238924aa31b60,0xb44d519c4866493caac8ae90acbb70bbd1c1b1304bfcae6df6a5ffb58f6ceb2e,51042967,906,0x457d56fa065caa21c89670359f2b1edce6bb3b2a,6424.366858123287833854,0,0,0,unknown_transfer_or_unpriced_swap
0x267eafdb83b0cf9ef3e5a1eda83accfc85a021c8,0x5af01d8d2c371d5439d8046d8da332d23f5710cfd675ce3eed127f4f48104ff6,51043133,911,0x7747f8d2a76bd6345cc29622a946a929647f2359,120243.938221783503851427,0E-65,0E-65,0E-65,unknown_transfer_or_unpriced_swap
0x25eded2339466d3b7daf552b24d9b6e09b409b4b,0x90fb32cb647810cf7b032873eedda9d9b16e461ca2f04dee87eab5ee9a002e5d,51043242,818,0x7692acc1cdd771d09ebcae3663e1843b2911bec7,204789.384095500413346277,204789.384095500413346277,2458.9414285,1,same_tx_swap_flow_allocation
0x8da2e73785a202263be1b04d3dcc8137181c89c3,0x5f85c7ca7b452003945c658f4d1cf850ddead3474ce599f740e49d76b02de48b,51043473,467,0xb92fe925dc43a0ecde6c8b1a2709c170ec4fff4f,19762.358279304697279938,15920.76812340970118459219438925767872251504189683153301650668899,200.65286909563425435136280239433136805464826695185349418259020592,0.081611716379144367999995870345268225967606133529520877521292617744,same_tx_swap_flow_allocation
0xfc90fd5e560471fab35e3703bf5ea4c54acee766,0x98dbd8a52ba02099d51691e97936c9abc2efdc465cdaad199648be5260f9ec53,51043891,1033,0xb92fe925dc43a0ecde6c8b1a2709c170ec4fff4f,45490.707132097009305827,0E-67,0E-67,0E-67,unknown_transfer_or_unpriced_swap
0xf99d7a743d1b5b2ff28c22b2005cd98def3591de,0x05fa80b0402625b5a32639d3aa94704f14f46b987af6aaa818932e90e41458ab,51043978,975,0xb92fe925dc43a0ecde6c8b1a2709c170ec4fff4f,34393.15540175909193105,14620.319713652224106564000000000000000000000000,178.06513755802677971289399328000000000000000000000000000000000000,0.071728624347065632000000000000000000000000000000000000000000000000,same_tx_swap_flow_allocation
0x211c8e97a504d2d142bc945334d4a88bd3270b4d,0xe76f2f9e6821566208d95984951bf383a183ebcc5a24abd047baaeb84fb2e34a,51044255,677,0x7273a102a1a20dd0eb01c23ce4b57daf6160bf77,78.189285203695102035,0E-1009,0E-1009,0E-1009,unknown_transfer_or_unpriced_swap
0x25eded2339466d3b7daf552b24d9b6e09b409b4b,0xe76f2f9e6821566208d95984951bf383a183ebcc5a24abd047baaeb84fb2e34a,51044255,681,0x7273a102a1a20dd0eb01c23ce4b57daf6160bf77,16.173945450562802102,0E-1278,0E-1278,0E-1278,unknown_transfer_or_unpriced_swap
0x27251ef93006c0f3ea2031d709d0ba9b3c4f3eef,0xe76f2f9e6821566208d95984951bf383a183ebcc5a24abd047baaeb84fb2e34a,51044255,682,0x7273a102a1a20dd0eb01c23ce4b57daf6160bf77,2.257012758180713163,0E-1345,0E-1345,0E-1345,unknown_transfer_or_unpriced_swap
0x461d5072f3eef08dedc4a7d74fb6d79f99e25e73,0xe76f2f9e6821566208d95984951bf383a183ebcc5a24abd047baaeb84fb2e34a,51044255,708,0x7273a102a1a20dd0eb01c23ce4b57daf6160bf77,57.259800409501650932,0E-3091,0E-3091,0E-3091,unknown_transfer_or_unpriced_swap
0x5c3e5b6780dc15b705f606f19b6a9206fea39cdf,0xe76f2f9e6821566208d95984951bf383a183ebcc5a24abd047baaeb84fb2e34a,51044255,718,0x7273a102a1a20dd0eb01c23ce4b57daf6160bf77,31.667458638336918028,0E-3765,0E-3765,0E-3765,unknown_transfer_or_unpriced_swap
0x9622a7905307abe9686999c400b85a7b30775345,0xe76f2f9e6821566208d95984951bf383a183ebcc5a24abd047baaeb84fb2e34a,51044255,745,0x7273a102a1a20dd0eb01c23ce4b57daf6160bf77,76.304865778302718209,0E-5579,0E-5579,0E-5579,unknown_transfer_or_unpriced_swap
0xf055acd3193f0bc2a46c06e2b3398c6c9b3c0f97,0xe76f2f9e6821566208d95984951bf383a183ebcc5a24abd047baaeb84fb2e34a,51044255,788,0x7273a102a1a20dd0eb01c23ce4b57daf6160bf77,83.612405261728791519,0E-8459,0E-8459,0E-8459,unknown_transfer_or_unpriced_swap
0xfc90fd5e560471fab35e3703bf5ea4c54acee766,0xe76f2f9e6821566208d95984951bf383a183ebcc5a24abd047baaeb84fb2e34a,51044255,798,0x7273a102a1a20dd0eb01c23ce4b57daf6160bf77,62.581235392069687206,0E-9112,0E-9112,0E-9112,unknown_transfer_or_unpriced_swap
0x67505fc71782403718939b4bb3f6ab39be613f4f,0xff5b56163c6da3a6685d55397805ac0b398d7bdc8d861d1595ba9d3690946004,51046029,602,0xb92fe925dc43a0ecde6c8b1a2709c170ec4fff4f,191194.658898263658651641,164791.04686739843660373513809806290098727974795496837159278342255,2143.2774304687477460056649665168629253167957585975581109801984093,0.86310166783859625299999548574383399559210888545637569047572424599,same_tx_swap_flow_allocation
0x67505fc71782403718939b4bb3f6ab39be613f4f,0xe367e2db511aadb811ab033d51c033e973f50bb4cd1dc8b0a5975e29df6f186a,51046377,317,0x9a44d4974cad27175458ee071c189c2619f417c0,868494.793503100131436125,0E-65,0E-65,0E-65,unknown_transfer_or_unpriced_swap
0x67505fc71782403718939b4bb3f6ab39be613f4f,0x98baa915cb74784dd86f3db628b66efdf69b50da93d0de8c27a9c3246583077d,51046412,671,0x643b433334a334225155a2054f098fb2600749db,57494.462588043421151946,0E-65,0E-65,0E-65,unknown_transfer_or_unpriced_swap
0x4e3ae00e8323558fa5cac04b152238924aa31b60,0x11cf14bf256917a9624cadf20c5ea758f4b156bca1246ebe70e99b78f2b10cac,51046917,195,0x52dd4b87423b0a2e409f89a1571103475344f34b,11452.330000000998885888,0,0,0,unknown_transfer_or_unpriced_swap
0x0ca6cadb6a8ca4199788b9a060c3285fe7b897fd,0x0166f54626d37fe859ec054c4c9acbacf0164c733d72f4b44a57c11166839e30,51048023,128,0xf01a4dabfd54d1a6a1812a95f7151e8da851de2e,49.423966104188960736,0E-604,0E-604,0E-604,unknown_transfer_or_unpriced_swap
0x25eded2339466d3b7daf552b24d9b6e09b409b4b,0x0166f54626d37fe859ec054c4c9acbacf0164c733d72f4b44a57c11166839e30,51048023,152,0xf01a4dabfd54d1a6a1812a95f7151e8da851de2e,6.393461734809284901,0E-2227,0E-2227,0E-2227,unknown_transfer_or_unpriced_swap
0x3fa87fac3430294f5461f9599ed2c9bd7b7eda6d,0x0166f54626d37fe859ec054c4c9acbacf0164c733d72f4b44a57c11166839e30,51048023,172,0xf01a4dabfd54d1a6a1812a95f7151e8da851de2e,92.538847758523400368,0E-3581,0E-3581,0E-3581,unknown_transfer_or_unpriced_swap
0x4552df0be3b02bfb80c3444b3f1465ee0bdb224c,0x0166f54626d37fe859ec054c4c9acbacf0164c733d72f4b44a57c11166839e30,51048023,179,0xf01a4dabfd54d1a6a1812a95f7151e8da851de2e,22.447350163548917248,0E-4050,0E-4050,0E-4050,unknown_transfer_or_unpriced_swap
0x461d5072f3eef08dedc4a7d74fb6d79f99e25e73,0x0166f54626d37fe859ec054c4c9acbacf0164c733d72f4b44a57c11166839e30,51048023,180,0xf01a4dabfd54d1a6a1812a95f7151e8da851de2e,18.922891396419032508,0E-4116,0E-4116,0E-4116,unknown_transfer_or_unpriced_swap
0x68ccd83694d6b664a62982310fcefc9f792f39d6,0x0166f54626d37fe859ec054c4c9acbacf0164c733d72f4b44a57c11166839e30,51048023,206,0xf01a4dabfd54d1a6a1812a95f7151e8da851de2e,17.261644741282040057,0E-5874,0E-5874,0E-5874,unknown_transfer_or_unpriced_swap
0x8da2e73785a202263be1b04d3dcc8137181c89c3,0x0166f54626d37fe859ec054c4c9acbacf0164c733d72f4b44a57c11166839e30,51048023,240,0xf01a4dabfd54d1a6a1812a95f7151e8da851de2e,97.040960272184401792,0E-8167,0E-8167,0E-8167,unknown_transfer_or_unpriced_swap
0xcdb95f2acdb4917372259648a7342a524ea6fc73,0xde60ea3c1a6d2798c7a536e3f8b5ed98e4fa1afac08d69e9270de8a8176c88d2,51048025,224,0xf01a4dabfd54d1a6a1812a95f7151e8da851de2e,36.21558201243383182,0E-1804,0E-1804,0E-1804,unknown_transfer_or_unpriced_swap
0xd8b7f8ee88f4a19933e21724a3227b04cc31e9fe,0xde60ea3c1a6d2798c7a536e3f8b5ed98e4fa1afac08d69e9270de8a8176c88d2,51048025,232,0xf01a4dabfd54d1a6a1812a95f7151e8da851de2e,19.512126372154695983,0E-2341,0E-2341,0E-2341,unknown_transfer_or_unpriced_swap
0xfc90fd5e560471fab35e3703bf5ea4c54acee766,0xde60ea3c1a6d2798c7a536e3f8b5ed98e4fa1afac08d69e9270de8a8176c88d2,51048025,258,0xf01a4dabfd54d1a6a1812a95f7151e8da851de2e,55.123331828922923378,0E-4071,0E-4071,0E-4071,unknown_transfer_or_unpriced_swap
0x4e3ae00e8323558fa5cac04b152238924aa31b60,0x613bb3b74a9d05706eb99784ffb93201292d9557c3751427a256a501819d7fee,51048203,577,0x52dd4b87423b0a2e409f89a1571103475344f34b,54156.080000003997410597,0,0,0,unknown_transfer_or_unpriced_swap
0x4e3ae00e8323558fa5cac04b152238924aa31b60,0xfc6d5047d0499b19037a37fc30d73318ba00479e19b97e3ca8d4816d81b2c387,51048204,329,0xbd46cf0958e4880633d320eed38785ee432269da,47134.480067509303772641,0,0,0,unknown_transfer_or_unpriced_swap
0x4e3ae00e8323558fa5cac04b152238924aa31b60,0xfd25ae2122e3fe0e155bad122e8ed4d789a462a193367c670887f2118f7cadf7,51048204,651,0x23e829647939359507c491bef51419698fe3a981,22923.531023461894554686,0,0,0,unknown_transfer_or_unpriced_swap
0xfc90fd5e560471fab35e3703bf5ea4c54acee766,0x7fee121f80b7cedeebdfa6f3799bbe8354744d39f0d7da1081cc5f96c288242d,51048217,353,0xb92fe925dc43a0ecde6c8b1a2709c170ec4fff4f,12873.719550125862891955,12873.719550125862891954000000000000000000000077677628140518508428,146.39050659150528353681010107266568292899118502774121942549051428,0.058496959714064273999995456094915980023429564948493322609184204283,same_tx_swap_flow_allocation
0x67505fc71782403718939b4bb3f6ab39be613f4f,0x8cefb2668fde275e345291c6c204a8174f066b625e4c1be86529ce8adc2002a7,51048231,513,0xb92fe925dc43a0ecde6c8b1a2709c170ec4fff4f,203046.646368928430777439,96421.453094766155349274000000000000000000000000,1103.6158111495545988544181742200000000000000000000000000000000000,0.44099970105825174200000000000000000000000000000000000000000000000,same_tx_swap_flow_allocation
0xf0f349d0ed0673a77e0afcdffe00e8c023645a4e,0x81534b21802dea76bf2473920bfaeea6895540193af6173cc69f802b86f97153,51048241,8,0xba72e99bc76de8d342da78c0e4fc04d605936e71,28732.665442883198460494,0E-67,0E-67,0E-67,unknown_transfer_or_unpriced_swap
0x67505fc71782403718939b4bb3f6ab39be613f4f,0x7254f807f7383f82839d5e23454a180592c317ee68336af4f84947cae484a61a,51048247,519,0xb92fe925dc43a0ecde6c8b1a2709c170ec4fff4f,243238.596532298407009326,182328.00640353582703721500000000000000000000000,2112.1008842108336793938661457600000000000000000000000000000000000,0.84545637556019685200000000000000000000000000000000000000000000000,same_tx_swap_flow_allocation
0xf0f349d0ed0673a77e0afcdffe00e8c023645a4e,0x6a64443fef0cf6981cb38db09c983369fa0093ca8da9ef0f53b2bbeb80d117be,51049230,494,0x7692acc1cdd771d09ebcae3663e1843b2911bec7,110801.684573625149934396,110801.684573625149934396,1247.597069060,0.5,same_tx_swap_flow_allocation
0x211c8e97a504d2d142bc945334d4a88bd3270b4d,0x53fb5d69cc60f9c0290d7021f409d1195f16bae7a77a96b8acf5b9eb62ae777b,51049401,233,0xb92fe925dc43a0ecde6c8b1a2709c170ec4fff4f,23100.879022042968319132,17603.501637874466287652237972649392383660383812322115413122433007,199.71660358803184149327554254856793019386014275946373339822005424,0.080040506883567782999996535174838706667753280029280567264103754545,same_tx_swap_flow_allocation
0xfc90fd5e560471fab35e3703bf5ea4c54acee766,0xe8fdd8142cef2a84cc2699305db781a74ebf7fea008c4e5f7b011e4b1b0abbdb,51049762,269,0x9be7e868b159136dfd7f7e2c3380422bff3f68d3,208705.48116667,0E-65,0E-65,0E-65,unknown_transfer_or_unpriced_swap
0x461d5072f3eef08dedc4a7d74fb6d79f99e25e73,0xef2516171a91e5d2b10b123c33b1c2565b0115c520c3b3c5f424ccdc195c3120,51049891,1201,0xabe10a613fc95fbadef35c48b1a7a3e48ceb029e,208705.48116667,0E-65,0E-65,0E-65,unknown_transfer_or_unpriced_swap
0xfc90fd5e560471fab35e3703bf5ea4c54acee766,0x222ec5341eac25717747f46460b4fc8ba0181233b214cf8bdf08d8058d850b17,51050099,508,0xabe10a613fc95fbadef35c48b1a7a3e48ceb029e,25680.063,0E-65,0E-65,0E-65,unknown_transfer_or_unpriced_swap
0x461d5072f3eef08dedc4a7d74fb6d79f99e25e73,0x1470a9ea6f41597a44e3f2825ab4ddac7b786af7d2411fff112ad0f78d48ab6a,51050118,191,0xabe10a613fc95fbadef35c48b1a7a3e48ceb029e,25680.063,0E-65,0E-65,0E-65,unknown_transfer_or_unpriced_swap
0x2408ce75d217e3a70d6ca370c78c1b34d706f5a0,0x4543bebbdd7629a22670028f2a98d77441dde796d05e6b94179add1de4aecd51,51050221,204,0x5f7d6235a056a413fe13f45593b3dfac87dcd057,4000000,0E-65,0E-65,0E-65,unknown_transfer_or_unpriced_swap
0xf0f349d0ed0673a77e0afcdffe00e8c023645a4e,0x42d341b2a0cc178973a6e62a7d40b46a2b9b7bd0bdb18da5b07653b2e21949df,51050464,51,0x7692acc1cdd771d09ebcae3663e1843b2911bec7,21642.44882565722846443,21642.44882565722846443,249.328166735,0.1,same_tx_swap_flow_allocation
0xfc90fd5e560471fab35e3703bf5ea4c54acee766,0xb1755764e03a578ead28d1b1bf9b75e8bd848434abb987b0531a5f541da604b2,51050591,163,0xb92fe925dc43a0ecde6c8b1a2709c170ec4fff4f,10508.327282729383593097,10508.327282729383593096000000000000000000000095162624183157787495,120.60718645728069237919852270364137775998114297036202714908480142,0.048461727745410550999995388254815296985177518863331616439474587808,same_tx_swap_flow_allocation
0x211c8e97a504d2d142bc945334d4a88bd3270b4d,0xb57bf7767ea359d484f9d43300e5ab361da3b290b435bbdb92b0e97ceeab5cfc,51052293,119,0x7273a102a1a20dd0eb01c23ce4b57daf6160bf77,79.13617490786053285,0E-1077,0E-1077,0E-1077,unknown_transfer_or_unpriced_swap
0x25eded2339466d3b7daf552b24d9b6e09b409b4b,0xb57bf7767ea359d484f9d43300e5ab361da3b290b435bbdb92b0e97ceeab5cfc,51052293,124,0x7273a102a1a20dd0eb01c23ce4b57daf6160bf77,16.369815541752067345,0E-1413,0E-1413,0E-1413,unknown_transfer_or_unpriced_swap
0x27251ef93006c0f3ea2031d709d0ba9b3c4f3eef,0xb57bf7767ea359d484f9d43300e5ab361da3b290b435bbdb92b0e97ceeab5cfc,51052293,125,0x7273a102a1a20dd0eb01c23ce4b57daf6160bf77,2.284345686692896832,0E-1480,0E-1480,0E-1480,unknown_transfer_or_unpriced_swap
0x461d5072f3eef08dedc4a7d74fb6d79f99e25e73,0xb57bf7767ea359d484f9d43300e5ab361da3b290b435bbdb92b0e97ceeab5cfc,51052293,149,0x7273a102a1a20dd0eb01c23ce4b57daf6160bf77,57.953229379073076835,0E-3094,0E-3094,0E-3094,unknown_transfer_or_unpriced_swap
0x5c3e5b6780dc15b705f606f19b6a9206fea39cdf,0xb57bf7767ea359d484f9d43300e5ab361da3b290b435bbdb92b0e97ceeab5cfc,51052293,159,0x7273a102a1a20dd0eb01c23ce4b57daf6160bf77,32.050958634066624344,0E-3769,0E-3769,0E-3769,unknown_transfer_or_unpriced_swap
0x9622a7905307abe9686999c400b85a7b30775345,0xb57bf7767ea359d484f9d43300e5ab361da3b290b435bbdb92b0e97ceeab5cfc,51052293,193,0x7273a102a1a20dd0eb01c23ce4b57daf6160bf77,77.228934742419369802,0E-6056,0E-6056,0E-6056,unknown_transfer_or_unpriced_swap
0xa122c3ef0ced83be89922d99e8dde8f4e272eaca,0xb57bf7767ea359d484f9d43300e5ab361da3b290b435bbdb92b0e97ceeab5cfc,51052293,197,0x7273a102a1a20dd0eb01c23ce4b57daf6160bf77,45.241857718448608369,0E-6325,0E-6325,0E-6325,unknown_transfer_or_unpriced_swap
0xf055acd3193f0bc2a46c06e2b3398c6c9b3c0f97,0xb57bf7767ea359d484f9d43300e5ab361da3b290b435bbdb92b0e97ceeab5cfc,51052293,243,0x7273a102a1a20dd0eb01c23ce4b57daf6160bf77,84.624970160826973269,0E-9401,0E-9401,0E-9401,unknown_transfer_or_unpriced_swap
0xfc90fd5e560471fab35e3703bf5ea4c54acee766,0xd5b5a5e263b202a2e1efbb6df894ea06866512797f825ecf616283635a3465c2,51052295,480,0x7273a102a1a20dd0eb01c23ce4b57daf6160bf77,34.16410041078737202,0E-261,0E-261,0E-261,unknown_transfer_or_unpriced_swap
0xf0f349d0ed0673a77e0afcdffe00e8c023645a4e,0xb44913b0831344973ba087813012c416046ce59cb669931c181694c2a967d598,51052459,613,0xba72e99bc76de8d342da78c0e4fc04d605936e71,74465.630255998361224137,0E-67,0E-67,0E-67,unknown_transfer_or_unpriced_swap
0x8b87ba04b378efc94d42f6d82ef7e6f52e48e4fd,0x11bc59242396915a74b853a9ac54a45587cf8096434b641529a43b386b433368,51052940,731,0xb92fe925dc43a0ecde6c8b1a2709c170ec4fff4f,198593.270736991961750013,198593.20395100400177233546163912425314499294883218019663967059463,2052.7966729725094933071063976907502817856201374082089492681862500,0.82519330606165801934193677675308932579127910500220054237840646418,same_tx_swap_flow_allocation
0xfc90fd5e560471fab35e3703bf5ea4c54acee766,0xea8f147fc42ed426e4a9c0b0f1d3b7a2ba284e005bf8a6d52aa6c4d758f6ac89,51052964,326,0xb92fe925dc43a0ecde6c8b1a2709c170ec4fff4f,184037.170062815031014455,118022.9049904960761993283587007181744163859838389914688854701259,1233.7189834062008978162220116797354539220164654194465629974116974,0.49593642666704783399999730523770552559433023229168641289348710966,same_tx_swap_flow_allocation
0x8b87ba04b378efc94d42f6d82ef7e6f52e48e4fd,0xb1b7d1e743fbd963b63fe200f6daa706b66d2bfa8faa9c9c433e660065c62f61,51052983,824,0xb92fe925dc43a0ecde6c8b1a2709c170ec4fff4f,194237.432229705091413437,148744.68215592180200544123421206485052575057404956527057553512743,1570.5734455833588902527219141566712743632788912190272207879527211,0.63171391217288921299999674772310917998209278026354460033060470400,same_tx_swap_flow_allocation
0x67df1d22c03ce81dcd7c50a65d476b17f4934fd4,0xc46ac7e7b0c7a8e1302f322599abaf7a5b2fd1ce52c2d29d43920b3b964407ab,51053340,5,0x7692acc1cdd771d09ebcae3663e1843b2911bec7,189204.274681787977060246,189204.274681787977060246,2138.277703083093,0.8613,same_tx_swap_flow_allocation
0x67df1d22c03ce81dcd7c50a65d476b17f4934fd4,0xaa7d09439df20c63da20bebdd98abdd87783176380528f07318dbf81cf3d1f4e,51053804,2,0x7692acc1cdd771d09ebcae3663e1843b2911bec7,24891.160938972564668675,24891.160938972564668675,269.996474477367,0.1089,same_tx_swap_flow_allocation
0x0ca6cadb6a8ca4199788b9a060c3285fe7b897fd,0x8f69f654b2e432a8ccf2e200d8f282d503a3d2cbcd106bc731986bd93a7a54f6,51053850,610,0xb1f3a7b816b0681188f54dfa400991b93adf00ed,458202.317083798504432944,146217.88300151134964348106644255743771900395417309648084266059729,1600.7415601054640440020002681385280845732359538063470457839288495,0.64564085969240247975621612986879259446532431726268662281542582899,same_tx_swap_flow_allocation
0x0ca6cadb6a8ca4199788b9a060c3285fe7b897fd,0xfa9943d1b8e5495cc3eb4df394a1cc13edacdaad7d57eee6608579c03c38f87c,51053887,66,0xb1f3a7b816b0681188f54dfa400991b93adf00ed,94991.071501795570466342,71763.350449277181639711000000000000000000000000,800.33674788186768098218590671000000000000000000000000000000000000,0.32280670335805245700000000000000000000000000000000000000000000000,same_tx_swap_flow_allocation
0xfc90fd5e560471fab35e3703bf5ea4c54acee766,0xe7461577765bfcfa04f1a2ab5717710d1cb591f29d71736684f60c06028dfcee,51054543,174,0xb92fe925dc43a0ecde6c8b1a2709c170ec4fff4f,328210.031486524538855876,328210.031486524538855876,3846.32676595657985337720426036,1.546208356191276686,same_tx_swap_flow_allocation
0x4e3ae00e8323558fa5cac04b152238924aa31b60,0x88fa08f9bc24c29fcb3e508c0e7ed930adb107bf74939d152007e5b9558c8130,51057243,294,0x52dd4b87423b0a2e409f89a1571103475344f34b,19334.45000000099967232,0,0,0,unknown_transfer_or_unpriced_swap
0x4e3ae00e8323558fa5cac04b152238924aa31b60,0x413739fda0dd52b39931faad9758752bf76c34da7ac2ec5d41a912b995f07773,51057244,23,0xaa5e5c97be235c3b7035bb1492fef2b4167edf05,4979.011119670136305724,0,0,0,unknown_transfer_or_unpriced_swap
0xf0f349d0ed0673a77e0afcdffe00e8c023645a4e,0xdaedd0cef90873b1b30ca47307859fec29e2c2182e07bf207c3fb46ef35137cb,51057416,138,0x7692acc1cdd771d09ebcae3663e1843b2911bec7,26002.783164710983406129,26002.783164710983406129,248.279735954,0.1,same_tx_swap_flow_allocation
0xe1fc4bb91ff351818131d109099416fc435d41ae,0x1c5b1de15c38e32938256a7df63bd125329517f005f482fbd469c85b3bd3b478,51057563,415,0xb92fe925dc43a0ecde6c8b1a2709c170ec4fff4f,876603.991486459813003995,433992.01070936194305687800000000000000000000000,4099.3806482827430051870477530000000000000000000000000000000000000,1.6511136652095744500000000000000000000000000000000000000000000000,same_tx_swap_flow_allocation
0x2bb2173427bb17b78adaa3d5fad9716328c3d262,0x8bf301b38845b85d9f11d9d20f3bf1d116ead551ae7f49527506467d7ea72a05,51057966,554,0xb92fe925dc43a0ecde6c8b1a2709c170ec4fff4f,24646.130731723854375159,24646.13073172385437515800000000000000000000004057432019999902762,223.47451906457957726239093267330693296105584881272448972078780323,0.089867182097131794999996353700178119354433088089018663026310884711,same_tx_swap_flow_allocation
0x4e3ae00e8323558fa5cac04b152238924aa31b60,0x54a1e8704833a1592c302b55bd3bacb09b1b960da3213c6a4469dd28151da9c0,51058051,245,0x6f10424b4f5ce3b80a999c6937226c59ddaf9def,30000.000000000007275958,0,0,0,unknown_transfer_or_unpriced_swap
0xf0f349d0ed0673a77e0afcdffe00e8c023645a4e,0x1774b71fa92c3490d812326ea981e30fb10413a7b4b52a099e66f0ad1b34780e,51058125,1,0x7692acc1cdd771d09ebcae3663e1843b2911bec7,50513.312020246550772637,50513.312020246550772637,446.9202,0.18,same_tx_swap_flow_allocation
0xf0f349d0ed0673a77e0afcdffe00e8c023645a4e,0x4f07906852df763820c359cbd3a159d9514a09e6ea763a090c2e435296659d68,51058179,268,0xba72e99bc76de8d342da78c0e4fc04d605936e71,27411.573102328650474136,0E-67,0E-67,0E-67,unknown_transfer_or_unpriced_swap
0xfc90fd5e560471fab35e3703bf5ea4c54acee766,0xf0c76c86d824f36cd2e266632db5d13b81f33501f9e025dab8ca70aa7cc1c763,51058278,433,0xb92fe925dc43a0ecde6c8b1a2709c170ec4fff4f,164078.954736636576415189,12936.520590107000702565000000000000000000000000,117.33146757260030624091000000000000000000000000000000000000000000,0.047256007141919419000000000000000000000000000000000000000000000000,same_tx_swap_flow_allocation
0xf055acd3193f0bc2a46c06e2b3398c6c9b3c0f97,0xdf4f66840c37db862b27a794dc9cefa1c70dcb7786ebadde5a926c2ff9a0646c,51058532,163,0xb92fe925dc43a0ecde6c8b1a2709c170ec4fff4f,130528.184216989327381144,47257.902047524139353910637948674985297689719498217226710019332976,454.39065744897863839778651883108483603711979773292638653570904149,0.18300877503593741099999859793671279679612056826235813368119773389,same_tx_swap_flow_allocation
0xfc90fd5e560471fab35e3703bf5ea4c54acee766,0x78a8b7464f93cbcb17a8deed162e1eb9f942ad2017c970286e4e5acbcf72f3b1,51061119,100,0xb92fe925dc43a0ecde6c8b1a2709c170ec4fff4f,189275.607854461704925725,0E-67,0E-67,0E-67,unknown_transfer_or_unpriced_swap
0xfc90fd5e560471fab35e3703bf5ea4c54acee766,0xd02450cd1fef317525752f9780d5746c359fed0021d52bf3098870e3b566f556,51061122,532,0xb92fe925dc43a0ecde6c8b1a2709c170ec4fff4f,888329.823455057462553419,574216.28579809391176027000000000000000000000000,5098.9708034263192281991376596200000000000000000000000000000000000,2.0520424121861497620000000000000000000000000000000000000000000000,same_tx_swap_flow_allocation
0x4e3ae00e8323558fa5cac04b152238924aa31b60,0xb2e33d0f6dfe4f6cc494eacb61c119c5afdaf9acc5211af5afd5f7d907788e02,51061141,249,0xbd46cf0958e4880633d320eed38785ee432269da,159204.347940688178842806,0,0,0,unknown_transfer_or_unpriced_swap
0x4e3ae00e8323558fa5cac04b152238924aa31b60,0xb844cfcd71f399336d3b7a7fd54bade3269f031cd909717f71eb94653086f62d,51061141,462,0xd6abd6b8c2e30c123f28c0a09915578b52b4e527,106278.886823007496472416,0,0,0,unknown_transfer_or_unpriced_swap
0x4e3ae00e8323558fa5cac04b152238924aa31b60,0x203e22f4eea0a79b3f404d651ebe64caf84f2c1e48207e9518b5c96391bc8c3f,51061142,2,0x23e829647939359507c491bef51419698fe3a981,59651.119079541600891864,0,0,0,unknown_transfer_or_unpriced_swap
0x4e3ae00e8323558fa5cac04b152238924aa31b60,0x10befe8e64a03f1bc0cb785bf593aa2aa94b71ccb3832c3363a18b89794bd8b8,51061142,282,0x5f1c5951c5b1cc112ba9e89b9467edca33063453,49528.661071939101241385,0,0,0,unknown_transfer_or_unpriced_swap
0x4e3ae00e8323558fa5cac04b152238924aa31b60,0xd0d421dd623ed43de575969b74819c1a5eeff7eed4c85ad7380e860629bab9e6,51061142,300,0x6f10424b4f5ce3b80a999c6937226c59ddaf9def,29999.999999999992724042,0,0,0,unknown_transfer_or_unpriced_swap
0x4e3ae00e8323558fa5cac04b152238924aa31b60,0x30a161a337202364b873d3f9316666bd9f1585f8ab65e36da613dbade08b46e7,51061142,334,0x457d56fa065caa21c89670359f2b1edce6bb3b2a,11048.073270235564701105,0,0,0,unknown_transfer_or_unpriced_swap
0x4e3ae00e8323558fa5cac04b152238924aa31b60,0xdba760abfbaa19c4c88aad9fd77aec9f35db97b55a2e47bd900db70221a30429,51061142,392,0xaa5e5c97be235c3b7035bb1492fef2b4167edf05,5851.260556993110466336,0,0,0,unknown_transfer_or_unpriced_swap
0x4e3ae00e8323558fa5cac04b152238924aa31b60,0x8c316d318ccd846af4ba2c1b3ade49a1f05ec86a86c52190cd3e5b84e53a0bc9,51061142,546,0x371f41fbf424fa514fad1cd3879b2309829e7529,5662.221286890620554886,0,0,0,unknown_transfer_or_unpriced_swap
0x4e3ae00e8323558fa5cac04b152238924aa31b60,0x1ae7707a06ff4dc613cea51f0f5eb5489c21d80368f17240c62c7abe5a774a82,51061165,454,0x52dd4b87423b0a2e409f89a1571103475344f34b,22150.89000000100098304,0,0,0,unknown_transfer_or_unpriced_swap
0xf055acd3193f0bc2a46c06e2b3398c6c9b3c0f97,0x1168c54cd565811a7be6f3e2174a5133845c9bb95f77fcfc22c782cb532f2567,51061914,351,0xb92fe925dc43a0ecde6c8b1a2709c170ec4fff4f,80129.245643584662562604,0E-67,0E-67,0E-67,unknown_transfer_or_unpriced_swap
0xfc90fd5e560471fab35e3703bf5ea4c54acee766,0xce4a0e135075ec187a73f367ec142a75038974c9f50fadd38c4002e12fd027f0,51064273,502,0xb92fe925dc43a0ecde6c8b1a2709c170ec4fff4f,369491.927288291984173934,323601.46463601329117560000000000000000000000000,2817.6035737785496718092889196600000000000000000000000000000000000,1.1293390077128654580000000000000000000000000000000000000000000000,same_tx_swap_flow_allocation
0xcdda172e839ebb781639b9d1b668dbfe0bff3834,0xa95bb5481117221b5b6d9c9bead89c8ae2a51a8bb5786283def73a19295a17f5,51064534,187,0xb92fe925dc43a0ecde6c8b1a2709c170ec4fff4f,435445.020084478484726143,435445.020084478484726143,3985.98263543319537023562534347,1.597643371889986061,same_tx_swap_flow_allocation
0xcdda172e839ebb781639b9d1b668dbfe0bff3834,0x77bc1a5ed0106c8c6b64bc75a477e05dd602404d0ff30a98ba572291a16e6704,51064537,99,0xb92fe925dc43a0ecde6c8b1a2709c170ec4fff4f,430867.109123694914155986,42979.576982642501307385000000000000000000000000,399.46708193126195442547457955000000000000000000000000000000000000,0.16011257301083416500000000000000000000000000000000000000000000000,same_tx_swap_flow_allocation
0xac5fdc54868c317f84aed49d8448594991f62c55,0xb5e5ec283983e52f051b9a35af1cc779efd16d6db297913ced915376d22d11f0,51065383,1334,0xb92fe925dc43a0ecde6c8b1a2709c170ec4fff4f,53935.672749782442690669,37796.911036988704123640000000000000000000000000,337.35500094014281416234109920000000000000000000000000000000000000,0.13511814700246929600000000000000000000000000000000000000000000000,same_tx_swap_flow_allocation
0x67505fc71782403718939b4bb3f6ab39be613f4f,0x2a44497de4100f328257b3a76c299ee4549fb5af8eb4f482db3c7ad7c2f01845,51067202,511,0xb92fe925dc43a0ecde6c8b1a2709c170ec4fff4f,542821.209961320019721878,352227.41268198565938216400000000000000000000000,3233.9416573547293158454800000000000000000000000000000000000000000,1.2996747368069901240000000000000000000000000000000000000000000000,same_tx_swap_flow_allocation
0x67505fc71782403718939b4bb3f6ab39be613f4f,0x950b7e0e499d0a299aaa3f669318471cdd0c229da1d90d4c43eed13dcd46249e,51067227,708,0xb92fe925dc43a0ecde6c8b1a2709c170ec4fff4f,529433.243725436567838023,407737.45997499419412108000000000000000000000000,3830.8167232437931710700100000000000000000000000000000000000000000,1.5395502591132767630000000000000000000000000000000000000000000000,same_tx_swap_flow_allocation
0x979e5a4f228bca19add8a306acb4ded5287c452f,0x559e70c2d73d36a62778c8963b770dac6defbf2193ec2c1173938c6ede8e5e1d,51068461,371,0xb92fe925dc43a0ecde6c8b1a2709c170ec4fff4f,656194.146532462887004068,656194.146532462887004068,6210.70051757092439350986258912,2.496179164488491751,same_tx_swap_flow_allocation
0xe48b6e0e9900d68ba93ac417d9e2ce911c52f753,0xc8216398cb35d81d7228318db51900b6752764c93c853d75bb0e89e4824f40b4,51068742,292,0xb92fe925dc43a0ecde6c8b1a2709c170ec4fff4f,343912.72674569370986713,128787.32645014868342418362555452565486608384342770861934485775038,1245.7221487212543272813752330749020016353465643653099453403781603,0.49780745976261289373978796867273551849833000070224487924812315908,same_tx_swap_flow_allocation
0x0ca6cadb6a8ca4199788b9a060c3285fe7b897fd,0xd98a81a4c9f290f0460f8ebbdd69430bf94bef8afedeb3fdf3d6b4a20a56c59f,51069490,316,0xf01a4dabfd54d1a6a1812a95f7151e8da851de2e,68.786974062653361803,0E-603,0E-603,0E-603,unknown_transfer_or_unpriced_swap
0x25eded2339466d3b7daf552b24d9b6e09b409b4b,0xd98a81a4c9f290f0460f8ebbdd69430bf94bef8afedeb3fdf3d6b4a20a56c59f,51069490,337,0xf01a4dabfd54d1a6a1812a95f7151e8da851de2e,6.204847937529255282,0E-2022,0E-2022,0E-2022,unknown_transfer_or_unpriced_swap
0x3fa87fac3430294f5461f9599ed2c9bd7b7eda6d,0xd98a81a4c9f290f0460f8ebbdd69430bf94bef8afedeb3fdf3d6b4a20a56c59f,51069490,355,0xf01a4dabfd54d1a6a1812a95f7151e8da851de2e,89.808855119852464968,0E-3241,0E-3241,0E-3241,unknown_transfer_or_unpriced_swap
0x4552df0be3b02bfb80c3444b3f1465ee0bdb224c,0xd98a81a4c9f290f0460f8ebbdd69430bf94bef8afedeb3fdf3d6b4a20a56c59f,51069490,363,0xf01a4dabfd54d1a6a1812a95f7151e8da851de2e,21.785129894024186826,0E-3776,0E-3776,0E-3776,unknown_transfer_or_unpriced_swap
0x461d5072f3eef08dedc4a7d74fb6d79f99e25e73,0xd98a81a4c9f290f0460f8ebbdd69430bf94bef8afedeb3fdf3d6b4a20a56c59f,51069490,364,0xf01a4dabfd54d1a6a1812a95f7151e8da851de2e,18.364646340792268558,0E-3842,0E-3842,0E-3842,unknown_transfer_or_unpriced_swap
0x68ccd83694d6b664a62982310fcefc9f792f39d6,0xd98a81a4c9f290f0460f8ebbdd69430bf94bef8afedeb3fdf3d6b4a20a56c59f,51069490,387,0xf01a4dabfd54d1a6a1812a95f7151e8da851de2e,16.752408196668673552,0E-5398,0E-5398,0E-5398,unknown_transfer_or_unpriced_swap
0x8da2e73785a202263be1b04d3dcc8137181c89c3,0xd98a81a4c9f290f0460f8ebbdd69430bf94bef8afedeb3fdf3d6b4a20a56c59f,51069490,421,0xf01a4dabfd54d1a6a1812a95f7151e8da851de2e,94.178150613219081082,0E-7688,0E-7688,0E-7688,unknown_transfer_or_unpriced_swap
0xd8b7f8ee88f4a19933e21724a3227b04cc31e9fe,0x81df99e226b8928b831b52e38cdc0f1dd7b991edcfeee3adea7966ae8af7da3f,51069491,853,0xf01a4dabfd54d1a6a1812a95f7151e8da851de2e,18.9364982694599222,0E-1470,0E-1470,0E-1470,unknown_transfer_or_unpriced_swap
0xfc90fd5e560471fab35e3703bf5ea4c54acee766,0x81df99e226b8928b831b52e38cdc0f1dd7b991edcfeee3adea7966ae8af7da3f,51069491,880,0xf01a4dabfd54d1a6a1812a95f7151e8da851de2e,53.497135979751955797,0E-3266,0E-3266,0E-3266,unknown_transfer_or_unpriced_swap
0x267eafdb83b0cf9ef3e5a1eda83accfc85a021c8,0x28e375fa72883276ba38d461bfc4cc307e1bf93b82ca95578f509535e73508be,51070027,138,0x7747f8d2a76bd6345cc29622a946a929647f2359,2110311.520045009899264143,1576723.1772666353480579430000000000000000000000,16502.836510731518829265436200000000000000000000000000000000000000,6.5837949950899390610000000000000000000000000000000000000000000000,same_tx_swap_flow_allocation
0x267eafdb83b0cf9ef3e5a1eda83accfc85a021c8,0xed520a654704e71eba5972da544b9f09cd73bfa4cf7c1d72ec4b2836632be7f0,51070432,252,0x7747f8d2a76bd6345cc29622a946a929647f2359,621946.725231210915873104,512943.16890903715135720200000000000000000000000,5749.6419356275103647044090543600000000000000000000000000000000000,2.2932940564476105590000000000000000000000000000000000000000000000,same_tx_swap_flow_allocation
0x267eafdb83b0cf9ef3e5a1eda83accfc85a021c8,0xa0b5ca6d6a76c3a0dedde971a87b03d7bda91bbd53bf4a9947981824283bfccd,51070556,356,0x1231deb6f5749ef6ce6943a275a1d3e7486f4eae,307010.556245950529462803,242676.48642547063099508700000000000000000000000,2744.0543407030639733119503457200000000000000000000000000000000000,1.0944896361475420430000000000000000000000000000000000000000000000,same_tx_swap_flow_allocation
0x37e28bd5d40667420ee9fcafc8c0d7748c674649,0xd6d940b1da5756c3428a37987cdecfa84c096f7de90dd6da3b90c38c21b29900,51070614,191,0x498581ff718922c3f8e6a244956af099b2652b2b,2581.555806104082591377,0E-67,0E-67,0E-67,unknown_transfer_or_unpriced_swap
0x37e28bd5d40667420ee9fcafc8c0d7748c674649,0xd6d940b1da5756c3428a37987cdecfa84c096f7de90dd6da3b90c38c21b29900,51070614,195,0x498581ff718922c3f8e6a244956af099b2652b2b,70476.693286926601445335,0E-133,0E-133,0E-133,unknown_transfer_or_unpriced_swap
0x37e28bd5d40667420ee9fcafc8c0d7748c674649,0xd6d940b1da5756c3428a37987cdecfa84c096f7de90dd6da3b90c38c21b29900,51070614,199,0x498581ff718922c3f8e6a244956af099b2652b2b,4564.909629645762978946,0E-200,0E-200,0E-200,unknown_transfer_or_unpriced_swap
0x37e28bd5d40667420ee9fcafc8c0d7748c674649,0xd6d940b1da5756c3428a37987cdecfa84c096f7de90dd6da3b90c38c21b29900,51070614,201,0x7692acc1cdd771d09ebcae3663e1843b2911bec7,355328.72994790547635317,355328.72994790547635317,4081.58031185510710684275738276,1.627973354669316769,same_tx_swap_flow_allocation
0x37e28bd5d40667420ee9fcafc8c0d7748c674649,0xdc2c74c46dbec3ce3489cd48b5a87811f531c2abfd4a55a9aa3fec8509c2e095,51070619,838,0x498581ff718922c3f8e6a244956af099b2652b2b,731.914226724432315422,0E-68,0E-68,0E-68,unknown_transfer_or_unpriced_swap
0x37e28bd5d40667420ee9fcafc8c0d7748c674649,0xdc2c74c46dbec3ce3489cd48b5a87811f531c2abfd4a55a9aa3fec8509c2e095,51070619,842,0x498581ff718922c3f8e6a244956af099b2652b2b,12635.990810259060966741,0E-135,0E-135,0E-135,unknown_transfer_or_unpriced_swap
0x37e28bd5d40667420ee9fcafc8c0d7748c674649,0xdc2c74c46dbec3ce3489cd48b5a87811f531c2abfd4a55a9aa3fec8509c2e095,51070619,844,0x3d3b216a8b176f0cc6cc29f185f6e0708b7482b0,1553.254244756291357257,1553.254244756291357257,17.899346,0.0071393078483276580939215087640045111613889898781945387529551865250,same_tx_swap_flow_allocation
0x37e28bd5d40667420ee9fcafc8c0d7748c674649,0xdc2c74c46dbec3ce3489cd48b5a87811f531c2abfd4a55a9aa3fec8509c2e095,51070619,865,0x7692acc1cdd771d09ebcae3663e1843b2911bec7,417146.767723482411574298,417146.767723482411574298,4803.14934396191986270796794164,1.915777359018434341,same_tx_swap_flow_allocation
0xac5fdc54868c317f84aed49d8448594991f62c55,0xd4eb8733d6d52f92f8079dac8b1059ccb6813c9d55d1e66e563bd133d0b9b718,51071415,599,0xb92fe925dc43a0ecde6c8b1a2709c170ec4fff4f,830256.8702088999837225,830256.8702088999837225,9871.1045005150525697063917275,3.955756556587734095,same_tx_swap_flow_allocation
0x4e3ae00e8323558fa5cac04b152238924aa31b60,0x1792e894597a7e72811e1a437800d1e7a33474c8ace8a1c8899e6a9cbb39c604,51072661,394,0xef1313c5fc72844a18c3fcbf5b26b6459e935cb6,42878.353897019399603827,0,0,0,unknown_transfer_or_unpriced_swap
0x4e3ae00e8323558fa5cac04b152238924aa31b60,0xb2fe0a454f0e71a812d3e698fb0fdeae7024ad8a82ae69464e19e5cff4c087cc,51072662,12,0x6f10424b4f5ce3b80a999c6937226c59ddaf9def,35000.000000000007275958,0,0,0,unknown_transfer_or_unpriced_swap
0x4e3ae00e8323558fa5cac04b152238924aa31b60,0x05da31733fd5818202e70a8b18ee5d2f54f277eba2379e3fd2a5e26cfa23b442,51072662,263,0xbd46cf0958e4880633d320eed38785ee432269da,30210.616364983357834269,0,0,0,unknown_transfer_or_unpriced_swap
0x4e3ae00e8323558fa5cac04b152238924aa31b60,0x6849211fe6de3f176bfa1c243818623acca1f6e02b14227e5c3dbc5820a89ca8,51072662,347,0x52dd4b87423b0a2e409f89a1571103475344f34b,23787.220000001997771776,0,0,0,unknown_transfer_or_unpriced_swap
0x4e3ae00e8323558fa5cac04b152238924aa31b60,0x5dafd0db183702b437c95bef138f74451566e12327c4364ab2362709479f8c9b,51072698,20,0x23e829647939359507c491bef51419698fe3a981,8613.052625432236144766,0,0,0,unknown_transfer_or_unpriced_swap
0x4e3ae00e8323558fa5cac04b152238924aa31b60,0x257b8d5191d2dae8487bc275297cc5b6fa63eab7d36f0ff9ab2815c2aa7d677b,51072864,333,0xaa5e5c97be235c3b7035bb1492fef2b4167edf05,4302.063400049598733113,0,0,0,unknown_transfer_or_unpriced_swap
0x67505fc71782403718939b4bb3f6ab39be613f4f,0x5826534ca1ae01f1090d097a7e7f8ebc184238562c0974cda990fa0ceb7b5222,51073267,88,0xf8b2807ac2f4cb0b296d1293376cef2636a37c9b,811125.751931244392598129,0E-65,0E-65,0E-65,unknown_transfer_or_unpriced_swap
0x67505fc71782403718939b4bb3f6ab39be613f4f,0xb3250f69f5bfe8af0d49313bd8a6c347a1d44aa6cd9fbd7a89e18b827b062980,51073302,821,0xf8b2807ac2f4cb0b296d1293376cef2636a37c9b,137170.935177365338083513,0E-65,0E-65,0E-65,unknown_transfer_or_unpriced_swap
0x0ca88bea21995343aecd5112962b463c177ad33f,0xca7a743a546d1de05027d006eac761698dd1639ef222634944f176ec396dfc1e,51074502,220,0xf5c26314f39e749fb14540e8a76253be3c262e07,400000,0E-65,0E-65,0E-65,unknown_transfer_or_unpriced_swap
0x211c8e97a504d2d142bc945334d4a88bd3270b4d,0x85e132e70e4d2daf4e949176272894bdb75a4edb6b15b50abd303453cc3ed7fd,51074588,932,0x7273a102a1a20dd0eb01c23ce4b57daf6160bf77,66.554685500164176391,0E-1009,0E-1009,0E-1009,unknown_transfer_or_unpriced_swap
0x25eded2339466d3b7daf552b24d9b6e09b409b4b,0x85e132e70e4d2daf4e949176272894bdb75a4edb6b15b50abd303453cc3ed7fd,51074588,938,0x7273a102a1a20dd0eb01c23ce4b57daf6160bf77,13.767255320913805447,0E-1413,0E-1413,0E-1413,unknown_transfer_or_unpriced_swap
0x27251ef93006c0f3ea2031d709d0ba9b3c4f3eef,0x85e132e70e4d2daf4e949176272894bdb75a4edb6b15b50abd303453cc3ed7fd,51074588,939,0x7273a102a1a20dd0eb01c23ce4b57daf6160bf77,1.921168276436379957,0E-1480,0E-1480,0E-1480,unknown_transfer_or_unpriced_swap
0x461d5072f3eef08dedc4a7d74fb6d79f99e25e73,0x85e132e70e4d2daf4e949176272894bdb75a4edb6b15b50abd303453cc3ed7fd,51074588,963,0x7273a102a1a20dd0eb01c23ce4b57daf6160bf77,67.864597888684034863,0E-3095,0E-3095,0E-3095,unknown_transfer_or_unpriced_swap
0x5c3e5b6780dc15b705f606f19b6a9206fea39cdf,0x85e132e70e4d2daf4e949176272894bdb75a4edb6b15b50abd303453cc3ed7fd,51074588,974,0x7273a102a1a20dd0eb01c23ce4b57daf6160bf77,26.95532699619011465,0E-3837,0E-3837,0E-3837,unknown_transfer_or_unpriced_swap
0x9622a7905307abe9686999c400b85a7b30775345,0x85e132e70e4d2daf4e949176272894bdb75a4edb6b15b50abd303453cc3ed7fd,51074588,1008,0x7273a102a1a20dd0eb01c23ce4b57daf6160bf77,64.95066850626712526,0E-6119,0E-6119,0E-6119,unknown_transfer_or_unpriced_swap
0xa122c3ef0ced83be89922d99e8dde8f4e272eaca,0x85e132e70e4d2daf4e949176272894bdb75a4edb6b15b50abd303453cc3ed7fd,51074588,1013,0x7273a102a1a20dd0eb01c23ce4b57daf6160bf77,38.049066882501499105,0E-6454,0E-6454,0E-6454,unknown_transfer_or_unpriced_swap
0xd8b7f8ee88f4a19933e21724a3227b04cc31e9fe,0x85e132e70e4d2daf4e949176272894bdb75a4edb6b15b50abd303453cc3ed7fd,51074588,1044,0x7273a102a1a20dd0eb01c23ce4b57daf6160bf77,22.392640382472791925,0E-8533,0E-8533,0E-8533,unknown_transfer_or_unpriced_swap
0xfc90fd5e560471fab35e3703bf5ea4c54acee766,0x5584edff62a6ad6f7a59651c7ad025c84a8afe90e69f659aee44f53cf4774c01,51074591,118,0x7273a102a1a20dd0eb01c23ce4b57daf6160bf77,41.574846370943764219,0E-195,0E-195,0E-195,unknown_transfer_or_unpriced_swap
0x0ca6cadb6a8ca4199788b9a060c3285fe7b897fd,0xb70aaa24d2affab8d159234cc1c50d98736800847972bf3540f01b4840eb98c2,51075024,446,0xf01a4dabfd54d1a6a1812a95f7151e8da851de2e,70.707938439620478451,0E-671,0E-671,0E-671,unknown_transfer_or_unpriced_swap
0x25eded2339466d3b7daf552b24d9b6e09b409b4b,0xb70aaa24d2affab8d159234cc1c50d98736800847972bf3540f01b4840eb98c2,51075024,469,0xf01a4dabfd54d1a6a1812a95f7151e8da851de2e,6.378126265510874517,0E-2226,0E-2226,0E-2226,unknown_transfer_or_unpriced_swap
0x3fa87fac3430294f5461f9599ed2c9bd7b7eda6d,0xb70aaa24d2affab8d159234cc1c50d98736800847972bf3540f01b4840eb98c2,51075024,487,0xf01a4dabfd54d1a6a1812a95f7151e8da851de2e,92.316882457474571884,0E-3445,0E-3445,0E-3445,unknown_transfer_or_unpriced_swap
0x4552df0be3b02bfb80c3444b3f1465ee0bdb224c,0xb70aaa24d2affab8d159234cc1c50d98736800847972bf3540f01b4840eb98c2,51075024,495,0xf01a4dabfd54d1a6a1812a95f7151e8da851de2e,22.393507556281941821,0E-3980,0E-3980,0E-3980,unknown_transfer_or_unpriced_swap
0x461d5072f3eef08dedc4a7d74fb6d79f99e25e73,0xb70aaa24d2affab8d159234cc1c50d98736800847972bf3540f01b4840eb98c2,51075024,496,0xf01a4dabfd54d1a6a1812a95f7151e8da851de2e,18.877502617681687896,0E-4046,0E-4046,0E-4046,unknown_transfer_or_unpriced_swap
0x68ccd83694d6b664a62982310fcefc9f792f39d6,0xb70aaa24d2affab8d159234cc1c50d98736800847972bf3540f01b4840eb98c2,51075024,519,0xf01a4dabfd54d1a6a1812a95f7151e8da851de2e,17.220240657868394013,0E-5602,0E-5602,0E-5602,unknown_transfer_or_unpriced_swap
0x8da2e73785a202263be1b04d3dcc8137181c89c3,0xb70aaa24d2affab8d159234cc1c50d98736800847972bf3540f01b4840eb98c2,51075024,554,0xf01a4dabfd54d1a6a1812a95f7151e8da851de2e,96.808196125205935944,0E-7961,0E-7961,0E-7961,unknown_transfer_or_unpriced_swap
0xd8b7f8ee88f4a19933e21724a3227b04cc31e9fe,0x9ab87fe98898a05ba0a28dbf2405aaa59298943abcf98d7140489a33b0fcc246,51075025,408,0xf01a4dabfd54d1a6a1812a95f7151e8da851de2e,19.4653242440841183,0E-1941,0E-1941,0E-1941,unknown_transfer_or_unpriced_swap
0xfc90fd5e560471fab35e3703bf5ea4c54acee766,0x9ab87fe98898a05ba0a28dbf2405aaa59298943abcf98d7140489a33b0fcc246,51075025,435,0xf01a4dabfd54d1a6a1812a95f7151e8da851de2e,54.991112039714510809,0E-3740,0E-3740,0E-3740,unknown_transfer_or_unpriced_swap
0x4e3ae00e8323558fa5cac04b152238924aa31b60,0x32dd665b54a3fa62b80d64da2b48c8b95ea8a26e4c234445d3fa89b672a04881,51076985,546,0x39176583a78443a64cd12ee18f8318dd8ed1268a,6852.529999999999934464,0,0,0,unknown_transfer_or_unpriced_swap
0x4e3ae00e8323558fa5cac04b152238924aa31b60,0x650d4d4aaa6df49292c64d51b20288ff8e47cb494ec68a7bafacd40aad22009a,51077721,254,0x6f10424b4f5ce3b80a999c6937226c59ddaf9def,29999.999999999992724042,0,0,0,unknown_transfer_or_unpriced_swap
0x4e3ae00e8323558fa5cac04b152238924aa31b60,0x49565ae1de384826afe2a0d52f63cf8fcbfe3501069a157613223acf5fb5a5c1,51078980,537,0xef1313c5fc72844a18c3fcbf5b26b6459e935cb6,13687.343262937899850562,0,0,0,unknown_transfer_or_unpriced_swap
0xfc90fd5e560471fab35e3703bf5ea4c54acee766,0x20df080ae7cdc6e05b8bdaf4ce08dd0188b406e05508d845515c14a0ab8d784d,51079184,1137,0xb92fe925dc43a0ecde6c8b1a2709c170ec4fff4f,22589.069010643243284757,22589.06901064324328475600000000000000000000004426919938705008785,245.33555784085374673464039941127321008594085026596199645679984434,0.098365021194806860999995645459264015687208997865123173729592530927,same_tx_swap_flow_allocation
0xfc90fd5e560471fab35e3703bf5ea4c54acee766,0x38e86897e356df8087d8947256f2ee3b3699f9f102ccf8b967cc1ddb61fea7e2,51080217,741,0xb92fe925dc43a0ecde6c8b1a2709c170ec4fff4f,585871.716164544088728399,568090.02283159183169087400000000000000000000000,6141.9026062837205813545100000000000000000000000000000000000000000,2.4664393505249481290000000000000000000000000000000000000000000000,same_tx_swap_flow_allocation
0x67df1d22c03ce81dcd7c50a65d476b17f4934fd4,0x54df41395935063c6048005e4e7d1f5167fb2e1421b8a92ee30122c94b7af477,51083497,604,0x7692acc1cdd771d09ebcae3663e1843b2911bec7,54634.608946386333945984,54634.608946386333945984,676.53150680948085,0.270765,same_tx_swap_flow_allocation
0x67505fc71782403718939b4bb3f6ab39be613f4f,0xb9672aca5043645b3c14f31e30b6ff3034562a0a90f170c4910266da3d7b8a12,51083700,1082,0xb92fe925dc43a0ecde6c8b1a2709c170ec4fff4f,81093.356987111457437281,81093.356987111457437280000000000000000000000012331466314299143251,984.14400518819316070758801224135160235477098318231215524840760982,0.39387929295630376199999514289076700937635272430228959292222829582,same_tx_swap_flow_allocation
0x4e3ae00e8323558fa5cac04b152238924aa31b60,0x0509d9c54c7d63f3793a341c78d6f155f12089f0aae8252df07d2c2cd481d8f6,51083983,26,0xef1313c5fc72844a18c3fcbf5b26b6459e935cb6,41958.385860122013319343,0,0,0,unknown_transfer_or_unpriced_swap
0x67505fc71782403718939b4bb3f6ab39be613f4f,0x0fc110d72738825d4ac379501cfdda868af7ed34c61c49d4f075a4d685d9a6d7,51084030,378,0xb92fe925dc43a0ecde6c8b1a2709c170ec4fff4f,175769.755284213180225419,175769.75528421318022541800000000000000000000000568926092195461648,1983.8553573724372940428153341292404906822375361059285139151457247,0.79087968609299752099999550047910794337524804612750530900874622088,same_tx_swap_flow_allocation
0xfc90fd5e560471fab35e3703bf5ea4c54acee766,0x11b117aabc6b64b8ddd73d70b0d4b0aac7c82793ab44290aa226b8c3597a4e84,51084031,505,0xb92fe925dc43a0ecde6c8b1a2709c170ec4fff4f,58076.748386424494230397,58076.748386424494230396000000000000000000000017218594838442283273,658.68169475138934971723092082677057731175374078700468890408796554,0.26258868623877431299999547859180249570039510088346434508779153800,same_tx_swap_flow_allocation
0xf354bed1675ec3f8ba6fbc27e892ebad86194636,0xdee61d9ed5144f1a4dc9142bb1046945a40ed92b516bcbca31fdb3e1059d1f8e,51084133,694,0x139f52c27aaf8584a8d226baf4488dda04401970,584137.4711814914432436,0,0,0,unknown_transfer_or_unpriced_swap
0x4e3ae00e8323558fa5cac04b152238924aa31b60,0xea6d6f72822a42d64b8329d41a6a10ef6ba2a23c6d1c4390988d166bef400151,51084158,85,0x5f1c5951c5b1cc112ba9e89b9467edca33063453,18057.276112370609845928,0,0,0,unknown_transfer_or_unpriced_swap
0x0c175c6a0065ee05f871a68783d2de432a1e6cbe,0xc885bae71e70a7f48701e107dd90af657502ac8ca2ededb651dc067001d1331e,51085112,424,0xb92fe925dc43a0ecde6c8b1a2709c170ec4fff4f,17671.686715707602298721,17671.686715707602298720000000000000000000000056587693981194393172,236.80407293596284384439547364358719929728793945529296980755738426,0.094267017527745057999994665646859620074616308506392731336892454686,same_tx_swap_flow_allocation
0x4e3ae00e8323558fa5cac04b152238924aa31b60,0xe05c0f99af330963076c130e63333d681ceb97ac07c61f7183f88c203e2f6cb0,51085495,383,0x6f10424b4f5ce3b80a999c6937226c59ddaf9def,24999.999999999996362021,0,0,0,unknown_transfer_or_unpriced_swap
0x4e3ae00e8323558fa5cac04b152238924aa31b60,0x1a5d73a5de731c3d811504adac1f30dc43f9d1aaf0a4470355ba34540d3a64c1,51085635,91,0xef1313c5fc72844a18c3fcbf5b26b6459e935cb6,37914.863481579320642635,0,0,0,unknown_transfer_or_unpriced_swap
0x4e3ae00e8323558fa5cac04b152238924aa31b60,0xe47354ce79002f22c7c7c99653a2f6c1088bd77faca22ae02ed09d8dcc7ca123,51085635,437,0xbd46cf0958e4880633d320eed38785ee432269da,12449.103042491236020641,0,0,0,unknown_transfer_or_unpriced_swap
0x67505fc71782403718939b4bb3f6ab39be613f4f,0x129313b85d224ef778192c81139e05ee404e06ae4b666cdf4668cb49934e23e3,51085662,696,0xf8b2807ac2f4cb0b296d1293376cef2636a37c9b,1760875.277657164300570762,0,0,0,unknown_transfer_or_unpriced_swap
0x4e3ae00e8323558fa5cac04b152238924aa31b60,0xfd9124103ee76c138669138af05aaf166280ba4031f0cc9d1e364d258a1bc54e,51085672,1127,0x23e829647939359507c491bef51419698fe3a981,7450.006801538836260664,0,0,0,unknown_transfer_or_unpriced_swap
0x4e3ae00e8323558fa5cac04b152238924aa31b60,0x8eaec36dbc0c8ae9ce1e844b98c930d6fc8357fe59b81ec29923415d1df9f5fa,51085673,51,0x6f10424b4f5ce3b80a999c6937226c59ddaf9def,30000,0,0,0,unknown_transfer_or_unpriced_swap
0x67505fc71782403718939b4bb3f6ab39be613f4f,0x8bd87efa9694c151c679ae2a634573482fd98cc41bcb6adeec442824bfdb5458,51085737,608,0x643b433334a334225155a2054f098fb2600749db,63873.045000385236242068,0E-65,0E-65,0E-65,unknown_transfer_or_unpriced_swap
0xfc90fd5e560471fab35e3703bf5ea4c54acee766,0xcaf4d2021ee1da1422b7392b0922632c933587eeae2f5c6cbcaae142ccf50584,51085799,230,0xb92fe925dc43a0ecde6c8b1a2709c170ec4fff4f,338259.873218367323330234,338259.87321836732333023300000000000000000000000295630690831140699,4478.8555509156218414443337525683934992544913139296181572921294555,1.7789622925845031479999947408414848069348738037357213721808057141,same_tx_swap_flow_allocation
0x211c8e97a504d2d142bc945334d4a88bd3270b4d,0x6e38933089c8a5330bd314fedf1476ba05dd26a7f9bd967c664865cee3c03b47,51085970,647,0x7273a102a1a20dd0eb01c23ce4b57daf6160bf77,61.653016352550509479,0E-1009,0E-1009,0E-1009,unknown_transfer_or_unpriced_swap
0x25eded2339466d3b7daf552b24d9b6e09b409b4b,0x6e38933089c8a5330bd314fedf1476ba05dd26a7f9bd967c664865cee3c03b47,51085970,653,0x7273a102a1a20dd0eb01c23ce4b57daf6160bf77,11.561054852218563664,0E-1412,0E-1412,0E-1412,unknown_transfer_or_unpriced_swap
0x27251ef93006c0f3ea2031d709d0ba9b3c4f3eef,0x6e38933089c8a5330bd314fedf1476ba05dd26a7f9bd967c664865cee3c03b47,51085970,654,0x7273a102a1a20dd0eb01c23ce4b57daf6160bf77,1.613301366648072143,0E-1479,0E-1479,0E-1479,unknown_transfer_or_unpriced_swap
0x461d5072f3eef08dedc4a7d74fb6d79f99e25e73,0x6e38933089c8a5330bd314fedf1476ba05dd26a7f9bd967c664865cee3c03b47,51085970,677,0x7273a102a1a20dd0eb01c23ce4b57daf6160bf77,56.989306904403013079,0E-3027,0E-3027,0E-3027,unknown_transfer_or_unpriced_swap
0x5c3e5b6780dc15b705f606f19b6a9206fea39cdf,0x6e38933089c8a5330bd314fedf1476ba05dd26a7f9bd967c664865cee3c03b47,51085970,690,0x7273a102a1a20dd0eb01c23ce4b57daf6160bf77,22.635740145607839492,0E-3903,0E-3903,0E-3903,unknown_transfer_or_unpriced_swap
0x9622a7905307abe9686999c400b85a7b30775345,0x6e38933089c8a5330bd314fedf1476ba05dd26a7f9bd967c664865cee3c03b47,51085970,720,0x7273a102a1a20dd0eb01c23ce4b57daf6160bf77,78.821240782353073758,0E-5918,0E-5918,0E-5918,unknown_transfer_or_unpriced_swap
0xa122c3ef0ced83be89922d99e8dde8f4e272eaca,0x6e38933089c8a5330bd314fedf1476ba05dd26a7f9bd967c664865cee3c03b47,51085970,726,0x7273a102a1a20dd0eb01c23ce4b57daf6160bf77,56.445953314500131073,0E-6319,0E-6319,0E-6319,unknown_transfer_or_unpriced_swap
0xd8b7f8ee88f4a19933e21724a3227b04cc31e9fe,0x6e38933089c8a5330bd314fedf1476ba05dd26a7f9bd967c664865cee3c03b47,51085970,756,0x7273a102a1a20dd0eb01c23ce4b57daf6160bf77,18.804223333790037,0E-8331,0E-8331,0E-8331,unknown_transfer_or_unpriced_swap
0xfc90fd5e560471fab35e3703bf5ea4c54acee766,0x6e38933089c8a5330bd314fedf1476ba05dd26a7f9bd967c664865cee3c03b47,51085970,781,0x7273a102a1a20dd0eb01c23ce4b57daf6160bf77,34.912483873011917814,0E-9985,0E-9985,0E-9985,unknown_transfer_or_unpriced_swap
0x67505fc71782403718939b4bb3f6ab39be613f4f,0xa5fe347de8c0e2663f250fc04c8ac2a7fb1c5221e56eff82c2322cb8a4a7768f,51086023,121,0xf8b2807ac2f4cb0b296d1293376cef2636a37c9b,1723306.479811682990985701,0E-65,0E-65,0E-65,unknown_transfer_or_unpriced_swap
0xf01bb1267ba5787122c7c1b5231d168c3117abc0,0x6fcd59135eab55585f88c619a6fc8ef6c858759a4cce3b28aafa3ba44e51f280,51086074,557,0xb92fe925dc43a0ecde6c8b1a2709c170ec4fff4f,365931.179839402764739292,358023.80566091282830757302160891067539056863966143072054255143878,4864.2262396461008041371056400648966921121321738306950475830636389,1.9441443300042485619999946871312500413859388905808577400970785472,same_tx_swap_flow_allocation
0xfc90fd5e560471fab35e3703bf5ea4c54acee766,0x8729856b6d1992c7ed68faf13c0a96c130fe3c9c4a4fd7a2cd85b62f4c0d24a3,51086456,683,0xb92fe925dc43a0ecde6c8b1a2709c170ec4fff4f,76965.455298492838044902,74518.146165597681528801770304645238596239794213598339791719054827,1066.1067211089086662677854394633802331284054243696763185136260580,0.42537973171421636422025449933301588914489195099474033530038151531,same_tx_swap_flow_allocation
0x2bb2173427bb17b78adaa3d5fad9716328c3d262,0xa5fa25ed3593ba01907cc59f5145ca7c1ab1d811ddf0d68fdb565c2585f78997,51087056,647,0xb92fe925dc43a0ecde6c8b1a2709c170ec4fff4f,34335.559616065208549879,34252.450360557785147847943148304992966677875004366639013421049851,495.49384021492413514151683992196136960750563301833710682373614059,0.19807717330077347317138402376038579856506477062629437394788324880,same_tx_swap_flow_allocation
0x2bb2173427bb17b78adaa3d5fad9716328c3d262,0x30df6078f9b9ec415e9991c548f7a3a5655f9b35d86ef626409c9e793644d1ee,51087058,30,0xb92fe925dc43a0ecde6c8b1a2709c170ec4fff4f,34278.515855788212876377,32055.849502881723403923234694980159252175338795404564846678219402,464.66583485335684798567805425939338513264641269426552724608550397,0.18575345973478509710448767597527107262244984482333084683149199433,same_tx_swap_flow_allocation
0x2bb2173427bb17b78adaa3d5fad9716328c3d262,0x08909f60f74eff36b4dc97057b70c64646c054800517a2524c691042e132d5fb,51087060,51,0xb92fe925dc43a0ecde6c8b1a2709c170ec4fff4f,34226.1677859832730108,34226.1677859832730108,497.13923182564444370780547607,0.198734930255093869,same_tx_swap_flow_allocation
0x2bb2173427bb17b78adaa3d5fad9716328c3d262,0x9db8b4c5f47fe48eb40b25f55b7b3c9d6d9c3c42b00233c56865ff303a268508,51087061,24,0xb92fe925dc43a0ecde6c8b1a2709c170ec4fff4f,34154.050761193856232818,33004.004122714698642260327767523824197773328669535536706002876364,480.38153564346465659924773807900635169161776960683100550696094868,0.19203592247457422169674484738425947293375096279248076295877813103,same_tx_swap_flow_allocation
0x2bb2173427bb17b78adaa3d5fad9716328c3d262,0x81c71144b633e3aabaaf620cbd5eae7a2767047c6edb5aada0ff48895fd19a3f,51087061,929,0xb92fe925dc43a0ecde6c8b1a2709c170ec4fff4f,34510.696499904088853726,32780.030523220780083656000000000000000000000000,472.35602201803674987961871854000000000000000000000000000000000000,0.18882766654040948888498467929909601236192305113809455340240057623,same_tx_swap_flow_allocation
0x2bb2173427bb17b78adaa3d5fad9716328c3d262,0x94a522b849b4160aca189b0ca5e93639cae27f370695c95834081912ae1c3467,51087062,532,0xb92fe925dc43a0ecde6c8b1a2709c170ec4fff4f,34433.727770063249282309,32708.781988978389430988000000000000000000000000,472.40754432975962198119591006000000000000000000000000000000000000,0.18884826294956678768114838666777722452284202121448278799240589315,same_tx_swap_flow_allocation
0x2bb2173427bb17b78adaa3d5fad9716328c3d262,0xefe7c79395ebe77f1cb8705100e716e522981b02ac926a0b5c59ec27ca34ab94,51087063,62,0xb92fe925dc43a0ecde6c8b1a2709c170ec4fff4f,34384.939725094577190565,31252.968627080756835565091085548587658771581965201313270907932837,451.99473619156544451447326891321031140866985155377689200079060228,0.18068809826741713499999474513843234837472276190640508516900592243,same_tx_swap_flow_allocation
0x2bb2173427bb17b78adaa3d5fad9716328c3d262,0xf22e0d2ce51a8bd637e2fd9a241885dd303bf652befea477a57fb062abbf9c36,51087063,963,0xb92fe925dc43a0ecde6c8b1a2709c170ec4fff4f,34318.552908376008686004,34235.443749048189346446360902778277847166906869154884734740431972,496.12697989674613623192056278551539030010198899994393790889769633,0.19833027537450552066161100696821654544328431268235085681911958932,same_tx_swap_flow_allocation
0x2bb2173427bb17b78adaa3d5fad9716328c3d262,0x9d1ea3c553543278c1576714270816f87e80ab251c6ee0dd71671c40c67147c0,51087068,368,0xb92fe925dc43a0ecde6c8b1a2709c170ec4fff4f,35033.695373498396091668,35033.695373498396091668,497.51315582035180385176129574,0.198884409021305858,same_tx_swap_flow_allocation
0x2bb2173427bb17b78adaa3d5fad9716328c3d262,0x65a791f57ff0c46cacf5981993a8a1c4ce446f60cbb5a0d990ed21b1beff570c,51087069,37,0xb92fe925dc43a0ecde6c8b1a2709c170ec4fff4f,34931.294929834784373882,34848.182239892954213640568085854680268503452680087274457186645261,496.32097663227436362675155232626349271097035755412780107798794282,0.19840782694403934435553843973210508376082511407100528827289236099,same_tx_swap_flow_allocation
0xfc90fd5e560471fab35e3703bf5ea4c54acee766,0x96c772b9c112a2020fd003bf6ed4ad1537106d0a8ca0b279c57326dd6a6d2f7c,51087107,183,0xb92fe925dc43a0ecde6c8b1a2709c170ec4fff4f,113109.283998941280756757,113109.283998941280756757,1591.40006119812782663281574828,0.636173449857770276,same_tx_swap_flow_allocation
0x4e3ae00e8323558fa5cac04b152238924aa31b60,0x7924a326165414f79a8b26f93ad7659335c3bed274b6d5b6f1d928d8cb92732b,51087336,725,0xef1313c5fc72844a18c3fcbf5b26b6459e935cb6,18234.421253025975827696,0,0,0,unknown_transfer_or_unpriced_swap
0x0ca6cadb6a8ca4199788b9a060c3285fe7b897fd,0x0c8e9e1ee98338247a179e39e6b685760f234a2c560a908b4f64400127034c73,51088208,687,0xf01a4dabfd54d1a6a1812a95f7151e8da851de2e,48.856892415025311279,0E-739,0E-739,0E-739,unknown_transfer_or_unpriced_swap
0x25eded2339466d3b7daf552b24d9b6e09b409b4b,0x0c8e9e1ee98338247a179e39e6b685760f234a2c560a908b4f64400127034c73,51088208,710,0xf01a4dabfd54d1a6a1812a95f7151e8da851de2e,4.407078407887810865,0E-2295,0E-2295,0E-2295,unknown_transfer_or_unpriced_swap
0x3fa87fac3430294f5461f9599ed2c9bd7b7eda6d,0x0c8e9e1ee98338247a179e39e6b685760f234a2c560a908b4f64400127034c73,51088208,730,0xf01a4dabfd54d1a6a1812a95f7151e8da851de2e,63.787971956880907465,0E-3648,0E-3648,0E-3648,unknown_transfer_or_unpriced_swap
0x4552df0be3b02bfb80c3444b3f1465ee0bdb224c,0x0c8e9e1ee98338247a179e39e6b685760f234a2c560a908b4f64400127034c73,51088208,738,0xf01a4dabfd54d1a6a1812a95f7151e8da851de2e,15.473187503643411349,0E-4183,0E-4183,0E-4183,unknown_transfer_or_unpriced_swap
0x461d5072f3eef08dedc4a7d74fb6d79f99e25e73,0x0c8e9e1ee98338247a179e39e6b685760f234a2c560a908b4f64400127034c73,51088208,739,0xf01a4dabfd54d1a6a1812a95f7151e8da851de2e,13.043742114529443169,0E-4249,0E-4249,0E-4249,unknown_transfer_or_unpriced_swap
0x68ccd83694d6b664a62982310fcefc9f792f39d6,0x0c8e9e1ee98338247a179e39e6b685760f234a2c560a908b4f64400127034c73,51088208,763,0xf01a4dabfd54d1a6a1812a95f7151e8da851de2e,11.898627845029794953,0E-5872,0E-5872,0E-5872,unknown_transfer_or_unpriced_swap
0x8da2e73785a202263be1b04d3dcc8137181c89c3,0x0c8e9e1ee98338247a179e39e6b685760f234a2c560a908b4f64400127034c73,51088208,799,0xf01a4dabfd54d1a6a1812a95f7151e8da851de2e,66.891324048723648805,0E-8297,0E-8297,0E-8297,unknown_transfer_or_unpriced_swap
0xd8b7f8ee88f4a19933e21724a3227b04cc31e9fe,0xc5192767f60469b8e986a515d172f5b3d8b68db3ddf00814d58c9f8b7a839a47,51088209,611,0xf01a4dabfd54d1a6a1812a95f7151e8da851de2e,13.449907795415371328,0E-2074,0E-2074,0E-2074,unknown_transfer_or_unpriced_swap
0xfc90fd5e560471fab35e3703bf5ea4c54acee766,0xc5192767f60469b8e986a515d172f5b3d8b68db3ddf00814d58c9f8b7a839a47,51088209,638,0xf01a4dabfd54d1a6a1812a95f7151e8da851de2e,37.997075066771748268,0E-3873,0E-3873,0E-3873,unknown_transfer_or_unpriced_swap
0x4e3ae00e8323558fa5cac04b152238924aa31b60,0x4676ae481f359f6a58e57c88a9ebc48cb1a51fda122ddf4effeaec1ca76bc3a3,51089244,995,0xef1313c5fc72844a18c3fcbf5b26b6459e935cb6,35746.962372186113958804,0,0,0,unknown_transfer_or_unpriced_swap
0x4e3ae00e8323558fa5cac04b152238924aa31b60,0x7bcdbd53cc47e2cd00e1289092657b4fb54a72fdad6e8817e91e16c38b67c60b,51089402,249,0x457d56fa065caa21c89670359f2b1edce6bb3b2a,4027.410320091380196765,0,0,0,unknown_transfer_or_unpriced_swap
0x046c62fe7ab523a826c25d632d23300a7e18d59d,0x9045acbac82c28662ce078fb0f27c6c752fbe87385fe9c80e97e5379d4094812,51089714,603,0x7692acc1cdd771d09ebcae3663e1843b2911bec7,2780283.476118894715361945,2780283.476118894715361945,40014.14477151541014582012,16.038890489700824166,same_tx_swap_flow_allocation
0x0a7eaee9d588c0af4eac758c3bd6b1e69e4d8f3b,0x21d5c0fd197bdea95fe0b45edf6140b0b5abe9ef6f1b6cfbf381a92c79efa505,51090677,648,0x7692acc1cdd771d09ebcae3663e1843b2911bec7,621784.342569845144025637,621784.342569845144025637,9956.97660812,4,same_tx_swap_flow_allocation
0x4e3ae00e8323558fa5cac04b152238924aa31b60,0xd1b299d4f139c0930d5e1f4b654807892adba0e0d9f6b9ea0debc3850eb8a7d5,51090795,399,0x52dd4b87423b0a2e409f89a1571103475344f34b,13764.860000000999606784,0,0,0,unknown_transfer_or_unpriced_swap
0x4e3ae00e8323558fa5cac04b152238924aa31b60,0xbe2b86fa7bff072287f59ec86d623bbc9b6e832f514c42762b5997ec348d65c3,51090795,963,0xaa5e5c97be235c3b7035bb1492fef2b4167edf05,3446.476880636880643113,0,0,0,unknown_transfer_or_unpriced_swap
0x4e3ae00e8323558fa5cac04b152238924aa31b60,0x76810dcf9d76c4d501ae0bfbd77bea258b0faab4abcaae7f109dfe5b04066317,51090873,495,0x6f10424b4f5ce3b80a999c6937226c59ddaf9def,30000,0,0,0,unknown_transfer_or_unpriced_swap
0x4e3ae00e8323558fa5cac04b152238924aa31b60,0xb91db4b94203e1728cad63b68e4836a79eb7b5b1fb74cb551a51886a38af1f21,51090873,726,0x52dd4b87423b0a2e409f89a1571103475344f34b,20474.490000001999410176,0,0,0,unknown_transfer_or_unpriced_swap
0x4e3ae00e8323558fa5cac04b152238924aa31b60,0x0df26f3ac8ee30ad5c9717a8e1a37dd6bb01d7da33d463a5e37bd8b577e04ef1,51090874,28,0xbd46cf0958e4880633d320eed38785ee432269da,12773.573912517905846846,0,0,0,unknown_transfer_or_unpriced_swap
0x4e3ae00e8323558fa5cac04b152238924aa31b60,0x40d77aa8ec1d0adfb34f0cdbbcb69b31f745302cd0bc16d3918435ab89987218,51090874,189,0x39176583a78443a64cd12ee18f8318dd8ed1268a,8541.939999999999868928,0,0,0,unknown_transfer_or_unpriced_swap
0x4e3ae00e8323558fa5cac04b152238924aa31b60,0xb61edc7f3d2142be7c3117cf9d31814fb783dfa97ff7e165680f6edbc445c5ba,51090874,293,0x23e829647939359507c491bef51419698fe3a981,7145.089873877019567175,0,0,0,unknown_transfer_or_unpriced_swap
0x4e3ae00e8323558fa5cac04b152238924aa31b60,0xf05e4693992310d80c69b941adf6c36fe1e5a1dd5361f79ba3a3aec72bc5c342,51090874,327,0xaa5e5c97be235c3b7035bb1492fef2b4167edf05,3576.024422132364231149,0,0,0,unknown_transfer_or_unpriced_swap
0x4e3ae00e8323558fa5cac04b152238924aa31b60,0x80ad63f1a9518eca27ad61eb496217a5af2a4f03e4d43095a1d31377dca4b0e1,51091250,26,0xef1313c5fc72844a18c3fcbf5b26b6459e935cb6,24271.325393330890609702,0,0,0,unknown_transfer_or_unpriced_swap
0x4e3ae00e8323558fa5cac04b152238924aa31b60,0xa676c5a9a6d08ec47306ff630b2a5ffff0d8e0288f4e37f9a26906847d6ee2c7,51091345,691,0x6f10424b4f5ce3b80a999c6937226c59ddaf9def,30000,0,0,0,unknown_transfer_or_unpriced_swap
0x4e3ae00e8323558fa5cac04b152238924aa31b60,0x723b979d608e7ab663ca663bf0b7184f96df65b5049f04ba39aa603ce7a460f2,51091345,715,0x52dd4b87423b0a2e409f89a1571103475344f34b,12413.190000000999541248,0,0,0,unknown_transfer_or_unpriced_swap
0x4e3ae00e8323558fa5cac04b152238924aa31b60,0x6d4413abb074cc840c9a6a8f6df8ddd59c61912b7fde9e0db16a53d20d793d65,51091345,762,0x457d56fa065caa21c89670359f2b1edce6bb3b2a,5434.688336856341022579,0,0,0,unknown_transfer_or_unpriced_swap
0x4e3ae00e8323558fa5cac04b152238924aa31b60,0x071508424045a6acf089dcb9b4249dc59e3cd246a125287516b14230be5673de,51091346,11,0xaa5e5c97be235c3b7035bb1492fef2b4167edf05,3902.811765687474406973,0,0,0,unknown_transfer_or_unpriced_swap
0x4e3ae00e8323558fa5cac04b152238924aa31b60,0xa3c6b2b7e7f4a527a70f8a14a98f7bf0d4515b48fed8202dadc2597ff5448f0f,51091467,859,0xef1313c5fc72844a18c3fcbf5b26b6459e935cb6,20402.807055175512022297,0,0,0,unknown_transfer_or_unpriced_swap
0x4e3ae00e8323558fa5cac04b152238924aa31b60,0x6f6f6fff568153946ca10a7697af46dde93d82c7038e03e0d4a54d2295313c20,51091556,315,0x6f10424b4f5ce3b80a999c6937226c59ddaf9def,30000,0,0,0,unknown_transfer_or_unpriced_swap
0x4e3ae00e8323558fa5cac04b152238924aa31b60,0x1c391b2c30a943b22453fd6838bb13f124b83574823ace07c199eb3d277903fb,51091556,539,0xaa5e5c97be235c3b7035bb1492fef2b4167edf05,4121.997153843862977395,0,0,0,unknown_transfer_or_unpriced_swap
0x4e3ae00e8323558fa5cac04b152238924aa31b60,0x8a08c99a61d11b6e76d00f51c814622663496874d517310655f820d315e5f5e0,51092187,77,0x457d56fa065caa21c89670359f2b1edce6bb3b2a,4072.467036440295710821,0,0,0,unknown_transfer_or_unpriced_swap
0x781eff8ec4bcf5bff703094aa1a32af6b50791ab,0xd9fecae01aae12cdb8940fca5f425744be38c7dbec4ec21c40f84f1d7e0311f6,51092256,112,0xfc90fd5e560471fab35e3703bf5ea4c54acee766,4000000,0E-65,0E-65,0E-65,unknown_transfer_or_unpriced_swap
0x9a44d4974cad27175458ee071c189c2619f417c0,0x6681809f4bd79e352d0748cfc3364ffe72218d733d8b161cfd496d671eff769c,51092358,205,0xbc6d645cd3cf98fecc6f48b1b3fe16f7e8927d4a,567423.530483514523228183,567423.530483514523228183,7410.6252,2.97,same_tx_swap_flow_allocation
0x9a44d4974cad27175458ee071c189c2619f417c0,0xf8fc28f4c5c2f46de56f6c7f0bfb2949583bf060ea1d98f29fc756670b54f71f,51092403,650,0x005094277e1899be3feb79767d3489e51b377bef,4000000,0E-65,0E-65,0E-65,unknown_transfer_or_unpriced_swap
0x4e3ae00e8323558fa5cac04b152238924aa31b60,0x34e16861bef768da5bbb1f0da7a78d69bddb4ad43ea67072e25a3f52e0ca2567,51093258,760,0xef1313c5fc72844a18c3fcbf5b26b6459e935cb6,5429.910642731119951761,0,0,0,unknown_transfer_or_unpriced_swap
0x4e3ae00e8323558fa5cac04b152238924aa31b60,0x2a0c2c83691c16b7ca91ba4eea6ae408952d05ce71d206414f6c9ffd9a8f2b20,51093379,445,0x6f10424b4f5ce3b80a999c6937226c59ddaf9def,30000,0,0,0,unknown_transfer_or_unpriced_swap
0x4e3ae00e8323558fa5cac04b152238924aa31b60,0x3307554ea9a2f542a1a09bec4e628801d58e7862a88f13c08fb6d95472a65700,51093379,560,0x52dd4b87423b0a2e409f89a1571103475344f34b,25756.950755926913266354,0,0,0,unknown_transfer_or_unpriced_swap
0x4e3ae00e8323558fa5cac04b152238924aa31b60,0x1b540a9c3cd75de2aac7b2534d2c5db828ca2747ff4cb5c5c82bd3a6cc57059d,51093379,619,0xaa5e5c97be235c3b7035bb1492fef2b4167edf05,8729.871625743043704955,0,0,0,unknown_transfer_or_unpriced_swap
0x4e3ae00e8323558fa5cac04b152238924aa31b60,0xbacdcea22dcf898b738495a37188f75979fa8b1f552c5c959880e1fcf5fb9c2e,51093379,733,0xbd46cf0958e4880633d320eed38785ee432269da,7989.881859224649391128,0,0,0,unknown_transfer_or_unpriced_swap
0x4e3ae00e8323558fa5cac04b152238924aa31b60,0x93d36cbab0dea700da3e1c09eda893f2e95858e9d6ba95e40b94f99173573b94,51093380,180,0x23e829647939359507c491bef51419698fe3a981,5923.73071537487257448,0,0,0,unknown_transfer_or_unpriced_swap
0x4e3ae00e8323558fa5cac04b152238924aa31b60,0xfc99e0f99ff6e78da44a2cdf40a7125ff6fc9ca42437cf2b50191d1f86078b69,51093413,16,0x6c3cb7ba347a2c93cf73f03e71030666871f6bfd,6082.006341087939603909,0,0,0,unknown_transfer_or_unpriced_swap
0x4e3ae00e8323558fa5cac04b152238924aa31b60,0x754a65728591363565b11c214e13e862e86468ee9345b8952801017f0ffc01f3,51094438,583,0xef1313c5fc72844a18c3fcbf5b26b6459e935cb6,6856.373370344760421798,0,0,0,unknown_transfer_or_unpriced_swap
0x977b15009c23651c5357e0e4aa45efa890447f75,0xad1acc9435a7730515abac3b15da616fd98b61a70cb61c8df29ca63f8c84eddb,51094611,34,0xb92fe925dc43a0ecde6c8b1a2709c170ec4fff4f,189334.37056646800739039,170386.14116896900222852000000000000000000000000,1916.7216522892029490448425000000000000000000000000000000000000000,0.76976572241446074500000000000000000000000000000000000000000000000,same_tx_swap_flow_allocation
0x4e3ae00e8323558fa5cac04b152238924aa31b60,0x6f0b0918258946d8ef3d3c439a45fd3f81227bdf2026d13802b7d929d465b3b0,51094914,26,0x457d56fa065caa21c89670359f2b1edce6bb3b2a,4304.955584145359500122,0,0,0,unknown_transfer_or_unpriced_swap
0x0ca6cadb6a8ca4199788b9a060c3285fe7b897fd,0xe6b3b00d8a5686225370c8c0bfaa5605d04a2fcaf3f4e31a5764a8414c7690c3,51095045,708,0xf01a4dabfd54d1a6a1812a95f7151e8da851de2e,56.447295798084987711,0E-739,0E-739,0E-739,unknown_transfer_or_unpriced_swap
0x25eded2339466d3b7daf552b24d9b6e09b409b4b,0xe6b3b00d8a5686225370c8c0bfaa5605d04a2fcaf3f4e31a5764a8414c7690c3,51095045,730,0xf01a4dabfd54d1a6a1812a95f7151e8da851de2e,5.091761800611194784,0E-2227,0E-2227,0E-2227,unknown_transfer_or_unpriced_swap
0x3fa87fac3430294f5461f9599ed2c9bd7b7eda6d,0xe6b3b00d8a5686225370c8c0bfaa5605d04a2fcaf3f4e31a5764a8414c7690c3,51095045,750,0xf01a4dabfd54d1a6a1812a95f7151e8da851de2e,73.698066811606509061,0E-3578,0E-3578,0E-3578,unknown_transfer_or_unpriced_swap
0x4552df0be3b02bfb80c3444b3f1465ee0bdb224c,0xe6b3b00d8a5686225370c8c0bfaa5605d04a2fcaf3f4e31a5764a8414c7690c3,51095045,758,0xf01a4dabfd54d1a6a1812a95f7151e8da851de2e,17.877100830276771127,0E-4113,0E-4113,0E-4113,unknown_transfer_or_unpriced_swap
0x461d5072f3eef08dedc4a7d74fb6d79f99e25e73,0xe6b3b00d8a5686225370c8c0bfaa5605d04a2fcaf3f4e31a5764a8414c7690c3,51095045,759,0xf01a4dabfd54d1a6a1812a95f7151e8da851de2e,15.070216975698342387,0E-4179,0E-4179,0E-4179,unknown_transfer_or_unpriced_swap
0x68ccd83694d6b664a62982310fcefc9f792f39d6,0xe6b3b00d8a5686225370c8c0bfaa5605d04a2fcaf3f4e31a5764a8414c7690c3,51095045,784,0xf01a4dabfd54d1a6a1812a95f7151e8da851de2e,13.747197833507139933,0E-5869,0E-5869,0E-5869,unknown_transfer_or_unpriced_swap
0x8da2e73785a202263be1b04d3dcc8137181c89c3,0xe6b3b00d8a5686225370c8c0bfaa5605d04a2fcaf3f4e31a5764a8414c7690c3,51095045,820,0xf01a4dabfd54d1a6a1812a95f7151e8da851de2e,77.28355546704092525,0E-8293,0E-8293,0E-8293,unknown_transfer_or_unpriced_swap
0xd8b7f8ee88f4a19933e21724a3227b04cc31e9fe,0x3b389662cf67fb9ff986ac0991cdd3b840e6f302b659aad0d2eb223da4055881,51095046,582,0xf01a4dabfd54d1a6a1812a95f7151e8da851de2e,15.539484528313860141,0E-2207,0E-2207,0E-2207,unknown_transfer_or_unpriced_swap
0xfc90fd5e560471fab35e3703bf5ea4c54acee766,0x3b389662cf67fb9ff986ac0991cdd3b840e6f302b659aad0d2eb223da4055881,51095046,612,0xf01a4dabfd54d1a6a1812a95f7151e8da851de2e,43.900297987362149898,0E-4206,0E-4206,0E-4206,unknown_transfer_or_unpriced_swap
0x4e3ae00e8323558fa5cac04b152238924aa31b60,0xd49868da605638cfb374aacbef029428df73a5e6bf6c19b7528d8a10420cb801,51095816,10,0x5f1c5951c5b1cc112ba9e89b9467edca33063453,5488.494201730326144,0,0,0,unknown_transfer_or_unpriced_swap
0x4e3ae00e8323558fa5cac04b152238924aa31b60,0xdd6b4ac34d295d29a60bd3820b97abc6f20f23028cd1237241492d0f438416a4,51095972,179,0xef1313c5fc72844a18c3fcbf5b26b6459e935cb6,16272.505175045294506508,0,0,0,unknown_transfer_or_unpriced_swap
0x4e3ae00e8323558fa5cac04b152238924aa31b60,0xbcaac5e81b5429882304d9bda73fc9913654e3ac9fafe61c19e4f9c53c5de49b,51096192,649,0xef1313c5fc72844a18c3fcbf5b26b6459e935cb6,51302.4223239562837419,0,0,0,unknown_transfer_or_unpriced_swap
0x4e3ae00e8323558fa5cac04b152238924aa31b60,0x508f8cd7c501dab042baaafffd1e1f667357824b5b20e7db5ea17895bbcadc57,51096192,852,0x6f10424b4f5ce3b80a999c6937226c59ddaf9def,45000,0,0,0,unknown_transfer_or_unpriced_swap
0x4e3ae00e8323558fa5cac04b152238924aa31b60,0xef9b5b25d74188f788fb214c2f1e2607a34ffa15dea93ec968630db09b86f4e2,51096192,982,0x5f1c5951c5b1cc112ba9e89b9467edca33063453,44043.17085014316881417,0,0,0,unknown_transfer_or_unpriced_swap
0x4e3ae00e8323558fa5cac04b152238924aa31b60,0x6429d3dad2f86aef068ae1fba20598f10a396071d0342f64302bb35dacf71ed3,51096193,0,0x52dd4b87423b0a2e409f89a1571103475344f34b,30447.960000002000262144,0,0,0,unknown_transfer_or_unpriced_swap
0x4e3ae00e8323558fa5cac04b152238924aa31b60,0x0b6e27b9387afb252df1d7a3f6e590e20deca25736f898098a4423dba814c778,51096193,231,0xaa5e5c97be235c3b7035bb1492fef2b4167edf05,10094.695393288611063799,0,0,0,unknown_transfer_or_unpriced_swap
0x4e3ae00e8323558fa5cac04b152238924aa31b60,0x8bf4b0acf3b1b67e061549a0446947ea6a6a8c95a152565b97fa4952a5718686,51096193,315,0x39176583a78443a64cd12ee18f8318dd8ed1268a,7712.310000000000851968,0,0,0,unknown_transfer_or_unpriced_swap
0x4e3ae00e8323558fa5cac04b152238924aa31b60,0x2d7f27623d3cc7410171b56c392c728af016c9335e7ae9d6e56ebe19a0799d18,51096193,353,0xbd46cf0958e4880633d320eed38785ee432269da,7252.667659270496318727,0,0,0,unknown_transfer_or_unpriced_swap
0x4e3ae00e8323558fa5cac04b152238924aa31b60,0x6611809ae85524cd22d57c81eb1333e1c9f62e130136459b7372b864a04d9e15,51096193,486,0x23e829647939359507c491bef51419698fe3a981,5212.002931301581697682,0,0,0,unknown_transfer_or_unpriced_swap
0x4e3ae00e8323558fa5cac04b152238924aa31b60,0xdce4c51b5549e248d25eb8b3b8080ae9bccefa79c2026cb13f8ca9d7bd11c28d,51097293,164,0xef1313c5fc72844a18c3fcbf5b26b6459e935cb6,21358.253213922973691138,0,0,0,unknown_transfer_or_unpriced_swap
0x4e3ae00e8323558fa5cac04b152238924aa31b60,0x597d325a96bfac8b5a314ceecc9adbc2860546218575e41ff6553899be5c739a,51097513,43,0xef1313c5fc72844a18c3fcbf5b26b6459e935cb6,6994.250133498220480866,0,0,0,unknown_transfer_or_unpriced_swap
0x5c3e5b6780dc15b705f606f19b6a9206fea39cdf,0x2187bb1d588062490a59aad494d5fea695f007e3f58eb630a90a0e1a2ce9da1b,51098336,298,0x7692acc1cdd771d09ebcae3663e1843b2911bec7,64231.914947911613430029,64231.914947911613430029,610.591636992150,0.2475,same_tx_swap_flow_allocation
0x4e3ae00e8323558fa5cac04b152238924aa31b60,0xc12adae9c5e8e6fee8852800a60895518b58c8d17e21b14bfffd9f0d429af413,51098396,511,0x5f1c5951c5b1cc112ba9e89b9467edca33063453,26852.657729402929987818,0,0,0,unknown_transfer_or_unpriced_swap
0xf0f349d0ed0673a77e0afcdffe00e8c023645a4e,0x60b7f679bac0328cfee4cf387a6b31e95229ee39a83dfe3e17c5457eec32c2ca,51098609,1,0x7692acc1cdd771d09ebcae3663e1843b2911bec7,15411.26710312638157799,15411.26710312638157799,148.0222150284,0.06,same_tx_swap_flow_allocation
0x4e3ae00e8323558fa5cac04b152238924aa31b60,0xde9a2a5944731e09745eef25d4d69aa80afb72c15810059166562701f5b45a5b,51098895,297,0xbd46cf0958e4880633d320eed38785ee432269da,17195.56388249456090053,0,0,0,unknown_transfer_or_unpriced_swap
0x4e3ae00e8323558fa5cac04b152238924aa31b60,0x4d781d2f481e12b0b73f5985f5fbf54bf5f06cb257ff5956252faf0dcf42c81f,51098895,389,0x52dd4b87423b0a2e409f89a1571103475344f34b,14860.000000001001048576,0,0,0,unknown_transfer_or_unpriced_swap
0xfc90fd5e560471fab35e3703bf5ea4c54acee766,0x4257fe7a00603ee494f91fd82d52a5e790af9afa3ec38cd9d07916ba57c1d0f9,51099041,824,0xb92fe925dc43a0ecde6c8b1a2709c170ec4fff4f,111374.681944712967003917,111264.8003304783564313420680662757226271273244971376088855364465,963.37515993980563359237843702348375034512085957656061382306724701,0.39060680346412604606983366793238741812468011384108389161248067017,same_tx_swap_flow_allocation
0x4e3ae00e8323558fa5cac04b152238924aa31b60,0xa9826b094d543f9cc251a009377ce843b8509273cf7e47f166e027178deb14bf,51099114,170,0x52dd4b87423b0a2e409f89a1571103475344f34b,16921.6700000010016384,0,0,0,unknown_transfer_or_unpriced_swap
0x4e3ae00e8323558fa5cac04b152238924aa31b60,0xd620e4650c95c1e56a8a8703e517d09c1e8cfea407084d12ab8106f690861645,51099114,187,0xaa5e5c97be235c3b7035bb1492fef2b4167edf05,5747.703567588796460291,0,0,0,unknown_transfer_or_unpriced_swap
0x4e3ae00e8323558fa5cac04b152238924aa31b60,0xea9d4217d50512a58b8aa8c92529cb0e0bcc839ab62db0e1f3f1a35e4acb6eec,51099437,244,0x6f10424b4f5ce3b80a999c6937226c59ddaf9def,20000,0,0,0,unknown_transfer_or_unpriced_swap
0xfc90fd5e560471fab35e3703bf5ea4c54acee766,0xdd4ad56a6b1a11a8e32971d45c8adc0104bdc5ce1609fcef027a5657dc18d102,51099718,583,0xb92fe925dc43a0ecde6c8b1a2709c170ec4fff4f,187392.056424588520140903,154576.91272921032889175000000000000000000000000,1505.5584884537899001942568999600000000000000000000000000000000000,0.61059255138429749700000000000000000000000000000000000000000000000,same_tx_swap_flow_allocation
0x8b87ba04b378efc94d42f6d82ef7e6f52e48e4fd,0xbf01620d9acd13bcb37bb66674f16ae8310d728469f9bded9612f202b7b3446e,51100703,331,0xb92fe925dc43a0ecde6c8b1a2709c170ec4fff4f,195773.299173237956704828,195657.85164564929812883153183592851936804514217035166435899243503,2022.6592504719125886889048853518787491764827711543961740840537072,0.82321037287615222111895818194755659229561103311926509160930541013,same_tx_swap_flow_allocation
0x4e3ae00e8323558fa5cac04b152238924aa31b60,0xe8b9b8c68297322960797502a180e2f98c2edc5083d7257d95d8e72a0d5c1d30,51101420,451,0xef1313c5fc72844a18c3fcbf5b26b6459e935cb6,27827.962622752908860998,0,0,0,unknown_transfer_or_unpriced_swap
0x4e3ae00e8323558fa5cac04b152238924aa31b60,0xdfa715388649e0ac55159e31fd136827674e7f6a7e66bf6bf769dec90c2f359f,51101648,341,0x6157ba4710b7e6c9f86904663a72ad89b2a45a65,5850.964479749882350718,0,0,0,unknown_transfer_or_unpriced_swap
0x211c8e97a504d2d142bc945334d4a88bd3270b4d,0xafa51d0b6a610825e01c9e32def21ef916489d2b0b761ce8e34fa13b26f83c87,51102300,525,0x7273a102a1a20dd0eb01c23ce4b57daf6160bf77,99.498171412290877906,0E-1010,0E-1010,0E-1010,unknown_transfer_or_unpriced_swap
0x25eded2339466d3b7daf552b24d9b6e09b409b4b,0xafa51d0b6a610825e01c9e32def21ef916489d2b0b761ce8e34fa13b26f83c87,51102300,529,0x7273a102a1a20dd0eb01c23ce4b57daf6160bf77,18.657705420528920753,0E-1279,0E-1279,0E-1279,unknown_transfer_or_unpriced_swap
0x27251ef93006c0f3ea2031d709d0ba9b3c4f3eef,0xafa51d0b6a610825e01c9e32def21ef916489d2b0b761ce8e34fa13b26f83c87,51102300,530,0x7273a102a1a20dd0eb01c23ce4b57daf6160bf77,2.603612043902738888,0E-1346,0E-1346,0E-1346,unknown_transfer_or_unpriced_swap
0x461d5072f3eef08dedc4a7d74fb6d79f99e25e73,0xafa51d0b6a610825e01c9e32def21ef916489d2b0b761ce8e34fa13b26f83c87,51102300,553,0x7273a102a1a20dd0eb01c23ce4b57daf6160bf77,91.971685450348097488,0E-2895,0E-2895,0E-2895,unknown_transfer_or_unpriced_swap
0x5c3e5b6780dc15b705f606f19b6a9206fea39cdf,0xafa51d0b6a610825e01c9e32def21ef916489d2b0b761ce8e34fa13b26f83c87,51102300,566,0x7273a102a1a20dd0eb01c23ce4b57daf6160bf77,36.53048765972650638,0E-3770,0E-3770,0E-3770,unknown_transfer_or_unpriced_swap
0x9622a7905307abe9686999c400b85a7b30775345,0xafa51d0b6a610825e01c9e32def21ef916489d2b0b761ce8e34fa13b26f83c87,51102300,599,0x7273a102a1a20dd0eb01c23ce4b57daf6160bf77,127.204957523016325625,0E-5989,0E-5989,0E-5989,unknown_transfer_or_unpriced_swap
0xa122c3ef0ced83be89922d99e8dde8f4e272eaca,0xafa51d0b6a610825e01c9e32def21ef916489d2b0b761ce8e34fa13b26f83c87,51102300,605,0x7273a102a1a20dd0eb01c23ce4b57daf6160bf77,91.094799097918983143,0E-6391,0E-6391,0E-6391,unknown_transfer_or_unpriced_swap
0xd8b7f8ee88f4a19933e21724a3227b04cc31e9fe,0xafa51d0b6a610825e01c9e32def21ef916489d2b0b761ce8e34fa13b26f83c87,51102300,634,0x7273a102a1a20dd0eb01c23ce4b57daf6160bf77,30.347028373138803333,0E-8333,0E-8333,0E-8333,unknown_transfer_or_unpriced_swap
0xfc90fd5e560471fab35e3703bf5ea4c54acee766,0xafa51d0b6a610825e01c9e32def21ef916489d2b0b761ce8e34fa13b26f83c87,51102300,659,0x7273a102a1a20dd0eb01c23ce4b57daf6160bf77,56.343201198169387553,0E-9989,0E-9989,0E-9989,unknown_transfer_or_unpriced_swap
0x8400275efc189259686fa57be45955b740c580d1,0xe251a436c951ed8ea13ac2228d9fbd5a974f0b416be4e70ba38af154c991d21c,51102374,699,0xb92fe925dc43a0ecde6c8b1a2709c170ec4fff4f,87397.101973846311175034,87281.738983802332079784540658718037498086912516800636137417163246,932.01678551612937733114895147474276594425144637923587009943275486,0.37949338769768495992636208044737994093701070721278359498338026216,same_tx_swap_flow_allocation
0x4e3ae00e8323558fa5cac04b152238924aa31b60,0x5232268b1a0c373032aa7250622fe9ebefa1690bcba8b500388d5e82c6d825fd,51102831,267,0xef1313c5fc72844a18c3fcbf5b26b6459e935cb6,50483.837172615023629032,0,0,0,unknown_transfer_or_unpriced_swap
0x4e3ae00e8323558fa5cac04b152238924aa31b60,0xa47a9bbc35541a05e53985cef8ce61e0e629ec7512ac1ce47c3f9b7cc158735e,51102831,309,0x52dd4b87423b0a2e409f89a1571103475344f34b,17277.740000001002228224,0,0,0,unknown_transfer_or_unpriced_swap
0x4e3ae00e8323558fa5cac04b152238924aa31b60,0xf318b7be99b5dd1c3e2f3be839d5257ab820299f243c7dc755c49400a73fb11c,51102878,291,0x23e829647939359507c491bef51419698fe3a981,5194.501571840606579611,0,0,0,unknown_transfer_or_unpriced_swap
0x5c3e5b6780dc15b705f606f19b6a9206fea39cdf,0x1a46f83270e174bee3e748a7fa857ba35098b73416df0165b3a5690b6bc1b7bc,51102893,432,0x7692acc1cdd771d09ebcae3663e1843b2911bec7,243719.167971200812134955,243719.167971200812134955,2431.7937783117,0.99,same_tx_swap_flow_allocation
0x4e3ae00e8323558fa5cac04b152238924aa31b60,0x2c8d85302f085d22b2774f9d06511be84e5657fd345cd2f4afe6711e3bd16dbd,51102997,614,0x6f10424b4f5ce3b80a999c6937226c59ddaf9def,19999.999999999996362021,0,0,0,unknown_transfer_or_unpriced_swap
0x4e3ae00e8323558fa5cac04b152238924aa31b60,0x1b9d98c12c78c62c596b373d231484b1a71f8dc31431a68f95407220faa5e089,51103327,855,0x6c3cb7ba347a2c93cf73f03e71030666871f6bfd,4989.269069858891601321,0,0,0,unknown_transfer_or_unpriced_swap
0xa7f43c546317017b9aad711fd99660360b4733aa,0x971c7c67aeb2b22b77da9fc8cb9b0099719d8cfe3f5fb86c24735e998804c6db,51105831,263,0x7692acc1cdd771d09ebcae3663e1843b2911bec7,234690.251106112497942469,234690.251106112497942469,2439.1742816133,0.99,same_tx_swap_flow_allocation
0xa7f43c546317017b9aad711fd99660360b4733aa,0x91c72e40d47a34e697f3d4ea584fbb31fa3c3c6af47ef5dcbe7b35b382335f25,51105854,24,0x7692acc1cdd771d09ebcae3663e1843b2911bec7,231774.422507755793633606,231774.422507755793633606,2439.1742816133,0.99,same_tx_swap_flow_allocation
0xa7f43c546317017b9aad711fd99660360b4733aa,0x82814736c4b9c90323540b885a34d5501beed7c5094f809982713ee60ee3fef1,51105864,680,0x7692acc1cdd771d09ebcae3663e1843b2911bec7,455159.258615329264329262,455159.258615329264329262,4878.3485632266,1.98,same_tx_swap_flow_allocation
0xa7f43c546317017b9aad711fd99660360b4733aa,0xb596c81c185360de349e41e14276462d0fa3a76c12a4b775db1f6909fa780cb2,51105882,19,0x7692acc1cdd771d09ebcae3663e1843b2911bec7,224769.432391611489691942,224769.432391611489691942,2439.1742816133,0.99,same_tx_swap_flow_allocation
0xa7f43c546317017b9aad711fd99660360b4733aa,0x3fe666f3fcdaac42dc023447b84fc3a6b7366de25e23495a4f8c9e0b6114d2ca,51106087,229,0x7692acc1cdd771d09ebcae3663e1843b2911bec7,443837.000631524743991697,443837.000631524743991697,4878.0989837118,1.98,same_tx_swap_flow_allocation
0xc244cfa9b8de25ffdc690426bd630d587101bb3b,0xb37d1e7287417ffa09c7fdd7952a7bdc01ed0e0e45d02872c05cc26e94df6728,51106171,4,0x7692acc1cdd771d09ebcae3663e1843b2911bec7,488648.034942355014026863,488648.034942355014026863,5949.70607688676469450875585911,2.414960842650212571,same_tx_swap_flow_allocation
0xc244cfa9b8de25ffdc690426bd630d587101bb3b,0xb37d1e7287417ffa09c7fdd7952a7bdc01ed0e0e45d02872c05cc26e94df6728,51106171,12,0x498581ff718922c3f8e6a244956af099b2652b2b,25734.5255579496157223,0E-66,0E-66,0E-66,unknown_transfer_or_unpriced_swap
0xa7f43c546317017b9aad711fd99660360b4733aa,0x3ce6015215fbeaecf997417985970a80bff2b47838159c79dfc5e05a65c563e9,51106270,631,0x7692acc1cdd771d09ebcae3663e1843b2911bec7,196854.62825992069353418,196854.62825992069353418,2439.0494918559,0.99,same_tx_swap_flow_allocation
0xa7f43c546317017b9aad711fd99660360b4733aa,0x7b0263881504204b95a999fc41c39dc580faf0c9c87e8b08c641f172918794eb,51106272,22,0x7692acc1cdd771d09ebcae3663e1843b2911bec7,195309.989904263093281019,195309.989904263093281019,2439.0494918559,0.99,same_tx_swap_flow_allocation
0xa7f43c546317017b9aad711fd99660360b4733aa,0xd564401fc96c905d638bfcc0b38b0b44a419b3438c74309f32e4deae15d2bfa4,51106276,486,0x7692acc1cdd771d09ebcae3663e1843b2911bec7,291082.408146175178946909,291082.408146175178946909,3658.57423778385,1.485,same_tx_swap_flow_allocation
0x4e3ae00e8323558fa5cac04b152238924aa31b60,0xfee658b12c3bf9e83e88afd231fe26d8a4a77e70cb457f99f1b4670688da86a5,51106414,379,0xef1313c5fc72844a18c3fcbf5b26b6459e935cb6,16080.755417450459625946,0,0,0,unknown_transfer_or_unpriced_swap
0x4e3ae00e8323558fa5cac04b152238924aa31b60,0x4e91a3eb07828191506ceebc677962cc045f3460151a8639a62b01974007e73c,51106932,32,0xef1313c5fc72844a18c3fcbf5b26b6459e935cb6,26624.970435599712565222,0,0,0,unknown_transfer_or_unpriced_swap
0x4e3ae00e8323558fa5cac04b152238924aa31b60,0xae6d2dec64f21f1156d634fb343d099f64f3fe70e1329fe8e0615e09556edd9a,51109100,247,0xef1313c5fc72844a18c3fcbf5b26b6459e935cb6,48400.211395134684928533,0,0,0,unknown_transfer_or_unpriced_swap
0x4e3ae00e8323558fa5cac04b152238924aa31b60,0x1e1c64c87e24ab62ae56e437f6f1faa1b61eae985e9ca9735d437f9740c779e3,51109100,314,0xbd46cf0958e4880633d320eed38785ee432269da,28448.886010506233302731,0,0,0,unknown_transfer_or_unpriced_swap
0x4e3ae00e8323558fa5cac04b152238924aa31b60,0xb73542dec0395c544bdfdd647fa247a36880cad4acc0648fd83e168c74cd1ba6,51109100,343,0x6f10424b4f5ce3b80a999c6937226c59ddaf9def,20000,0,0,0,unknown_transfer_or_unpriced_swap
0x4e3ae00e8323558fa5cac04b152238924aa31b60,0x5e510fdeaf71b5291295a77c6343cef9e5c1f8858f5c709e9efe29e0f8b902b2,51109100,406,0x52dd4b87423b0a2e409f89a1571103475344f34b,19360.770000000999148032,0,0,0,unknown_transfer_or_unpriced_swap
0x4e3ae00e8323558fa5cac04b152238924aa31b60,0x635ecbfce9f5969a561a465dd5f8558360bf25c2ce7cf54419f5c638e0d33e24,51109100,452,0x371f41fbf424fa514fad1cd3879b2309829e7529,12830.493513388669734882,0,0,0,unknown_transfer_or_unpriced_swap
0x4e3ae00e8323558fa5cac04b152238924aa31b60,0x8805f906d6433102fd012cc604d34a804e166f93131e0b4075e9f30d6ada53d0,51109100,546,0x23e829647939359507c491bef51419698fe3a981,11476.583554205275535542,0,0,0,unknown_transfer_or_unpriced_swap
0x4e3ae00e8323558fa5cac04b152238924aa31b60,0x640e5cbf8d6d073653ae65a292536a4069e2af273b6d413fda1173eb8e7c4e88,51109101,27,0xaa5e5c97be235c3b7035bb1492fef2b4167edf05,4782.784445653303703409,0,0,0,unknown_transfer_or_unpriced_swap
0x9a44d4974cad27175458ee071c189c2619f417c0,0x2e7621cb14e8af3d27cda95879528c87aad8ddf3a968fbff6df6b7fa4875e5da,51109413,468,0xbc6d645cd3cf98fecc6f48b1b3fe16f7e8927d4a,3410.983743866197645448,3410.983743866197645448,36.659121119280,0.01485,same_tx_swap_flow_allocation
0x4e3ae00e8323558fa5cac04b152238924aa31b60,0xae3edc68c6e33909f4ab51f02ef020385517e27ccd0fa4e2ae0f09fa1923dcf2,51110650,90,0xef1313c5fc72844a18c3fcbf5b26b6459e935cb6,37410.668307087600322943,0,0,0,unknown_transfer_or_unpriced_swap
0x4e3ae00e8323558fa5cac04b152238924aa31b60,0x74afc6882d943a7645507fc87e526432fcd9d256f22f613b5c4ca505ec96eba7,51110650,91,0x52dd4b87423b0a2e409f89a1571103475344f34b,12240.310000001002162688,0,0,0,unknown_transfer_or_unpriced_swap
0x4e3ae00e8323558fa5cac04b152238924aa31b60,0x2226b69e7d1e9a5c5ed9124823137ddafa597a99652deee858cd7eff076bfa79,51111418,208,0xef1313c5fc72844a18c3fcbf5b26b6459e935cb6,9721.648910349428474505,0,0,0,unknown_transfer_or_unpriced_swap
0xf0f349d0ed0673a77e0afcdffe00e8c023645a4e,0x3b7f275e2c679216287c062ef93a8b651e13445af10883f08d50aa9a3c125609,51111529,1,0x7692acc1cdd771d09ebcae3663e1843b2911bec7,22702.630773247587359292,22702.630773247587359292,222.9390093546,0.09,same_tx_swap_flow_allocation
0x8400275efc189259686fa57be45955b740c580d1,0x6231b743d1d5b7d549e0408e36e141ec5850b08fe3d3380c44b2d5ba6aa148c3,51113815,574,0xb92fe925dc43a0ecde6c8b1a2709c170ec4fff4f,94913.820927078831179894,85534.727474005019016063098816941109974478941247375801915951445284,873.33084050122375841382980765683918642850161420430463107801339747,0.35279628083277645299999628298305360790739575167918393216493566887,same_tx_swap_flow_allocation
0xf99d7a743d1b5b2ff28c22b2005cd98def3591de,0x56ffb0d00b42b9220fb4f33cb78832c8e5c157a68cff26165a7aadc9f858a8f5,51113848,1526,0xb92fe925dc43a0ecde6c8b1a2709c170ec4fff4f,18035.279728130661549818,18035.279728130661549817000000000000000000000055446880507222883295,184.96519680922500441796531513683452393785231403361658809587342894,0.074719717307069808999995857024762941426697306827161988496736979749,same_tx_swap_flow_allocation
0x4e3ae00e8323558fa5cac04b152238924aa31b60,0x7e52499a2f62f0dce1317f9619aa0508b55409f55d61b7ba2297728770fe2b09,51116230,796,0xef1313c5fc72844a18c3fcbf5b26b6459e935cb6,48168.301858988742934944,0,0,0,unknown_transfer_or_unpriced_swap
0x4e3ae00e8323558fa5cac04b152238924aa31b60,0xff0391b0433d0e56e53c0864aab394ec932ccf1193829cca345118839ea7c046,51117114,393,0xef1313c5fc72844a18c3fcbf5b26b6459e935cb6,42333.398962266685339622,0,0,0,unknown_transfer_or_unpriced_swap
0x0ca6cadb6a8ca4199788b9a060c3285fe7b897fd,0x9accf94aac9b1c1a0f1b2ca829c3b56ede6952be77ffc96af8977823919bf1f7,51117304,883,0xf01a4dabfd54d1a6a1812a95f7151e8da851de2e,133.259941109766607635,0E-674,0E-674,0E-674,unknown_transfer_or_unpriced_swap
0x211c8e97a504d2d142bc945334d4a88bd3270b4d,0x9accf94aac9b1c1a0f1b2ca829c3b56ede6952be77ffc96af8977823919bf1f7,51117304,901,0xf01a4dabfd54d1a6a1812a95f7151e8da851de2e,149.565661235091822509,0E-1892,0E-1892,0E-1892,unknown_transfer_or_unpriced_swap
0x25eded2339466d3b7daf552b24d9b6e09b409b4b,0x9accf94aac9b1c1a0f1b2ca829c3b56ede6952be77ffc96af8977823919bf1f7,51117304,904,0xf01a4dabfd54d1a6a1812a95f7151e8da851de2e,12.020555955798798655,0E-2094,0E-2094,0E-2094,unknown_transfer_or_unpriced_swap
0x3fa87fac3430294f5461f9599ed2c9bd7b7eda6d,0x9accf94aac9b1c1a0f1b2ca829c3b56ede6952be77ffc96af8977823919bf1f7,51117304,922,0xf01a4dabfd54d1a6a1812a95f7151e8da851de2e,173.985306193383887406,0E-3309,0E-3309,0E-3309,unknown_transfer_or_unpriced_swap
0x4552df0be3b02bfb80c3444b3f1465ee0bdb224c,0x9accf94aac9b1c1a0f1b2ca829c3b56ede6952be77ffc96af8977823919bf1f7,51117304,929,0xf01a4dabfd54d1a6a1812a95f7151e8da851de2e,42.203995252096087411,0E-3776,0E-3776,0E-3776,unknown_transfer_or_unpriced_swap
0x461d5072f3eef08dedc4a7d74fb6d79f99e25e73,0x9accf94aac9b1c1a0f1b2ca829c3b56ede6952be77ffc96af8977823919bf1f7,51117304,930,0xf01a4dabfd54d1a6a1812a95f7151e8da851de2e,35.577545359774304204,0E-3842,0E-3842,0E-3842,unknown_transfer_or_unpriced_swap
0x68ccd83694d6b664a62982310fcefc9f792f39d6,0x9accf94aac9b1c1a0f1b2ca829c3b56ede6952be77ffc96af8977823919bf1f7,51117304,955,0xf01a4dabfd54d1a6a1812a95f7151e8da851de2e,32.454181335284138045,0E-5533,0E-5533,0E-5533,unknown_transfer_or_unpriced_swap
0x8da2e73785a202263be1b04d3dcc8137181c89c3,0x9accf94aac9b1c1a0f1b2ca829c3b56ede6952be77ffc96af8977823919bf1f7,51117304,990,0xf01a4dabfd54d1a6a1812a95f7151e8da851de2e,182.449874784624290281,0E-7887,0E-7887,0E-7887,unknown_transfer_or_unpriced_swap
0xd8b7f8ee88f4a19933e21724a3227b04cc31e9fe,0x4d7470f111b4930e57fa48ea06fd3a18afda57675b4b555454d03e78b955a8ec,51117305,746,0xf01a4dabfd54d1a6a1812a95f7151e8da851de2e,36.685385257897284366,0E-1942,0E-1942,0E-1942,unknown_transfer_or_unpriced_swap
0xfc90fd5e560471fab35e3703bf5ea4c54acee766,0x4d7470f111b4930e57fa48ea06fd3a18afda57675b4b555454d03e78b955a8ec,51117305,770,0xf01a4dabfd54d1a6a1812a95f7151e8da851de2e,75.341512124435543553,0E-3536,0E-3536,0E-3536,unknown_transfer_or_unpriced_swap
0x4e3ae00e8323558fa5cac04b152238924aa31b60,0x5bac70aea150aa28aef6e7eb74d41b89a4b0f972550aceca748769b2d999063c,51119321,456,0x5f1c5951c5b1cc112ba9e89b9467edca33063453,13363.817545654672844398,0,0,0,unknown_transfer_or_unpriced_swap
0x4e3ae00e8323558fa5cac04b152238924aa31b60,0x76eac049cf63aa43f1103f1b3e4bf48ad89ad26b160ec507c4d8fb14d92606bf,51119664,414,0xef1313c5fc72844a18c3fcbf5b26b6459e935cb6,9164.147980246483054187,0,0,0,unknown_transfer_or_unpriced_swap
0x4e3ae00e8323558fa5cac04b152238924aa31b60,0xd035349c9db27d5546fa1bdd5cc7d4a45918a6e22ac77102f921c576a8c9d392,51120335,718,0xef1313c5fc72844a18c3fcbf5b26b6459e935cb6,38150.542082155963090213,0,0,0,unknown_transfer_or_unpriced_swap
0x211c8e97a504d2d142bc945334d4a88bd3270b4d,0xf673a3aca889b097e1ceaec57d898d94d843b83d0528f547b6a51e9b6bd96d97,51120424,28,0xb92fe925dc43a0ecde6c8b1a2709c170ec4fff4f,22007.82364513357679751,19816.501061774038520905000000000000000000000000,181.51139253079072947456000000000000000000000000000000000000000000,0.073407933435838104000000000000000000000000000000000000000000000000,same_tx_swap_flow_allocation
0x67505fc71782403718939b4bb3f6ab39be613f4f,0xa494194c2342c909db115f7c9a5f141d880767bace900c46ed59f59b9449451f,51120574,903,0xb92fe925dc43a0ecde6c8b1a2709c170ec4fff4f,529647.6723547868024075,529455.09187103628614086424815638638675125305953651201915866961582,4971.1972594458473804510333828598598660139892778400317916976817684,2.0109777225380951608398900429444059602893125398316492080183823693,same_tx_swap_flow_allocation
0x4e3ae00e8323558fa5cac04b152238924aa31b60,0x0eef3b7764b294280c8fe32c5b30f197506e662721ada1414c4f807d4580135e,51120702,868,0xef1313c5fc72844a18c3fcbf5b26b6459e935cb6,48774.063490107638171059,0,0,0,unknown_transfer_or_unpriced_swap
0x9a44d4974cad27175458ee071c189c2619f417c0,0x90e89925f40cd3007132e42c79cbd82b5ca3529ddf824f342ac77676270da309,51120782,365,0xbc6d645cd3cf98fecc6f48b1b3fe16f7e8927d4a,261242.13159577619245075,261242.13159577619245075,2447.3097,0.99,same_tx_swap_flow_allocation
0x25eded2339466d3b7daf552b24d9b6e09b409b4b,0x080af0dec04018c664638a8af65c1f8d37d1fe475a328087b9deffa7d6b9b5cc,51120910,435,0xfdf682f51fe81aa4898f0ae2163d8a55c127fbc7,255132.543128118814934678,216994.51544156163879141300000000000000000000000,2101.2255000000000000000000000000000000000000000000000000000000000,0.85000000000000000000000000000000000000000000000000000000000000000,same_tx_swap_flow_allocation
0x67505fc71782403718939b4bb3f6ab39be613f4f,0x1dfbb60d4fd5779b4f809576e5bde129c4ed33be216e99278645e3aa77bcd7ba,51121772,547,0xb92fe925dc43a0ecde6c8b1a2709c170ec4fff4f,332026.477481387082029096,331830.57436154149738865151900032256074995725528961539946566922977,2982.3988236033937653684539472295016425395976830218595759263314055,1.2056735566935368153670599363061877423759619670065799297348810910,same_tx_swap_flow_allocation
0xe48b6e0e9900d68ba93ac417d9e2ce911c52f753,0x3b886999e916eee4ea1adeb327155a6403263c319b8de9716a9a84417bc164ca,51121867,966,0xb92fe925dc43a0ecde6c8b1a2709c170ec4fff4f,250121.121437401484657385,230379.17708695550727045400000000000000000000000,2039.7013811449985437494298073200000000000000000000000000000000000,0.82523531059188948200000000000000000000000000000000000000000000000,same_tx_swap_flow_allocation
0x67505fc71782403718939b4bb3f6ab39be613f4f,0x9be653ea54c76ab81d0c778eda4055bfb6c68eba447e596fd962366a5dc4b60c,51121963,1230,0xb92fe925dc43a0ecde6c8b1a2709c170ec4fff4f,335919.316518845855167998,335723.41205949500516937440545148610202812800270918466528316855668,2981.5594675458948504784468289372917280761792594143609529823636151,1.2092240142864827757366920398986452938240887947399341978611837769,same_tx_swap_flow_allocation
0xfc90fd5e560471fab35e3703bf5ea4c54acee766,0x68a279f65140ad54f146cc782b06744afc12e778321adc4ff1c8e1023f15e3c2,51121993,591,0xb92fe925dc43a0ecde6c8b1a2709c170ec4fff4f,306242.029420930787219858,275615.53179117131896653400000000000000000000000,2462.8837716594029196202400000000000000000000000000000000000000000,0.99886594029209099300000000000000000000000000000000000000000000000,same_tx_swap_flow_allocation
0x67505fc71782403718939b4bb3f6ab39be613f4f,0x212480ebdd3a11c84fc9f3f2e1d4d025e2a02dcad101f56f94dbfaf96c583306,51122449,962,0xb92fe925dc43a0ecde6c8b1a2709c170ec4fff4f,520345.000975843486286763,468403.77919183042498217300000000000000000000000,4478.1118193643639569634461413500000000000000000000000000000000000,1.8133192456330689090000000000000000000000000000000000000000000000,same_tx_swap_flow_allocation
0x4e3ae00e8323558fa5cac04b152238924aa31b60,0x66fc0f2545847e67ca406fb244c509365c8834ded2633748932387effbc60649,51122580,587,0xef1313c5fc72844a18c3fcbf5b26b6459e935cb6,31476.958171673366960746,0,0,0,unknown_transfer_or_unpriced_swap
0xfc90fd5e560471fab35e3703bf5ea4c54acee766,0xa8e5b0f9b0196f689b480e7e4fdb8a4ef36542d481fe92e9650e265af443f8c2,51123113,506,0xb92fe925dc43a0ecde6c8b1a2709c170ec4fff4f,11595.44636643208010997,11401.787786941715859554136966343643614365696434628724898883812225,108.45244696749724156577769548975477034061122196905005668438041816,0.043946913070508725429601346868442715525107859771238910567590212389,same_tx_swap_flow_allocation
0x9a44d4974cad27175458ee071c189c2619f417c0,0x7ada3c8a9de970a095242058d814be501bd824a3c89c17a19c23386cca51644e,51123593,378,0xbc6d645cd3cf98fecc6f48b1b3fe16f7e8927d4a,38623.399927714846378307,38623.399927714846378307,365.807475,0.1485,same_tx_swap_flow_allocation
0x4e3ae00e8323558fa5cac04b152238924aa31b60,0x5a5f40c8020f93effdcc0ec82a37001cd84a1ef5bd907fee853204343ce09086,51124174,221,0xef1313c5fc72844a18c3fcbf5b26b6459e935cb6,9996.501029977581040298,0,0,0,unknown_transfer_or_unpriced_swap
0x9a44d4974cad27175458ee071c189c2619f417c0,0xb9162d18c4d95b9d8416d243a946cfc1df5686436fe927c87333880d7ce495bb,51124363,187,0xbc6d645cd3cf98fecc6f48b1b3fe16f7e8927d4a,66838.043356349183087186,66838.043356349183087186,634.532184,0.2574,same_tx_swap_flow_allocation
0x4e3ae00e8323558fa5cac04b152238924aa31b60,0x85b3a2867e24303d29d495af9285927b79f02396fe9f18fe7aed3ec0e64b4c48,51124389,1,0xef1313c5fc72844a18c3fcbf5b26b6459e935cb6,16520.515247369073137642,0,0,0,unknown_transfer_or_unpriced_swap
0x4e3ae00e8323558fa5cac04b152238924aa31b60,0x9d932c9585eaf6cf83cea2f9a962d77bec199c2623ea0d5826ea1f4872ec28d4,51124629,327,0xaa5e5c97be235c3b7035bb1492fef2b4167edf05,5284.667606010356807915,0,0,0,unknown_transfer_or_unpriced_swap
0x4e3ae00e8323558fa5cac04b152238924aa31b60,0xdf43b67090b6932335288c566c6a600430d9b9e763350d2df66388a00a7943ad,51124673,13,0x6f10424b4f5ce3b80a999c6937226c59ddaf9def,40000,0,0,0,unknown_transfer_or_unpriced_swap
0x4e3ae00e8323558fa5cac04b152238924aa31b60,0x54c6cd9f43c29c51a6fa0ff26089605ee6fa7236dc2acb6bda3e17df78ed794d,51124977,509,0xef1313c5fc72844a18c3fcbf5b26b6459e935cb6,36906.273673926729236659,0,0,0,unknown_transfer_or_unpriced_swap
0xf055acd3193f0bc2a46c06e2b3398c6c9b3c0f97,0x8b8e7959a6f5ecfef2e3cbe516cfe6b5e82e0165fe278640e0133f2948eaca21,51125624,245,0xb92fe925dc43a0ecde6c8b1a2709c170ec4fff4f,53051.873349411927648757,46417.571837254705138972000000000000000000000000,448.01989766213470706988678675000000000000000000000000000000000000,0.18153637733525745300000000000000000000000000000000000000000000000,same_tx_swap_flow_allocation
0x2ff852bc2a42c0b75576c47d647ff71b6517a801,0x9d308411d28758003d29dce2e50383b1c5b079dc398002d1a9d609b8a3407954,51126262,40,0xb92fe925dc43a0ecde6c8b1a2709c170ec4fff4f,103619.820443451295438449,103423.22048608992493877674694798778300952809280631272997655356607,993.41413084512353157069330925262987406720810040104523875420528496,0.40409196676456774189545326506028052652896756641746814343370216101,same_tx_swap_flow_allocation
0xfc90fd5e560471fab35e3703bf5ea4c54acee766,0x34e9a80669da882b7aa035d5fee17b2bb4ac24f9c87f1d237618b04d802a4978,51126304,34,0xb92fe925dc43a0ecde6c8b1a2709c170ec4fff4f,53998.78967126255523152,53802.579053340815367924371826244341140037344816468841110706551306,519.95467261725343218991098731563961195627888131152676608181920587,0.21150243364022534208468374742602850206183829397892717009544008921,same_tx_swap_flow_allocation
0x67505fc71782403718939b4bb3f6ab39be613f4f,0x87758266ca6c0cf5fd211453126ea4fb92114f799645abba13fcb2d6427f0147,51126434,597,0xb92fe925dc43a0ecde6c8b1a2709c170ec4fff4f,302022.601125635946374689,271881.28496988551361355600000000000000000000000,2684.7736612834246306191454527000000000000000000000000000000000000,1.0920878165713018050000000000000000000000000000000000000000000000,same_tx_swap_flow_allocation
0x4e3ae00e8323558fa5cac04b152238924aa31b60,0x1a1a2065d4cf79281fc7ee21731aef244123e19cc18d56c9d6a56397895c126c,51126989,246,0xef1313c5fc72844a18c3fcbf5b26b6459e935cb6,22532.202582152238467961,0,0,0,unknown_transfer_or_unpriced_swap
0x977b15009c23651c5357e0e4aa45efa890447f75,0x7a300f69325f7463464a61e2681952b9095caaf5e13b60b865a669c2bdc18628,51127054,79,0xb92fe925dc43a0ecde6c8b1a2709c170ec4fff4f,26150.756129957623959515,26150.756129957623959514000000000000000000000038239812073901224202,257.51021090152690231786755027792801494091218954226368106978067893,0.10499122230869212599999598515538950642727676451147996149260143819,same_tx_swap_flow_allocation
0x977b15009c23651c5357e0e4aa45efa890447f75,0xf1de5ec25be92b84577d4a4268553ec22996d759b767c39064d2e1a861d5910d,51127146,432,0xb92fe925dc43a0ecde6c8b1a2709c170ec4fff4f,40380.477291919801816273,40380.477291919801816273,398.05112211186308755905467736,0.162575043194471107,same_tx_swap_flow_allocation
0x4e3ae00e8323558fa5cac04b152238924aa31b60,0x276f4fd64966cd37176dd8307df25a24c02da581c20f649ae0825367515862b6,51127191,771,0xbd46cf0958e4880633d320eed38785ee432269da,187554.062522085755085559,0,0,0,unknown_transfer_or_unpriced_swap
0x4e3ae00e8323558fa5cac04b152238924aa31b60,0x9dc77aae9b326c2bb6d9667ea87caf893e34b4fc29b005e55c259a27f3dfcda2,51127191,855,0xef1313c5fc72844a18c3fcbf5b26b6459e935cb6,63219.403366266267343198,0,0,0,unknown_transfer_or_unpriced_swap
0x4e3ae00e8323558fa5cac04b152238924aa31b60,0x97648b11922a56089ce55e7e9fbda0015ce6399cc5a8d53105b176dea6dd882a,51127191,970,0x6f10424b4f5ce3b80a999c6937226c59ddaf9def,25000,0,0,0,unknown_transfer_or_unpriced_swap
0x4e3ae00e8323558fa5cac04b152238924aa31b60,0xb04fe03daefed53346ca75f100f26be119a45e98b6db378a87567a65bcaafc6a,51127191,1052,0x52dd4b87423b0a2e409f89a1571103475344f34b,24707.760000001000524288,0,0,0,unknown_transfer_or_unpriced_swap
0x4e3ae00e8323558fa5cac04b152238924aa31b60,0xee8a8b70fb69ad8d109a6a7ebf832f5ac7851fffa3897f03394dc8a8086a3039,51127192,10,0x371f41fbf424fa514fad1cd3879b2309829e7529,15556.539215657434214573,0,0,0,unknown_transfer_or_unpriced_swap
0x4e3ae00e8323558fa5cac04b152238924aa31b60,0x0a9ce8986533373cc8ce58955d273114f0344392d2ce6669a6bd6a0cdd1f30a1,51127192,120,0x23e829647939359507c491bef51419698fe3a981,14645.830575715214176046,0,0,0,unknown_transfer_or_unpriced_swap
0x4e3ae00e8323558fa5cac04b152238924aa31b60,0x6e51ca56337fde8b51665706d50a1acfe34f04c3fd0f08bec9bf78633aace376,51127192,170,0x6c3cb7ba347a2c93cf73f03e71030666871f6bfd,6826.479920055328456969,0,0,0,unknown_transfer_or_unpriced_swap
0x4e3ae00e8323558fa5cac04b152238924aa31b60,0xc707278755f637295585ab5f8150aca6ecd08208cc94402bb097c67b2b100697,51127192,229,0xaa5e5c97be235c3b7035bb1492fef2b4167edf05,5725.150482493800052064,0,0,0,unknown_transfer_or_unpriced_swap
0x4e3ae00e8323558fa5cac04b152238924aa31b60,0xa13b6f84f2d1e2e37f2446080935e6eb411f55a30c50412f75939ead7944c4a0,51127283,160,0xa553dc22afd79980e130acd862d0a3cd9bb5ed8f,37425.149553292829786112,0,0,0,unknown_transfer_or_unpriced_swap
0x67505fc71782403718939b4bb3f6ab39be613f4f,0xd6f9fc9ede2997e45cc480524623e02bd719459b2261a67f6b64029a08fa8c19,51127291,587,0xb92fe925dc43a0ecde6c8b1a2709c170ec4fff4f,331929.929187407574210437,331709.27614550157581728009669301842586586466698928253872271743524,2986.4203933049239122026531405915306564953395554690466867253235797,1.2240875352265327420816923834590793420122429352007640000026262859,same_tx_swap_flow_allocation
0x4e3ae00e8323558fa5cac04b152238924aa31b60,0x13790ec4b4e32521388de32ad663f6fe3e79cbb0f6b7017860cdb00aea87beb1,51127474,762,0xef1313c5fc72844a18c3fcbf5b26b6459e935cb6,19483.680404572103011819,0,0,0,unknown_transfer_or_unpriced_swap
0x9a44d4974cad27175458ee071c189c2619f417c0,0x188f960434f9e0564ad1399f002e0bf87af4920759367a50d9a46a02ec8195ac,51127579,165,0xbc6d645cd3cf98fecc6f48b1b3fe16f7e8927d4a,261931.945572492124029393,261931.945572492124029393,2129.7508873986312,0.87912,same_tx_swap_flow_allocation
0x2ff852bc2a42c0b75576c47d647ff71b6517a801,0x34c74aa12d9b2cf38f163e78099cf643446b2edd90e9834a4456b37d17d08d3a,51127582,546,0xb92fe925dc43a0ecde6c8b1a2709c170ec4fff4f,84699.480762540324734943,84225.455699392976516301897801137233370696661669767792497086638552,690.69045531907929580855925561018620657046794998192580075063054996,0.28510366948210021928314267858263584429516397164140081973057384651,same_tx_swap_flow_allocation
0xf055acd3193f0bc2a46c06e2b3398c6c9b3c0f97,0xb866a2aa3ef535308428283627cdc5a2e31a9727fba3d6532404a7e473754e76,51127601,379,0xb92fe925dc43a0ecde6c8b1a2709c170ec4fff4f,65335.338210415639416611,65335.338210415639416610000000000000000000000015305652766033770064,496.95290613014019814700539283137770069918881346392869949865705585,0.20513255396303850199999686031235803204815062135828858482379830671,same_tx_swap_flow_allocation
0xf055acd3193f0bc2a46c06e2b3398c6c9b3c0f97,0x9f1ef0d5e36b770d07e9fa6409a154a20ea12707b86cd6048b8b7694e3ec4cae,51127607,425,0xb92fe925dc43a0ecde6c8b1a2709c170ec4fff4f,65954.827063408165957526,56034.313781040856213900000000000000000000000000,436.16953821641903039270796080000000000000000000000000000000000000,0.18004235458034008000000000000000000000000000000000000000000000000,same_tx_swap_flow_allocation
0x67505fc71782403718939b4bb3f6ab39be613f4f,0x9ed1f02d9b8c0729bd4259f80865b1fba38203ebb1de5eaf256bf3d117c7f427,51127621,45,0xb92fe925dc43a0ecde6c8b1a2709c170ec4fff4f,389338.852043284496351684,389338.852043284496351684,2975.83735500963954606174901842,1.228368139680182442,same_tx_swap_flow_allocation
0x4e3ae00e8323558fa5cac04b152238924aa31b60,0x9357a1bf88a9d4053dab674df8b68a1e4fbb64f4d355d1d20fdfb3fe9d26ed93,51127633,241,0xbd46cf0958e4880633d320eed38785ee432269da,30763.622123750345465776,0,0,0,unknown_transfer_or_unpriced_swap
0x2ff852bc2a42c0b75576c47d647ff71b6517a801,0x6d338f5deec71044a0524f4f7279c6dfd3b62ce201c2f9d9a88381a62aa212fd,51127636,41,0xb92fe925dc43a0ecde6c8b1a2709c170ec4fff4f,94555.737720398026652638,94081.435963455587789793743642706646013201813154174776307250701084,725.66810660533140786629297295730927420190584093753594251538442531,0.29954176784407755615486189455130850065335265368027046884585902401,same_tx_swap_flow_allocation
0xf99d7a743d1b5b2ff28c22b2005cd98def3591de,0xa722fdff8de4db17f56412b8b167fc2c6079dc0401bdc8ec3c95416c2b1cfa5d,51127659,1061,0xb92fe925dc43a0ecde6c8b1a2709c170ec4fff4f,133003.544618158909329346,132528.52588352121196370707621943470233397965356144728888823001385,1008.8027770769383490083736287760378594485052101912080739059295996,0.41548849235421249888266672234066900771567799178226653781366487954,same_tx_swap_flow_allocation
0x211c8e97a504d2d142bc945334d4a88bd3270b4d,0x323a552feb482b75e8eb188467b5c7adbe794e249fb79258576f5b251c0c25db,51127662,1102,0xb92fe925dc43a0ecde6c8b1a2709c170ec4fff4f,1865190.661638535084895753,1573972.7268020379937011101561330650136686757038752905770652801212,12892.913335507800414241630187616402613973324492893158746141796262,5.3101133794907324509999971530452683985146922400996110103248673098,same_tx_swap_flow_allocation
0xf99d7a743d1b5b2ff28c22b2005cd98def3591de,0x546381ac8c405faf4d11212bd8a68af768f1b50ee2d31052d0be0f6c863e1542,51127663,402,0xb92fe925dc43a0ecde6c8b1a2709c170ec4fff4f,266063.59701428727180355,228295.28624016383148313014195219187424325009032657343687153080725,1955.2739718484067851151656511029927051196856680527816521780141459,0.80530491505652212999999697326156568018474428646319798659065412360,same_tx_swap_flow_allocation
0xf99d7a743d1b5b2ff28c22b2005cd98def3591de,0x41dd61eb6053cf0e10021785a2769498c48638c4f3c4dbf083b4ad6cd5878a30,51127666,686,0xb92fe925dc43a0ecde6c8b1a2709c170ec4fff4f,404225.108258496504307644,353929.51746440661639614200000000000000000000000,2994.7166888626154171421846000000000000000000000000000000000000000,1.2334128636014159260000000000000000000000000000000000000000000000,same_tx_swap_flow_allocation
0xf99d7a743d1b5b2ff28c22b2005cd98def3591de,0xd6562e7bc788fd41d10f8cc5f0a25b3465ad97be868f7d8e3995b7cc04e84fd2,51127670,922,0xb92fe925dc43a0ecde6c8b1a2709c170ec4fff4f,392190.659500296043656072,323704.16139253972492217800000000000000000000000,2824.1296869638574909646443000000000000000000000000000000000000000,1.1631543969866530830000000000000000000000000000000000000000000000,same_tx_swap_flow_allocation
0x8da2e73785a202263be1b04d3dcc8137181c89c3,0xfe8e45862408e0c8f2f66bbfb26f9f11a29f3690da67799ad92764d9e5fd2205,51127691,149,0xb92fe925dc43a0ecde6c8b1a2709c170ec4fff4f,137112.521565332047399746,136637.45198416278686005878989329250876306607645507481695784380275,1157.4003703707754078626762801444007331479803316236155982513749151,0.47669033617151201104100638554153480694932258289621930740687950140,same_tx_swap_flow_allocation
0x2bb2173427bb17b78adaa3d5fad9716328c3d262,0x06a0cd12ee508758aa473ef03ba85b9706d7de52ef340f2a7f320d06d2b316ce,51127698,157,0xb92fe925dc43a0ecde6c8b1a2709c170ec4fff4f,28935.044787350847244036,28466.050404162823321427961635780636038282838665932685746783346622,244.92474396437063152541504503880822195371632967198830961262537627,0.10087542869862329104176864703917620734998121685486056960919492954,same_tx_swap_flow_allocation
0x8da2e73785a202263be1b04d3dcc8137181c89c3,0x02d1b58abe6b3cd3b99a4693a8995bf6d9b75fbfad493a3c8dd8b93ef47a7c77,51127710,537,0xb92fe925dc43a0ecde6c8b1a2709c170ec4fff4f,83493.72292830481579604,77225.644699798925431311000000000000000000000000,669.72532977370478517993000000000000000000000000000000000000000000,0.27583505307686330000000000000000000000000000000000000000000000000,same_tx_swap_flow_allocation
0x4e3ae00e8323558fa5cac04b152238924aa31b60,0x8360372bc40435200f97cd248c3682295ccc895a0ae6699c62c676ae6d037819,51127723,848,0x52dd4b87423b0a2e409f89a1571103475344f34b,19133.060000001002490368,0,0,0,unknown_transfer_or_unpriced_swap
0x4e3ae00e8323558fa5cac04b152238924aa31b60,0xa80d1b929546d9ef83cb89b5457c935708fd892c4682efb84de4df5da5e2caa6,51127723,917,0x371f41fbf424fa514fad1cd3879b2309829e7529,11557.898967268455968583,0,0,0,unknown_transfer_or_unpriced_swap
0x4e3ae00e8323558fa5cac04b152238924aa31b60,0xf875c6fad8836757ca308c83e1f27bc51c5d25c8b3639020f3c638ab21329c5b,51127723,1045,0xaa5e5c97be235c3b7035bb1492fef2b4167edf05,6669.980677665812639029,0,0,0,unknown_transfer_or_unpriced_swap
0x4e3ae00e8323558fa5cac04b152238924aa31b60,0xc82e963a4c296e50b785e4acf7f41004f3b46fcb19ec6959220b243bc9f46969,51127724,47,0x23e829647939359507c491bef51419698fe3a981,6510.420344531814546795,0,0,0,unknown_transfer_or_unpriced_swap
0x4e3ae00e8323558fa5cac04b152238924aa31b60,0x148b6e94f485f3a530b3c19a90a08105392ffb91975501ccc056b9a1740243b4,51127763,146,0x6f10424b4f5ce3b80a999c6937226c59ddaf9def,30000,0,0,0,unknown_transfer_or_unpriced_swap
0xfc90fd5e560471fab35e3703bf5ea4c54acee766,0x9ed001243b39f198fbe0f28e965eb8f7d01f1e7529b942bf38bbb1a29d6d929e,51127769,31,0xb92fe925dc43a0ecde6c8b1a2709c170ec4fff4f,256734.131799463692567603,256258.29411681953190504344681265809002021541382850819713830442478,2262.0499616999104357185428295472325520729651196206189460445059190,0.93367368451083753039681695115507859663439191557182109069085550827,same_tx_swap_flow_allocation
0x211c8e97a504d2d142bc945334d4a88bd3270b4d,0xa3abb2acd45c6757432e3ee714032f14032602d029076e618d7744995698e52a,51127775,334,0xb92fe925dc43a0ecde6c8b1a2709c170ec4fff4f,387683.886389767621624957,387207.84796912335516343240103994579260213844949691395257096008481,3502.8760385320605851146256825097850155502601556424981952108054537,1.4458315389387648105226041761733878500745399324842501193700651378,same_tx_swap_flow_allocation
0x211c8e97a504d2d142bc945334d4a88bd3270b4d,0x13967187c6ca36b81038be67c73244859ce5f1d32a21af93d12eab8d55ec0f62,51127788,442,0xb92fe925dc43a0ecde6c8b1a2709c170ec4fff4f,20181.298254850204396566,19605.861967641827192897083540382499513866087431870241921443974882,174.60115946931631199486676307457956161729686275447856888468647804,0.072067598259002382392835106371736947357725814411313105609423608974,same_tx_swap_flow_allocation
0xfc90fd5e560471fab35e3703bf5ea4c54acee766,0xbd7aa9d216c0b40d820dd703b45c087ee6100c16ef1eb57a9fec6519c8912e9e,51127789,1081,0xb92fe925dc43a0ecde6c8b1a2709c170ec4fff4f,226675.443820252563705236,226084.66212490962356764944528118433198851338836024628464042175527,2033.1138700543368059212388979531978239843431204837415098182580392,0.83917904123443479759600512366275737004497514142801717578086165803,same_tx_swap_flow_allocation
0x211c8e97a504d2d142bc945334d4a88bd3270b4d,0xbecdd8b85e73f49c38eee87a22bd0c8bdd14a7a5b75062745d94ee7bb8bd5002,51127828,279,0xb92fe925dc43a0ecde6c8b1a2709c170ec4fff4f,601564.473956696598016537,525993.02838517047009006800000000000000000000000,4769.7893954922417488573025545000000000000000000000000000000000000,1.9747990264570914950000000000000000000000000000000000000000000000,same_tx_swap_flow_allocation
0x174c2a6113e38cd74ddd98b307bbaf493ccfb251,0x8191efa58d558f7f7fec76ca579d4bf8b5d916634c535e6c1a7a82927d8403ff,51127928,392,0xb92fe925dc43a0ecde6c8b1a2709c170ec4fff4f,115221.35755422896390505,114632.0946265621446487230503876605544108911488681990674520818289,990.00133951175172976981839593535533528232265311417763800402949144,0.40988260054137306322641465751077198047412084484493396198438838665,same_tx_swap_flow_allocation
0x4e3ae00e8323558fa5cac04b152238924aa31b60,0x195a202efea172b20af9349b3acf2d5d60165bd681e0382cd55e9bd41c178a77,51127960,14,0xef1313c5fc72844a18c3fcbf5b26b6459e935cb6,59043.052288312319990502,0,0,0,unknown_transfer_or_unpriced_swap
0x4e3ae00e8323558fa5cac04b152238924aa31b60,0x2a99afa0a174fe8ab28e5938452b49c1c24d385cd40fbc1606175b19b6eb95ef,51127960,15,0x5f1c5951c5b1cc112ba9e89b9467edca33063453,19233.398885690643450066,0,0,0,unknown_transfer_or_unpriced_swap
0x4e3ae00e8323558fa5cac04b152238924aa31b60,0x406b8532717ea7e4c5f36067a9a6660189bb69ed4fbcf9970801b36517c22410,51127960,216,0x52dd4b87423b0a2e409f89a1571103475344f34b,9804.180000000999868928,0,0,0,unknown_transfer_or_unpriced_swap
0x2bb2173427bb17b78adaa3d5fad9716328c3d262,0x1d04b8db2c94a612cc4dace867ff0b458d448b88cfba41379ed6523f4c956b4e,51128004,25,0xb92fe925dc43a0ecde6c8b1a2709c170ec4fff4f,120065.476060059046685645,120065.476060059046685645,992.978660263794502944,0.41011839594572712,same_tx_swap_flow_allocation
0x4e3ae00e8323558fa5cac04b152238924aa31b60,0xfd95416932828a5a79b9faf5a493578b7f36342010d7b84ad3c9b531709c3318,51128020,59,0x52dd4b87423b0a2e409f89a1571103475344f34b,14441.950000000999803392,0,0,0,unknown_transfer_or_unpriced_swap
0x8da2e73785a202263be1b04d3dcc8137181c89c3,0xf7483c2f302a8d536097b00e1cfe00e2e3f1975582aa73e3c67da4e109c1ef76,51128130,1002,0xb92fe925dc43a0ecde6c8b1a2709c170ec4fff4f,18127.995665695470901803,15869.540036655892819574000000000000000000000000,138.79069826584971207400000000000000000000000000000000000000000000,0.057323103529592645000000000000000000000000000000000000000000000000,same_tx_swap_flow_allocation
0x8da2e73785a202263be1b04d3dcc8137181c89c3,0xcfe7c571f4242e28e99c38ff20eb1357c00fda4b44240d47af95c3127dcad385,51128152,493,0xb92fe925dc43a0ecde6c8b1a2709c170ec4fff4f,22001.813020213555107929,21375.97582538947911038652246636727692817593299543806801923779208,187.33290212321829974703649540168707033004730004138296680095085211,0.077371923890309887554533493888025388373553320684529558401185714569,same_tx_swap_flow_allocation
0x211c8e97a504d2d142bc945334d4a88bd3270b4d,0x175ea164dfb1e108df47033930c896e9467672de710b778e1037c66ed343d75c,51128318,928,0xb92fe925dc43a0ecde6c8b1a2709c170ec4fff4f,7305.666058844808741309,7305.666058844808741309,63.25116564505451159183839848,0.026171015577200972,same_tx_swap_flow_allocation
0x651a7378615b54d3dfd0c10b9262a95bc8c3d19c,0x7dce1d938a7eeb38cf0daa468d2ea76445b2fc539b125d9001926fe358cf108e,51128327,277,0x7692acc1cdd771d09ebcae3663e1843b2911bec7,540288.320838371286594566,540288.320838371286594566,4769.4834,1.98,same_tx_swap_flow_allocation
0x4e3ae00e8323558fa5cac04b152238924aa31b60,0x6ba13ac6dd932fc160b81a3fe23a07e23a9973fd2f20edbc07f7b764b3fab169,51128603,289,0x5f1c5951c5b1cc112ba9e89b9467edca33063453,6485.496322337020154841,0,0,0,unknown_transfer_or_unpriced_swap
0xfc90fd5e560471fab35e3703bf5ea4c54acee766,0xb2820288129f910d90cb44db07761d3cb2fd29fa05b6c867c41b6c29fb207b71,51128700,27,0xb92fe925dc43a0ecde6c8b1a2709c170ec4fff4f,97082.939897528918191396,89802.114964688612895633000000000000000000000000,778.61082416185394053215000000000000000000000000000000000000000000,0.32206606860741409300000000000000000000000000000000000000000000000,same_tx_swap_flow_allocation
0x1045162ce57c1075c1bc545e9a9affdb39287cb6,0x9a59fcfdcf87030e819206a2280a58940cd39c4e082ecf1f31eea31d54539d3c,51129056,1583,0xb92fe925dc43a0ecde6c8b1a2709c170ec4fff4f,113970.025000840925417976,102565.93056728885593069300000000000000000000000,886.22327018736307257043834900000000000000000000000000000000000000,0.36551444431440296600000000000000000000000000000000000000000000000,same_tx_swap_flow_allocation
0x1045162ce57c1075c1bc545e9a9affdb39287cb6,0x5c74c2c36446ef9bdec76dc180783b005f01b725311e6156cbaf41d5a7bcdf28,51129077,262,0xb92fe925dc43a0ecde6c8b1a2709c170ec4fff4f,113039.263989661256891174,101591.6441262840150116731012711818826444111783384673836689756559,832.46042854587226224949286315243469728925436682076330126044261315,0.34334046643724998499999696264417938308208942821263496430068550583,same_tx_swap_flow_allocation
0x211c8e97a504d2d142bc945334d4a88bd3270b4d,0xeb35c36f5cc7807c9b1632d6f2a22d5ab1e61ba2327a8ae7701c74071ec8094d,51129114,210,0xb92fe925dc43a0ecde6c8b1a2709c170ec4fff4f,528538.355245007510545091,527894.35038157027606801110283560584290920012370583945246436961006,4457.5330424312149250827351818643523454115605738879619253023800749,1.8384675372751999781777418950517871753100691454261414317595162580,same_tx_swap_flow_allocation
0x2bb2173427bb17b78adaa3d5fad9716328c3d262,0x1ea7ea18600910dda759ece7c51c31406c63d14b0d455a7900d3bd59a3e5071f,51129153,1161,0xb92fe925dc43a0ecde6c8b1a2709c170ec4fff4f,58207.010803196274069721,21730.459848940686326260000000000000000000000000,186.24212380799151290822710900000000000000000000000000000000000000,0.076813810561778845136895048407288471602658242511068878849515414988,same_tx_swap_flow_allocation
0x4e3ae00e8323558fa5cac04b152238924aa31b60,0x59517a5b9e4548be8dc19cb1cdd22693f89f7ca202b74669a2a8aef7f3a63aff,51129206,12,0x52dd4b87423b0a2e409f89a1571103475344f34b,20059.240000001001835008,0,0,0,unknown_transfer_or_unpriced_swap
0x4e3ae00e8323558fa5cac04b152238924aa31b60,0x6be3adcdae0458aaf75e1a5d57c5b8de6de99aaddae4099987964d86613ffb6a,51129206,13,0xef1313c5fc72844a18c3fcbf5b26b6459e935cb6,9110.234501476278803902,0,0,0,unknown_transfer_or_unpriced_swap
0x4e3ae00e8323558fa5cac04b152238924aa31b60,0x5aaa073eff9c8251df44c6c2cc2ed82925edc11b93055b05bb2be3493e5e8ea6,51129206,240,0xbd46cf0958e4880633d320eed38785ee432269da,8002.352469147790031154,0,0,0,unknown_transfer_or_unpriced_swap
0x4e3ae00e8323558fa5cac04b152238924aa31b60,0xa692af2d2e836a32c93ca747267954cd83f20491508c999c1c24c37876e12b1d,51129206,437,0x5f1c5951c5b1cc112ba9e89b9467edca33063453,6400.051501991333887063,0,0,0,unknown_transfer_or_unpriced_swap
0x4e3ae00e8323558fa5cac04b152238924aa31b60,0xff1e52dea175819932d9a9103f6b6eb3def2f0809e9992156bed9a6918bcdb5e,51129893,571,0x6c3cb7ba347a2c93cf73f03e71030666871f6bfd,5929.605473709229665883,0,0,0,unknown_transfer_or_unpriced_swap
0x4e3ae00e8323558fa5cac04b152238924aa31b60,0xcdfa23ed559c7536be474c3c9fa70bff8c2b80191bc41c31363e9b3d560cacbd,51130357,485,0xef1313c5fc72844a18c3fcbf5b26b6459e935cb6,59521.930450416764044452,0,0,0,unknown_transfer_or_unpriced_swap
0x4e3ae00e8323558fa5cac04b152238924aa31b60,0xfd883d871399db1fc4101e642d06bfef54b05ca56813f46472c13eef2412f8d2,51130357,544,0x52dd4b87423b0a2e409f89a1571103475344f34b,23930.360000000999213568,0,0,0,unknown_transfer_or_unpriced_swap
0x4e3ae00e8323558fa5cac04b152238924aa31b60,0x5d3c0d0accd8365bac976962a9d8a6bb5dc41618bbc1ba8a57dbd6f2532639af,51130357,711,0x23e829647939359507c491bef51419698fe3a981,23711.088845909948941021,0,0,0,unknown_transfer_or_unpriced_swap
0xfc90fd5e560471fab35e3703bf5ea4c54acee766,0x1b9b6748de106225e8dd4f2d22e0920689909bc85e3651486a48936670dfebaa,51130478,51,0xb92fe925dc43a0ecde6c8b1a2709c170ec4fff4f,115365.989986906563804081,95125.493554936996952623000000000000000000000000,770.30856404085697371550200000000000000000000000000000000000000000,0.31648924923933600600000000000000000000000000000000000000000000000,same_tx_swap_flow_allocation
0x4e3ae00e8323558fa5cac04b152238924aa31b60,0x71434ac6c7fb6bab7683e0183af1627e3d6cc0c524ad79532e433f3d6b03d9a7,51130554,35,0xef1313c5fc72844a18c3fcbf5b26b6459e935cb6,62133.995266533091176743,0,0,0,unknown_transfer_or_unpriced_swap
0x4e3ae00e8323558fa5cac04b152238924aa31b60,0xc15dc299ee2fb2628b667df9000335ffa10a8ffb422d79a630269363aa8fb849,51131003,493,0xaa5e5c97be235c3b7035bb1492fef2b4167edf05,5893.776162065968643153,0,0,0,unknown_transfer_or_unpriced_swap
0x4e3ae00e8323558fa5cac04b152238924aa31b60,0x9e089654a6daa9583acee64a16e283a3975d8f03980ec475da3d8f94bd9e9631,51131971,298,0x5f1c5951c5b1cc112ba9e89b9467edca33063453,59265.654025124851794208,0,0,0,unknown_transfer_or_unpriced_swap
0x4e3ae00e8323558fa5cac04b152238924aa31b60,0x64415767f4b6a5a22b326b044c25a4ecf3b5e42036658f3088e6a0d5f68daec6,51131971,466,0xef1313c5fc72844a18c3fcbf5b26b6459e935cb6,56466.554414529073940714,0,0,0,unknown_transfer_or_unpriced_swap
0x4e3ae00e8323558fa5cac04b152238924aa31b60,0x59f023df9a0f8e0f83743cd8c7b5023def2749837908e7508497d26e8b8a57a2,51131971,720,0x52dd4b87423b0a2e409f89a1571103475344f34b,22599.320000000998164992,0,0,0,unknown_transfer_or_unpriced_swap
0x4e3ae00e8323558fa5cac04b152238924aa31b60,0x652ffc930a40b61cc60f6f9bfb209f23d86f7be8efe21639cbe8c7612614ec06,51131971,792,0x39176583a78443a64cd12ee18f8318dd8ed1268a,9128.939999999999606784,0,0,0,unknown_transfer_or_unpriced_swap
0xac5fdc54868c317f84aed49d8448594991f62c55,0xef7aa8d45d5f06a382ed66ad8d2a8d47a3ba60a9ee9c997769edf8a914fb9df9,51131999,740,0xb92fe925dc43a0ecde6c8b1a2709c170ec4fff4f,110171.300594422708864361,99144.550862352422756329000000000000000000000000,894.64489727374538990856300000000000000000000000000000000000000000,0.36645059506883891000000000000000000000000000000000000000000000000,same_tx_swap_flow_allocation
0x10b321e762b85df47782ac8dff9075b6428d98e6,0x40bd5526b3b3f7173524aca459508ce71dfd7186ba0f47773cd31619bab736eb,51132009,29,0xb92fe925dc43a0ecde6c8b1a2709c170ec4fff4f,1039494.20434568758170346,1038846.8790842499911350977841955325588941447633033366067867267817,9797.0619422445805588371952048846867300031944789166392257102306033,4.0129208690532358322351611668390432940932998321549786326566423346,same_tx_swap_flow_allocation
0x4e3ae00e8323558fa5cac04b152238924aa31b60,0xdf1029ecabd59e3c9141fee188855796cd0ecfe9a26adb516c79d317557f6436,51132048,440,0xaa5e5c97be235c3b7035bb1492fef2b4167edf05,5595.709048210706473506,0,0,0,unknown_transfer_or_unpriced_swap
0x4e3ae00e8323558fa5cac04b152238924aa31b60,0x04ed1aefcbf50bf202046a340bf5669e18b4a5c6a1db92e15c1bc3ae300511f8,51132249,9,0xef1313c5fc72844a18c3fcbf5b26b6459e935cb6,9116.255941201582679278,0,0,0,unknown_transfer_or_unpriced_swap
0x67505fc71782403718939b4bb3f6ab39be613f4f,0xd176038b9c54c287ba0386ca2741bbe93cda6cb9d007d15b0c68178adf35080f,51132583,638,0xb92fe925dc43a0ecde6c8b1a2709c170ec4fff4f,109127.310732450678461779,99218.380043290796336835090801565828500799923196221957890100208384,903.95766228455578572965131648548638017412707399666468417647591704,0.37102364277671001199999660008443086850077513259962079286642277713,same_tx_swap_flow_allocation
0x67505fc71782403718939b4bb3f6ab39be613f4f,0x65faaf49761dbf956f109f0dd9c68380a81c1f0bd5e536750e44826493a4abed,51132588,270,0xb92fe925dc43a0ecde6c8b1a2709c170ec4fff4f,108198.898994898163336756,97873.791537815858922789095427102798607570911530206944211870205366,898.61987672600947438338629474102718566896777178248105431796341913,0.36883278282284046199999659115955662144206150217618474621552049775,same_tx_swap_flow_allocation
0x67505fc71782403718939b4bb3f6ab39be613f4f,0x2f962e1c01cda8f9ad179d4debc0219287223f8863d16d05f75a676e53a47d37,51132594,515,0xb92fe925dc43a0ecde6c8b1a2709c170ec4fff4f,424118.760634104393404045,381734.92646738033748259300000000000000000000000,3574.9303279631908621115039000000000000000000000000000000000000000,1.4673072957882743330000000000000000000000000000000000000000000000,same_tx_swap_flow_allocation
0x25eded2339466d3b7daf552b24d9b6e09b409b4b,0x53cf7ebc840a40a21af1bf6a4db2cce2de1e05d4fcaca7a8970cefe7df237c41,51132715,276,0x7273a102a1a20dd0eb01c23ce4b57daf6160bf77,29.429290796444956616,0E-1281,0E-1281,0E-1281,unknown_transfer_or_unpriced_swap
0x27251ef93006c0f3ea2031d709d0ba9b3c4f3eef,0x53cf7ebc840a40a21af1bf6a4db2cce2de1e05d4fcaca7a8970cefe7df237c41,51132715,277,0x7273a102a1a20dd0eb01c23ce4b57daf6160bf77,4.106745938695819152,0E-1348,0E-1348,0E-1348,unknown_transfer_or_unpriced_swap
0x461d5072f3eef08dedc4a7d74fb6d79f99e25e73,0x53cf7ebc840a40a21af1bf6a4db2cce2de1e05d4fcaca7a8970cefe7df237c41,51132715,300,0x7273a102a1a20dd0eb01c23ce4b57daf6160bf77,145.069364916617361443,0E-2895,0E-2895,0E-2895,unknown_transfer_or_unpriced_swap
0x5c3e5b6780dc15b705f606f19b6a9206fea39cdf,0x53cf7ebc840a40a21af1bf6a4db2cce2de1e05d4fcaca7a8970cefe7df237c41,51132715,312,0x7273a102a1a20dd0eb01c23ce4b57daf6160bf77,57.62050155916539587,0E-3701,0E-3701,0E-3701,unknown_transfer_or_unpriced_swap
0x9622a7905307abe9686999c400b85a7b30775345,0x53cf7ebc840a40a21af1bf6a4db2cce2de1e05d4fcaca7a8970cefe7df237c41,51132715,344,0x7273a102a1a20dd0eb01c23ce4b57daf6160bf77,200.643734120449596126,0E-5851,0E-5851,0E-5851,unknown_transfer_or_unpriced_swap
0xa122c3ef0ced83be89922d99e8dde8f4e272eaca,0x53cf7ebc840a40a21af1bf6a4db2cce2de1e05d4fcaca7a8970cefe7df237c41,51132715,351,0x7273a102a1a20dd0eb01c23ce4b57daf6160bf77,143.686228947889072126,0E-6319,0E-6319,0E-6319,unknown_transfer_or_unpriced_swap
0xd8b7f8ee88f4a19933e21724a3227b04cc31e9fe,0x53cf7ebc840a40a21af1bf6a4db2cce2de1e05d4fcaca7a8970cefe7df237c41,51132715,377,0x7273a102a1a20dd0eb01c23ce4b57daf6160bf77,47.867168157688160724,0E-8061,0E-8061,0E-8061,unknown_transfer_or_unpriced_swap
0xfc90fd5e560471fab35e3703bf5ea4c54acee766,0x53cf7ebc840a40a21af1bf6a4db2cce2de1e05d4fcaca7a8970cefe7df237c41,51132715,403,0x7273a102a1a20dd0eb01c23ce4b57daf6160bf77,88.871617119600056731,0E-9786,0E-9786,0E-9786,unknown_transfer_or_unpriced_swap
0x4e3ae00e8323558fa5cac04b152238924aa31b60,0xd06d652a33dffed5e173942c4eb46c242c85c44f2293d88fbd105cf1c008bb16,51132889,424,0xef1313c5fc72844a18c3fcbf5b26b6459e935cb6,51708.655369178376657976,0,0,0,unknown_transfer_or_unpriced_swap
0xfc90fd5e560471fab35e3703bf5ea4c54acee766,0xb429ac4d58c4b4949cf9fef208e35fd49a998c176ab424ed4e56047ba8553af2,51133391,632,0xb92fe925dc43a0ecde6c8b1a2709c170ec4fff4f,8870.248423847247102273,8254.271724782056451093058240081557750023392131745303548870550492,71.351621056904332815912172406128002291161739311247052429329489334,0.029231924984802338835138217530615188903658409799435880678005264222,same_tx_swap_flow_allocation
0x4e3ae00e8323558fa5cac04b152238924aa31b60,0xd1164e3184adcbb560f96db88cc6535439ec27a07907c2bc0570272bccce6ecf,51133403,19,0xef1313c5fc72844a18c3fcbf5b26b6459e935cb6,56277.731775009443246435,0,0,0,unknown_transfer_or_unpriced_swap
0xf99d7a743d1b5b2ff28c22b2005cd98def3591de,0x87713e6031abe514445f718396573eb97101ef2211fd738beb8508e87d67ba9c,51133921,380,0xb92fe925dc43a0ecde6c8b1a2709c170ec4fff4f,432673.694939231339716305,432673.694939231339716305,3613.36788336602707232832,1.485442209464270416,same_tx_swap_flow_allocation
0x10b321e762b85df47782ac8dff9075b6428d98e6,0x33f82d8739a04c55ee6b44989749e69c0358125019d01b858ea28e9ec0efbf0a,51133979,24,0xb92fe925dc43a0ecde6c8b1a2709c170ec4fff4f,1042896.975200691843314999,1042245.2037203466002824703713055035661211285673990937297218124279,8021.5487812322849694124896563354729497394838812254536098990705412,3.2873967149315035806700239135849917717181851095442337346362095607,same_tx_swap_flow_allocation
0xfc90fd5e560471fab35e3703bf5ea4c54acee766,0x8b14d144802547b6dead39b0fe62e280a4de306e24ae012133a4efc8c2cda411,51134015,609,0xb92fe925dc43a0ecde6c8b1a2709c170ec4fff4f,155787.053985864859001607,141056.11563786879377845197704306034747393511049227650589205808538,1112.2134840784146074085382504617321275629956967494882411998128346,0.45580810558883329064034617163402771066699576501515957135206316429,same_tx_swap_flow_allocation
0x4e3ae00e8323558fa5cac04b152238924aa31b60,0xf0e992a7a351f394fe21ef8292d43d13ba0634290bc8e7f6603ef268e88739f1,51134187,736,0xef1313c5fc72844a18c3fcbf5b26b6459e935cb6,63600.118482778852928742,0,0,0,unknown_transfer_or_unpriced_swap
0x4e3ae00e8323558fa5cac04b152238924aa31b60,0xfec9fece5a7813b3226b751eb36ff02f9850efed4c9edb6cfdf79526d3f00f1b,51134188,561,0x52dd4b87423b0a2e409f89a1571103475344f34b,23567.07000000099770624,0,0,0,unknown_transfer_or_unpriced_swap
0x5c3e5b6780dc15b705f606f19b6a9206fea39cdf,0xbb2d7965d24e29d65b08a7a9b9a2068f8e4d64a3c40cef19f1d60c1fa345122c,51134279,385,0x7692acc1cdd771d09ebcae3663e1843b2911bec7,15410.008652723775337039,15410.008652723775337039,120.78452925,0.0495,same_tx_swap_flow_allocation
0xf0f349d0ed0673a77e0afcdffe00e8c023645a4e,0x5e3c69c9dcc3f0d9c36265c2db68da0a43e8744b1007a424e10e1a5e0d532a3c,51134370,708,0xba72e99bc76de8d342da78c0e4fc04d605936e71,43803.354208773822851448,0E-67,0E-67,0E-67,unknown_transfer_or_unpriced_swap
0x9622a7905307abe9686999c400b85a7b30775345,0xd70a406c3d8bafa936df56bb862f8bea9db54eb122fa6db36c19c6cbf52705b9,51134433,64,0x7692acc1cdd771d09ebcae3663e1843b2911bec7,607787.262098208633871491,607787.262098208633871491,4815.518796,1.98,same_tx_swap_flow_allocation
0x267eafdb83b0cf9ef3e5a1eda83accfc85a021c8,0xf112bb000dc27167068b7312dd745215e6d8bc212b499eda6c48c086b0dd2df7,51135852,540,0x1231deb6f5749ef6ce6943a275a1d3e7486f4eae,503616.450099960559175834,407948.14241602021014563800000000000000000000000,3372.3421088856331440473339274400000000000000000000000000000000000,1.3723742738328559022416126988844668758739011023082600818032384838,same_tx_swap_flow_allocation
0x4e3ae00e8323558fa5cac04b152238924aa31b60,0x5ff426ba22f042c92e230eefa1bc0a6d896bc821411cb082f28b0ded42345ab0,51136321,280,0x6c3cb7ba347a2c93cf73f03e71030666871f6bfd,6081.766974789712876284,0,0,0,unknown_transfer_or_unpriced_swap
0x211c8e97a504d2d142bc945334d4a88bd3270b4d,0x3c408060726a14de85d995cd6e220619bf235c3cf68e375f12e7963894a5f4a0,51136387,843,0xb92fe925dc43a0ecde6c8b1a2709c170ec4fff4f,68800.250529730841970079,55231.667367912668815408197217060364551200277516435928473466870745,457.59099280691840637299334899234692207481283011401895225346106004,0.18553142370880334999999730333214951551456500219512765764134523473,same_tx_swap_flow_allocation
0x4e3ae00e8323558fa5cac04b152238924aa31b60,0xb8373ca89dc920f4a6a41812ecf60756e9a4da1541b2de17c8b8833933482bc0,51136690,659,0xef1313c5fc72844a18c3fcbf5b26b6459e935cb6,63163.70457844323517931,0,0,0,unknown_transfer_or_unpriced_swap
0x4e3ae00e8323558fa5cac04b152238924aa31b60,0x9f8cf6972653c6ae5b7d73541d827ef5f9dd6c10140ff7bebbf1cbab851d9569,51136691,31,0x52dd4b87423b0a2e409f89a1571103475344f34b,26600.080000001001572864,0,0,0,unknown_transfer_or_unpriced_swap
0x4e3ae00e8323558fa5cac04b152238924aa31b60,0x0c47352133a8766f7a04362623c1537190d0bfc01104be9580eeb88ea74099e6,51136839,61,0xef1313c5fc72844a18c3fcbf5b26b6459e935cb6,68376.571034361782027515,0,0,0,unknown_transfer_or_unpriced_swap
0xfc90fd5e560471fab35e3703bf5ea4c54acee766,0x8c5963bd7da8e332b9cd632b0a1597457b16673bc46ca52b94e95b11bc9a2c2b,51136913,286,0xb92fe925dc43a0ecde6c8b1a2709c170ec4fff4f,33124.359330064467228791,29764.199006690547262614000000000000000000000000,230.59270770189710662058689860000000000000000000000000000000000000,0.093353448394576242296051320858806167283340383432129724298505080777,same_tx_swap_flow_allocation
0x4e3ae00e8323558fa5cac04b152238924aa31b60,0x25ad3d9dd5a37261f0e9c034578b366720c0e841a8f81795cca5dfb0750216fa,51136949,196,0x6c3cb7ba347a2c93cf73f03e71030666871f6bfd,6634.663275082458240183,0,0,0,unknown_transfer_or_unpriced_swap
0x267eafdb83b0cf9ef3e5a1eda83accfc85a021c8,0x2746813d900c0cf8a6f0182494fdc62351d02a78b25d69babb022835de46f448,51137446,802,0x1231deb6f5749ef6ce6943a275a1d3e7486f4eae,2118884.479268541126567454,1775315.9946602603250439880000000000000000000000,14217.862618639334130305661199200000000000000000000000000000000000,5.7886644739261067800000000000000000000000000000000000000000000000,same_tx_swap_flow_allocation
0x211c8e97a504d2d142bc945334d4a88bd3270b4d,0x16c004b9ad1a4260cef186cdcb776c7a861d150e98c3bb0013c8160acc263219,51138266,495,0xb92fe925dc43a0ecde6c8b1a2709c170ec4fff4f,45684.786017916518581373,45684.786017916518581373,365.36711871399175171933958385,0.148347670013844915,same_tx_swap_flow_allocation
0x211c8e97a504d2d142bc945334d4a88bd3270b4d,0x6f6f7a6958f773f1a3489f099caf04a0a8e76b62b4665d88db6c807190bb4ad2,51138340,543,0xb92fe925dc43a0ecde6c8b1a2709c170ec4fff4f,173585.848501996944246951,158613.75146181704799150846137118748438056867213725738832652926509,1272.2767777986393634007853258856116707586850948490122877913758914,0.51657438760080372278997171365814562080945838896863425681355818608,same_tx_swap_flow_allocation
0x4e3ae00e8323558fa5cac04b152238924aa31b60,0x227d8ea59e0f5145b839d6e6d6a972ed756881135608ff9a1c386188bdf32a22,51139735,447,0x5f1c5951c5b1cc112ba9e89b9467edca33063453,12710.276015552501242455,0,0,0,unknown_transfer_or_unpriced_swap
0xfc90fd5e560471fab35e3703bf5ea4c54acee766,0x2eedf650cd340bccaf499794dbdf49a84aab1a5dabe3b931cc14f11b616bf27f,51140005,611,0xb92fe925dc43a0ecde6c8b1a2709c170ec4fff4f,135612.363067155634810569,120992.68239194223700014343709731428137985097926928972020835027757,984.63156432374047711207774826474530132721236078134895199868191716,0.39936741674072223790495416377670318102335626481833387059926561629,same_tx_swap_flow_allocation
0x0c175c6a0065ee05f871a68783d2de432a1e6cbe,0x4409c9c52cc59d41430292d13d6b76813da57a86642c03e8684f61182d8d26c1,51140873,83,0xb92fe925dc43a0ecde6c8b1a2709c170ec4fff4f,28090.385568770395754724,28090.385568770395754724,230.48397359160353880547665216,0.093498818814762032,same_tx_swap_flow_allocation
0x8b87ba04b378efc94d42f6d82ef7e6f52e48e4fd,0x808a490f326ba36f1c0e1863c6aa58bf3f58a50728ec77a8e9f36cbd3af7f409,51142241,572,0xb92fe925dc43a0ecde6c8b1a2709c170ec4fff4f,574472.209890773430234799,558540.45288956434208246050837108332201699549989760731622006922989,4829.0526648643486167444942393247741506020436647991260954398505153,1.9618412688511221320194249171537459630557278984676460580542072141,same_tx_swap_flow_allocation
0x4e3ae00e8323558fa5cac04b152238924aa31b60,0xa46eb483686fe121253a7016ff22557bac4f47e1f182d04077dc074460dc97bb,51146089,172,0xef1313c5fc72844a18c3fcbf5b26b6459e935cb6,8822.802313867146403136,0,0,0,unknown_transfer_or_unpriced_swap
0x4e3ae00e8323558fa5cac04b152238924aa31b60,0x90ab4ca71150ae0dd981ee3b7087ee3cd11d19b5ac2c6a521b67fc7edeef02b8,51146251,24,0x5f1c5951c5b1cc112ba9e89b9467edca33063453,7364.493095487715309497,0,0,0,unknown_transfer_or_unpriced_swap
0xed6b4f93a357b210d31e0046c1c0d6b453ef9197,0x3d75f8563093a4938bdae8e80de101603df6b5dd444d0c0201e13f3627a6714f,51147046,228,0x29998ebd5be758fdaa06f0ef48d6c890978b65de,500000,0,0,0,unknown_transfer_or_unpriced_swap
0x977b15009c23651c5357e0e4aa45efa890447f75,0xd1b6604ef64ed9688e7df9d014f0c0be87f72357f762394c6337140d1878f751,51150113,27,0xb92fe925dc43a0ecde6c8b1a2709c170ec4fff4f,61279.303620988317644471,59747.445893753401705375000000000000000000000000,484.95072341947242012651956124000000000000000000000000000000000000,0.19758699962041786200000000000000000000000000000000000000000000000,same_tx_swap_flow_allocation
0x8b87ba04b378efc94d42f6d82ef7e6f52e48e4fd,0xe8e20e8710fbea08ffb8223f0241a1e976c5c8d0b161a12bc0e0bec95dbb71e2,51151130,607,0xb92fe925dc43a0ecde6c8b1a2709c170ec4fff4f,604699.547264231883503641,588744.32579002246768615887649447311790925076000701441735687909241,4796.9058038016578828069891644688305425169180492677523432548258313,1.9573778239989759021110759542801232731198116384554834436798954640,same_tx_swap_flow_allocation
0x8da2e73785a202263be1b04d3dcc8137181c89c3,0x6f3bdf54efe2b64b8a0a4537a432f1245d715352546746f98411a0c047d9aaae,51151758,362,0xb92fe925dc43a0ecde6c8b1a2709c170ec4fff4f,24019.267174537683460831,24019.267174537683460830000000000000000000000041633243542920361269,198.84368468156293830637749572244868082744631080493245785291805674,0.081029807820807628999996626466276760282989953679821169301955089700,same_tx_swap_flow_allocation
0x8da2e73785a202263be1b04d3dcc8137181c89c3,0xe155948781a322492a04c0c28bcb828997acf493d5f826e062aefcbf83ddba0b,51151955,361,0xb92fe925dc43a0ecde6c8b1a2709c170ec4fff4f,12104.25141741768005671,12104.25141741768005671,99.33856910036382142489916951,0.040542118576741129,same_tx_swap_flow_allocation
0x9fca0f07d2f36b76990da744c86d4991efea9c20,0x92d05b9c17619a1da4425cb4bf164707e09940b4b2d5a82d08ab807789277609,51152492,23,0x7692acc1cdd771d09ebcae3663e1843b2911bec7,530367.307099080486348355,530367.307099080486348355,4317.315830488184760,1.7647128,same_tx_swap_flow_allocation
0x9fca0f07d2f36b76990da744c86d4991efea9c20,0x92d05b9c17619a1da4425cb4bf164707e09940b4b2d5a82d08ab807789277609,51152492,42,0x498581ff718922c3f8e6a244956af099b2652b2b,34864.578678233952950266,0E-66,0E-66,0E-66,unknown_transfer_or_unpriced_swap
0x9fca0f07d2f36b76990da744c86d4991efea9c20,0x92d05b9c17619a1da4425cb4bf164707e09940b4b2d5a82d08ab807789277609,51152492,44,0x3d3b216a8b176f0cc6cc29f185f6e0708b7482b0,3851.118342252518669891,3851.118342252518669891,31.682182,0.012950164941027148999730290084448704386399507287567286748790095612,same_tx_swap_flow_allocation
0x9fca0f07d2f36b76990da744c86d4991efea9c20,0x92d05b9c17619a1da4425cb4bf164707e09940b4b2d5a82d08ab807789277609,51152492,49,0xba72e99bc76de8d342da78c0e4fc04d605936e71,28720.997401602054147846,0E-67,0E-67,0E-67,unknown_transfer_or_unpriced_swap
0x9fca0f07d2f36b76990da744c86d4991efea9c20,0x9aa2bb4665527b3d43089a4ba3585c77b250a452c532d9f67383be956e27c91f,51152505,393,0x7692acc1cdd771d09ebcae3663e1843b2911bec7,551809.359903712097809379,551809.359903712097809379,4555.623477074562720,1.8621216,same_tx_swap_flow_allocation
0x9fca0f07d2f36b76990da744c86d4991efea9c20,0x9aa2bb4665527b3d43089a4ba3585c77b250a452c532d9f67383be956e27c91f,51152505,405,0xba72e99bc76de8d342da78c0e4fc04d605936e71,37763.399712362400516535,0E-67,0E-67,0E-67,unknown_transfer_or_unpriced_swap
0xf0f349d0ed0673a77e0afcdffe00e8c023645a4e,0xdf6644ed2715e32fae5d68cc8329bf74343710f2ff18afda4146be4476c8114b,51153340,581,0x7692acc1cdd771d09ebcae3663e1843b2911bec7,23624.18666181163682813,23624.18666181163682813,195.5050935864,0.08,same_tx_swap_flow_allocation
0x977b15009c23651c5357e0e4aa45efa890447f75,0x6f1d46b82af3d4bd019dffa7f01f17eaa12db613c2a3ec77d004b7a75d53cc7c,51154818,606,0xb92fe925dc43a0ecde6c8b1a2709c170ec4fff4f,897843.495533145117745451,897843.495533145117745451,7456.68942628615642184003926448,3.049321356153144479,same_tx_swap_flow_allocation
0x8b87ba04b378efc94d42f6d82ef7e6f52e48e4fd,0x15f2c849b5e27f71f28c0a3d529547bc477fc498b2cd5c05d041e3ff756ff122,51155789,253,0xb92fe925dc43a0ecde6c8b1a2709c170ec4fff4f,284552.365146409898167051,261760.43834777749693253208009747797002262708830515683979989094048,2278.1387550321609906136674474260022282826425323141279723131270384,0.92662755475446598899999674356052434253703362534823118838143803882,same_tx_swap_flow_allocation
0x8b87ba04b378efc94d42f6d82ef7e6f52e48e4fd,0xf6a5c506dfb3424b126dd99aa973a701c68fe88122f63819529979d18727973f,51155797,248,0xb92fe925dc43a0ecde6c8b1a2709c170ec4fff4f,28395.321056764592260651,28395.321056764592260651,247.81019680261026039664253733,0.10079621190728745826395706882548365664735141410441016546394034142,same_tx_swap_flow_allocation
0x1045162ce57c1075c1bc545e9a9affdb39287cb6,0xb08af87dce8910ca594701c137f0b766fbd90dd75a50a788252d88921e057d6a,51156229,304,0xb92fe925dc43a0ecde6c8b1a2709c170ec4fff4f,112757.282898987801855421,101443.08817473720601665500000000000000000000000,886.38305355654739066779010512000000000000000000000000000000000000,0.36045380671885581800000000000000000000000000000000000000000000000,same_tx_swap_flow_allocation
0x1045162ce57c1075c1bc545e9a9affdb39287cb6,0x4f4a9a29438a2e6a6b7ddf54c6c1f9c564b070ecf659e184b2ff77c3f2d4b4d4,51156246,24,0xb92fe925dc43a0ecde6c8b1a2709c170ec4fff4f,111892.373471192426383587,97595.10523242019627964252608313673044199122249413880087038793319,855.07007498894297878856887118684112984955190135052898447025489444,0.34772016714947194631800843591967501269983472160565115542246988877,same_tx_swap_flow_allocation
0x1045162ce57c1075c1bc545e9a9affdb39287cb6,0xb29679314fe3a314399be48797ee4420c8c3d6b3c5632c5c897fd156fd9c4e59,51156278,482,0xb92fe925dc43a0ecde6c8b1a2709c170ec4fff4f,112215.977526782435350786,98170.533407851752480968000000000000000000000000,862.28093332215792781933258848000000000000000000000000000000000000,0.35065251262413855508650656086896888761442044771441784487261173557,same_tx_swap_flow_allocation
0x1045162ce57c1075c1bc545e9a9affdb39287cb6,0xf9a7e0b044c2dcd26960a71310d0f799e6fe87119d1b24c4d14277b74bd9d7a9,51156328,230,0xb92fe925dc43a0ecde6c8b1a2709c170ec4fff4f,112131.92611247811766828,112131.9261124781176682790000000000000000000000089180667332594701,985.74254873126890905780345772216860126866272183613122738437565558,0.40085903347233339599999642511238886383912977873110776010768656697,same_tx_swap_flow_allocation
0x4e3ae00e8323558fa5cac04b152238924aa31b60,0x405ebce4284fd8549ed85cbc7f9a27cfcc45bfc5665451f2b5271837ca30238c,51158205,283,0x5f1c5951c5b1cc112ba9e89b9467edca33063453,7707.6991771952459245,0,0,0,unknown_transfer_or_unpriced_swap
0x9fca0f07d2f36b76990da744c86d4991efea9c20,0xb6a56f7f91921b4a0557e38a791a5189480f19381f0e297077df45fd43e3cfa8,51158322,487,0x7692acc1cdd771d09ebcae3663e1843b2911bec7,498433.02891946926815894,498433.02891946926815894,4319.081104318126464,1.7523624,same_tx_swap_flow_allocation
0x9fca0f07d2f36b76990da744c86d4991efea9c20,0xb6a56f7f91921b4a0557e38a791a5189480f19381f0e297077df45fd43e3cfa8,51158322,506,0x498581ff718922c3f8e6a244956af099b2652b2b,24915.119629719792266191,0E-66,0E-66,0E-66,unknown_transfer_or_unpriced_swap
0x9fca0f07d2f36b76990da744c86d4991efea9c20,0xb6a56f7f91921b4a0557e38a791a5189480f19381f0e297077df45fd43e3cfa8,51158322,508,0x3d3b216a8b176f0cc6cc29f185f6e0708b7482b0,2774.672906058497612531,2774.672906058497612531,24.115189,0.0097841530297369016466181443183303538607891522803870919705431208499,same_tx_swap_flow_allocation
0x9fca0f07d2f36b76990da744c86d4991efea9c20,0xb6a56f7f91921b4a0557e38a791a5189480f19381f0e297077df45fd43e3cfa8,51158322,513,0xba72e99bc76de8d342da78c0e4fc04d605936e71,39628.953146936144539982,0E-67,0E-67,0E-67,unknown_transfer_or_unpriced_swap
0x9fca0f07d2f36b76990da744c86d4991efea9c20,0x63ebd952941f4ff67db7f66f9e1fd33109fbafde4f62a6334d1dc726ba75a8e7,51158335,364,0x7692acc1cdd771d09ebcae3663e1843b2911bec7,497545.605047857085857063,497545.605047857085857063,4319.572076365906176,1.7525616,same_tx_swap_flow_allocation
0x9fca0f07d2f36b76990da744c86d4991efea9c20,0x63ebd952941f4ff67db7f66f9e1fd33109fbafde4f62a6334d1dc726ba75a8e7,51158335,383,0x498581ff718922c3f8e6a244956af099b2652b2b,27601.239488567800671876,0E-66,0E-66,0E-66,unknown_transfer_or_unpriced_swap
0x9fca0f07d2f36b76990da744c86d4991efea9c20,0x63ebd952941f4ff67db7f66f9e1fd33109fbafde4f62a6334d1dc726ba75a8e7,51158335,386,0xba72e99bc76de8d342da78c0e4fc04d605936e71,39153.972247071005491868,0E-67,0E-67,0E-67,unknown_transfer_or_unpriced_swap
0x9fca0f07d2f36b76990da744c86d4991efea9c20,0xad4202cbf629f8866ec7d63889d5d3a51ade6748889bc2d3f5c225d37e1db8c5,51158358,226,0x7692acc1cdd771d09ebcae3663e1843b2911bec7,694412.315821664937515611,694412.315821664937515611,6120.46736706284538624,2.483231184,same_tx_swap_flow_allocation
0x9fca0f07d2f36b76990da744c86d4991efea9c20,0xad4202cbf629f8866ec7d63889d5d3a51ade6748889bc2d3f5c225d37e1db8c5,51158358,238,0xba72e99bc76de8d342da78c0e4fc04d605936e71,50773.853687327477811697,0E-67,0E-67,0E-67,unknown_transfer_or_unpriced_swap
0x1045162ce57c1075c1bc545e9a9affdb39287cb6,0xf8fbda301276def9323a518c897b6315091a78f74285b686ce220d722151e6e5,51159212,23,0xb92fe925dc43a0ecde6c8b1a2709c170ec4fff4f,108384.397926248958683212,94146.014466770566342408659244820069383552775814160477133187490963,854.75243027688629556272581076476419618464233140992606159356972531,0.34655705499771909096744017805816955846987648004810771840848762873,same_tx_swap_flow_allocation
0x4e3ae00e8323558fa5cac04b152238924aa31b60,0xb67d41db80e9635f691faf384572bea8085643cc2d01ff4dbe2e93340b546f2a,51160853,121,0xef1313c5fc72844a18c3fcbf5b26b6459e935cb6,34533.637962637951941201,0,0,0,unknown_transfer_or_unpriced_swap
0x1045162ce57c1075c1bc545e9a9affdb39287cb6,0xe27371023ac54136d971935d565a452633870041803348355cdfbd949f46139f,51161754,45,0xb92fe925dc43a0ecde6c8b1a2709c170ec4fff4f,106791.048699730010249663,101447.93354624843898113000000000000000000000000,935.98962032889519501157009584000000000000000000000000000000000000,0.37920473638152021300000000000000000000000000000000000000000000000,same_tx_swap_flow_allocation
0x4e3ae00e8323558fa5cac04b152238924aa31b60,0x1bf0abc367370b8be2f8d08a21e8178db6e69a188ead40cb32f53ffe2128eeee,51162865,15,0x457d56fa065caa21c89670359f2b1edce6bb3b2a,5244.432461717504360905,0,0,0,unknown_transfer_or_unpriced_swap
0x4e3ae00e8323558fa5cac04b152238924aa31b60,0xe2e67c41c0159d4a0768828c4c496e2ff4710b418420a739d3a79a7cbbe049ef,51163030,618,0x23e829647939359507c491bef51419698fe3a981,5181.346522811256346024,0,0,0,unknown_transfer_or_unpriced_swap
0xe48b6e0e9900d68ba93ac417d9e2ce911c52f753,0xb114e9378bce5d19cfe92bc729afc326be9e7876a6809f086c9845aebff6b405,51164272,468,0xb92fe925dc43a0ecde6c8b1a2709c170ec4fff4f,103044.816381674025844095,92086.927880537562889340000000000000000000000000,990.75093870261562321206910285000000000000000000000000000000000000,0.40005018230006231739543198727776884371733734567451453306068110728,same_tx_swap_flow_allocation
0x67505fc71782403718939b4bb3f6ab39be613f4f,0x012433d91612dcc81259d78acad17f3455364edb84691f802db5d27aa38b68e4,51164306,40,0xb92fe925dc43a0ecde6c8b1a2709c170ec4fff4f,318663.76158823446945272,303074.13477937029868558677710472133964012646111557067736364931766,3314.4882219958590262009258637729158342917036194036565638443364263,1.3383400061948911584353178512836495970530060247885851376173208411,same_tx_swap_flow_allocation
0x67505fc71782403718939b4bb3f6ab39be613f4f,0xdbc3d37236eadf952e7d6b9716217b0ce900a4a84537f8c30f2a3456fbb5c627,51164311,231,0xb92fe925dc43a0ecde6c8b1a2709c170ec4fff4f,311642.330807315163280247,296065.69646977183891855683177785025943255311994638097636155712564,3310.7922605027826007944721753944575414649421740152729887903442926,1.3368476330753507257368557739746467293237246872568482550194294020,same_tx_swap_flow_allocation
0x67505fc71782403718939b4bb3f6ab39be613f4f,0x40123fabcbd233c36e01b4fe1caabfee8a46098bf028301db70cef9489def558,51164319,216,0xb92fe925dc43a0ecde6c8b1a2709c170ec4fff4f,265460.696916151757613061,225312.32473407012409902600000000000000000000000,2537.0030526914256047403544620400000000000000000000000000000000000,1.0244033026646073721138564483194435174376827465161824769988828935,same_tx_swap_flow_allocation
0x8b87ba04b378efc94d42f6d82ef7e6f52e48e4fd,0x0a9a0b44714fc1eff1fca2b27f2c11e913b9833cf37c159beab82f454982cad4,51164513,30,0xb92fe925dc43a0ecde6c8b1a2709c170ec4fff4f,214452.248050338687977802,203726.13024931869289723000000000000000000000000,2349.8107429347933320317710474000000000000000000000000000000000000,0.95021142785582787000000000000000000000000000000000000000000000000,same_tx_swap_flow_allocation
0x0ca6cadb6a8ca4199788b9a060c3285fe7b897fd,0xba8d75907bcb723ca4edbc2a0a779cd7c706e80b7eda997ca380a9876e44b14a,51164735,563,0xf01a4dabfd54d1a6a1812a95f7151e8da851de2e,61.587577298743453382,0E-877,0E-877,0E-877,unknown_transfer_or_unpriced_swap
0x25eded2339466d3b7daf552b24d9b6e09b409b4b,0xba8d75907bcb723ca4edbc2a0a779cd7c706e80b7eda997ca380a9876e44b14a,51164735,584,0xf01a4dabfd54d1a6a1812a95f7151e8da851de2e,5.55543483612849769,0E-2300,0E-2300,0E-2300,unknown_transfer_or_unpriced_swap
0x3fa87fac3430294f5461f9599ed2c9bd7b7eda6d,0xba8d75907bcb723ca4edbc2a0a779cd7c706e80b7eda997ca380a9876e44b14a,51164735,603,0xf01a4dabfd54d1a6a1812a95f7151e8da851de2e,80.409261814128571274,0E-3582,0E-3582,0E-3582,unknown_transfer_or_unpriced_swap
0x4552df0be3b02bfb80c3444b3f1465ee0bdb224c,0xba8d75907bcb723ca4edbc2a0a779cd7c706e80b7eda997ca380a9876e44b14a,51164735,610,0xf01a4dabfd54d1a6a1812a95f7151e8da851de2e,19.505050041732093429,0E-4048,0E-4048,0E-4048,unknown_transfer_or_unpriced_swap
0x461d5072f3eef08dedc4a7d74fb6d79f99e25e73,0xba8d75907bcb723ca4edbc2a0a779cd7c706e80b7eda997ca380a9876e44b14a,51164735,611,0xf01a4dabfd54d1a6a1812a95f7151e8da851de2e,16.442561858404298636,0E-4114,0E-4114,0E-4114,unknown_transfer_or_unpriced_swap
0x68ccd83694d6b664a62982310fcefc9f792f39d6,0xba8d75907bcb723ca4edbc2a0a779cd7c706e80b7eda997ca380a9876e44b14a,51164735,637,0xf01a4dabfd54d1a6a1812a95f7151e8da851de2e,14.999064122412094503,0E-5872,0E-5872,0E-5872,unknown_transfer_or_unpriced_swap
0x8da2e73785a202263be1b04d3dcc8137181c89c3,0xba8d75907bcb723ca4edbc2a0a779cd7c706e80b7eda997ca380a9876e44b14a,51164735,672,0xf01a4dabfd54d1a6a1812a95f7151e8da851de2e,86.669971290695171496,0E-8227,0E-8227,0E-8227,unknown_transfer_or_unpriced_swap
0xd8b7f8ee88f4a19933e21724a3227b04cc31e9fe,0x93235339a8d99ab8dc6b1387468baf434d7e2cd456da0c21e4eae6e3ef3fc3d7,51164736,406,0xf01a4dabfd54d1a6a1812a95f7151e8da851de2e,16.954562500098118233,0E-1873,0E-1873,0E-1873,unknown_transfer_or_unpriced_swap
0xfc90fd5e560471fab35e3703bf5ea4c54acee766,0x93235339a8d99ab8dc6b1387468baf434d7e2cd456da0c21e4eae6e3ef3fc3d7,51164736,427,0xf01a4dabfd54d1a6a1812a95f7151e8da851de2e,0.160732498087263444,0E-3262,0E-3262,0E-3262,unknown_transfer_or_unpriced_swap
0x67505fc71782403718939b4bb3f6ab39be613f4f,0x78c17afa139a224a810fed05b0dccf475242a7a356c685b73f101ef30611fc91,51165095,314,0x9a44d4974cad27175458ee071c189c2619f417c0,522366.172659164639997077,0E-65,0E-65,0E-65,unknown_transfer_or_unpriced_swap
0xc244cfa9b8de25ffdc690426bd630d587101bb3b,0x08e2e6fd7be3cd45bbb3f0af420a0f154d450d5e5dbfc97dc7d2ddfd30ad4d58,51165475,474,0x7692acc1cdd771d09ebcae3663e1843b2911bec7,185800.326299408434557851,185800.326299408434557851,2341.4955009660,0.95,same_tx_swap_flow_allocation
0xc244cfa9b8de25ffdc690426bd630d587101bb3b,0x08e2e6fd7be3cd45bbb3f0af420a0f154d450d5e5dbfc97dc7d2ddfd30ad4d58,51165475,483,0x498581ff718922c3f8e6a244956af099b2652b2b,9825.265671717947938305,0E-67,0E-67,0E-67,unknown_transfer_or_unpriced_swap
0xc244cfa9b8de25ffdc690426bd630d587101bb3b,0xffd92d68ec2b85540afd24a8f0a4d4ddfc7c058d37a1fd982a56000c8eef57a9,51165488,5,0x7692acc1cdd771d09ebcae3663e1843b2911bec7,184543.281525554249678133,184543.281525554249678133,2341.4955009660,0.95,same_tx_swap_flow_allocation
0xc244cfa9b8de25ffdc690426bd630d587101bb3b,0xffd92d68ec2b85540afd24a8f0a4d4ddfc7c058d37a1fd982a56000c8eef57a9,51165488,13,0x498581ff718922c3f8e6a244956af099b2652b2b,9721.576169436289695996,0E-67,0E-67,0E-67,unknown_transfer_or_unpriced_swap
0xc244cfa9b8de25ffdc690426bd630d587101bb3b,0x702bd0c3adf3ebdd15c804383b83b935c36de41c182c3d872a55e537b15c0c28,51165496,566,0x7692acc1cdd771d09ebcae3663e1843b2911bec7,183293.438170181004151027,183293.438170181004151027,2341.4955009660,0.95,same_tx_swap_flow_allocation
0xc244cfa9b8de25ffdc690426bd630d587101bb3b,0x702bd0c3adf3ebdd15c804383b83b935c36de41c182c3d872a55e537b15c0c28,51165496,574,0x498581ff718922c3f8e6a244956af099b2652b2b,9620.15964034360510073,0E-67,0E-67,0E-67,unknown_transfer_or_unpriced_swap
0xc244cfa9b8de25ffdc690426bd630d587101bb3b,0x2f23dbab99230750859741eedaf971533dade1516ddf8285a10a5da79d34a474,51165506,271,0xfdf682f51fe81aa4898f0ae2163d8a55c127fbc7,192077.103054704419115185,172866.57923314995171604500000000000000000000000,2218.2588956520000000000000000000000000000000000000000000000000000,0.90000000000000000000000000000000000000000000000000000000000000000,same_tx_swap_flow_allocation
0xc244cfa9b8de25ffdc690426bd630d587101bb3b,0x7c6d2f9d0673dc00a065c7477d459709a35df827854c4d17aa1061e63c41a489,51165517,250,0x7692acc1cdd771d09ebcae3663e1843b2911bec7,163507.913499224060298195,163507.913499224060298195,2110.95357907498005924588676788,0.856463699927626221,same_tx_swap_flow_allocation
0xc244cfa9b8de25ffdc690426bd630d587101bb3b,0x7c6d2f9d0673dc00a065c7477d459709a35df827854c4d17aa1061e63c41a489,51165517,258,0x498581ff718922c3f8e6a244956af099b2652b2b,8577.923415272765119755,0E-67,0E-67,0E-67,unknown_transfer_or_unpriced_swap
0x25eded2339466d3b7daf552b24d9b6e09b409b4b,0x09bf3582cddb9aafce6709a832ed024002444010fc97d291901b91cbef9b9fbb,51165680,450,0x7273a102a1a20dd0eb01c23ce4b57daf6160bf77,16.119836989039690197,0E-1279,0E-1279,0E-1279,unknown_transfer_or_unpriced_swap
0x27251ef93006c0f3ea2031d709d0ba9b3c4f3eef,0x09bf3582cddb9aafce6709a832ed024002444010fc97d291901b91cbef9b9fbb,51165680,451,0x7273a102a1a20dd0eb01c23ce4b57daf6160bf77,2.249462127547236884,0E-1346,0E-1346,0E-1346,unknown_transfer_or_unpriced_swap
0x461d5072f3eef08dedc4a7d74fb6d79f99e25e73,0x09bf3582cddb9aafce6709a832ed024002444010fc97d291901b91cbef9b9fbb,51165680,473,0x7273a102a1a20dd0eb01c23ce4b57daf6160bf77,79.461463435669140393,0E-2826,0E-2826,0E-2826,unknown_transfer_or_unpriced_swap
0x5c3e5b6780dc15b705f606f19b6a9206fea39cdf,0x09bf3582cddb9aafce6709a832ed024002444010fc97d291901b91cbef9b9fbb,51165680,484,0x7273a102a1a20dd0eb01c23ce4b57daf6160bf77,31.561518039458023747,0E-3564,0E-3564,0E-3564,unknown_transfer_or_unpriced_swap
0x9622a7905307abe9686999c400b85a7b30775345,0x09bf3582cddb9aafce6709a832ed024002444010fc97d291901b91cbef9b9fbb,51165680,517,0x7273a102a1a20dd0eb01c23ce4b57daf6160bf77,109.902216443645169922,0E-5784,0E-5784,0E-5784,unknown_transfer_or_unpriced_swap
0xa122c3ef0ced83be89922d99e8dde8f4e272eaca,0x09bf3582cddb9aafce6709a832ed024002444010fc97d291901b91cbef9b9fbb,51165680,524,0x7273a102a1a20dd0eb01c23ce4b57daf6160bf77,78.703853389820843603,0E-6252,0E-6252,0E-6252,unknown_transfer_or_unpriced_swap
0xd8b7f8ee88f4a19933e21724a3227b04cc31e9fe,0x09bf3582cddb9aafce6709a832ed024002444010fc97d291901b91cbef9b9fbb,51165680,552,0x7273a102a1a20dd0eb01c23ce4b57daf6160bf77,26.219148574320882579,0E-8128,0E-8128,0E-8128,unknown_transfer_or_unpriced_swap
0xfc90fd5e560471fab35e3703bf5ea4c54acee766,0x09bf3582cddb9aafce6709a832ed024002444010fc97d291901b91cbef9b9fbb,51165680,577,0x7273a102a1a20dd0eb01c23ce4b57daf6160bf77,48.679256011611357972,0E-9781,0E-9781,0E-9781,unknown_transfer_or_unpriced_swap
0x25eded2339466d3b7daf552b24d9b6e09b409b4b,0x6f8f35ee6aba0a4f0e7e4ced9fab020f0f71a53dc8bd66dcd865e614f9288958,51165689,97,0x7461bf359d018cbd2bb30c571fdb2009d7ef5780,282.138596517363778555,0E-132,0E-132,0E-132,unknown_transfer_or_unpriced_swap
0xc244cfa9b8de25ffdc690426bd630d587101bb3b,0xaa83e1c48238dcef4d90d38b13196acbcd5e967af531afa6c6c8d6f9e322c32b,51165747,179,0x7692acc1cdd771d09ebcae3663e1843b2911bec7,112630.886520721048117313,112630.886520721048117313,1551.54871334173110511711119968,0.628483350111261652,same_tx_swap_flow_allocation
0xc244cfa9b8de25ffdc690426bd630d587101bb3b,0xaa83e1c48238dcef4d90d38b13196acbcd5e967af531afa6c6c8d6f9e322c32b,51165747,187,0x498581ff718922c3f8e6a244956af099b2652b2b,5913.300603050191107696,0E-67,0E-67,0E-67,unknown_transfer_or_unpriced_swap
0x0ca6cadb6a8ca4199788b9a060c3285fe7b897fd,0xad84e45c26214c375ca9cd7294b94979eedf0e401804f036e7f1c4f2bf88567e,51166104,435,0xf01a4dabfd54d1a6a1812a95f7151e8da851de2e,48.826274226377202087,0E-877,0E-877,0E-877,unknown_transfer_or_unpriced_swap
0x25eded2339466d3b7daf552b24d9b6e09b409b4b,0xad84e45c26214c375ca9cd7294b94979eedf0e401804f036e7f1c4f2bf88567e,51166104,458,0xf01a4dabfd54d1a6a1812a95f7151e8da851de2e,4.404316530260935447,0E-2434,0E-2434,0E-2434,unknown_transfer_or_unpriced_swap
0x3fa87fac3430294f5461f9599ed2c9bd7b7eda6d,0xad84e45c26214c375ca9cd7294b94979eedf0e401804f036e7f1c4f2bf88567e,51166104,477,0xf01a4dabfd54d1a6a1812a95f7151e8da851de2e,63.747996590820674044,0E-3716,0E-3716,0E-3716,unknown_transfer_or_unpriced_swap
0x4552df0be3b02bfb80c3444b3f1465ee0bdb224c,0xad84e45c26214c375ca9cd7294b94979eedf0e401804f036e7f1c4f2bf88567e,51166104,484,0xf01a4dabfd54d1a6a1812a95f7151e8da851de2e,15.463490591896555739,0E-4182,0E-4182,0E-4182,unknown_transfer_or_unpriced_swap
0x461d5072f3eef08dedc4a7d74fb6d79f99e25e73,0xad84e45c26214c375ca9cd7294b94979eedf0e401804f036e7f1c4f2bf88567e,51166104,485,0xf01a4dabfd54d1a6a1812a95f7151e8da851de2e,13.035567715033311355,0E-4248,0E-4248,0E-4248,unknown_transfer_or_unpriced_swap
0x68ccd83694d6b664a62982310fcefc9f792f39d6,0xad84e45c26214c375ca9cd7294b94979eedf0e401804f036e7f1c4f2bf88567e,51166104,511,0xf01a4dabfd54d1a6a1812a95f7151e8da851de2e,11.891171078665736829,0E-6007,0E-6007,0E-6007,unknown_transfer_or_unpriced_swap
0x8da2e73785a202263be1b04d3dcc8137181c89c3,0xad84e45c26214c375ca9cd7294b94979eedf0e401804f036e7f1c4f2bf88567e,51166104,546,0xf01a4dabfd54d1a6a1812a95f7151e8da851de2e,68.711450767167307306,0E-8362,0E-8362,0E-8362,unknown_transfer_or_unpriced_swap
0xd8b7f8ee88f4a19933e21724a3227b04cc31e9fe,0x4df0b77d93b5a6d0f482aec9ec96fe26cf088500ad6130eccb6afad2aa3ee0bd,51166105,673,0xf01a4dabfd54d1a6a1812a95f7151e8da851de2e,13.441478855427099483,0E-2207,0E-2207,0E-2207,unknown_transfer_or_unpriced_swap
0xfc90fd5e560471fab35e3703bf5ea4c54acee766,0x4df0b77d93b5a6d0f482aec9ec96fe26cf088500ad6130eccb6afad2aa3ee0bd,51166105,696,0xf01a4dabfd54d1a6a1812a95f7151e8da851de2e,8.255914674365194612,0E-3731,0E-3731,0E-3731,unknown_transfer_or_unpriced_swap
0x25eded2339466d3b7daf552b24d9b6e09b409b4b,0x9c3813160cea97d1e186caa5fa3c5ba249425116f35ea031d4625d7bf84e34dc,51166124,530,0x669eca0d4b4c864148c4121b31dfef5e7179ed54,149.347281045128231041,0E-470,0E-470,0E-470,unknown_transfer_or_unpriced_swap
0x4e3ae00e8323558fa5cac04b152238924aa31b60,0x2f2eaca34caaf61d9af09aaa21ca0258ad8ab96fb1ce674533d24aa1f70d2b79,51166639,367,0x5f1c5951c5b1cc112ba9e89b9467edca33063453,29522.762331149067354644,0,0,0,unknown_transfer_or_unpriced_swap
0x4e3ae00e8323558fa5cac04b152238924aa31b60,0x87ea5379c0312b0955eea2e1a938c3ce5b5d5735d30c25579253ae463beb4a3d,51166640,2,0xef1313c5fc72844a18c3fcbf5b26b6459e935cb6,11816.746152645662572066,0,0,0,unknown_transfer_or_unpriced_swap
0xfc90fd5e560471fab35e3703bf5ea4c54acee766,0x331d1ee3a9d493f691e8b5ed5f9e6ced8025f037e7e3b39446c92c2ca61151c3,51166714,58,0xb92fe925dc43a0ecde6c8b1a2709c170ec4fff4f,24819.841467019832529086,21501.398807054255826251133701202901519929754170525185838416713191,287.06259658071325625566843414866439993300330088712436944687955742,0.11647620531888582799999530713338867787069631126331855156574786470,same_tx_swap_flow_allocation
0x977b15009c23651c5357e0e4aa45efa890447f75,0x92fc7ac3b31cf49cce3a49487750fbc1feea81923ff0155a2ed0e51c4f475aae,51167030,533,0xb92fe925dc43a0ecde6c8b1a2709c170ec4fff4f,385951.290291048530221541,370229.80786905792517983838435349560828843294847961999819035810133,4770.0400874617718247095219298438741876610449507636542909366367273,1.9354530169530349533829656936101674082436803935646339674979049921,same_tx_swap_flow_allocation
0x67505fc71782403718939b4bb3f6ab39be613f4f,0xd7fa46e9243be0c51488a06a1c1dad73d5d6c085bfa8e6397c7e98586b7972a5,51167255,254,0xb92fe925dc43a0ecde6c8b1a2709c170ec4fff4f,22895.158693507084682456,13218.680097329316797628007412697094100817043842953944741910507916,172.26681650673162538452382624514151199580019373177328059033223711,0.069931330388712426663147549425273126348244427671963736193373758281,same_tx_swap_flow_allocation
0x4e3ae00e8323558fa5cac04b152238924aa31b60,0x340ab2e2e068d48f43c14fb2223ab9d3cc99d7b177069e7d3dd95621d5c60b18,51167391,247,0xef1313c5fc72844a18c3fcbf5b26b6459e935cb6,8045.875184306149279727,0,0,0,unknown_transfer_or_unpriced_swap
0x25eded2339466d3b7daf552b24d9b6e09b409b4b,0x1fbcad4f923c26e27394d7e7638cd982e28ca3401225d5ee3e18eca06e1551b1,51167989,133,0x7461bf359d018cbd2bb30c571fdb2009d7ef5780,252.828984621013733044,0E-132,0E-132,0E-132,unknown_transfer_or_unpriced_swap
0x5ea5091943581a34d254e33ac718b2b8af4a2250,0x28f05f7e1e6b2014d1bb15a40b12c6feda9915ff66834b7d773a6a501fcf92f3,51168000,150,0xb92fe925dc43a0ecde6c8b1a2709c170ec4fff4f,2515161.808355475742055253,2372524.9249767884204545980567108179302188265075429528353213564716,30864.661144450448587564070949358440289322016836919771059203858852,12.578906268635554107999994998768577493548813900220560356397808415,same_tx_swap_flow_allocation
0x5ea5091943581a34d254e33ac718b2b8af4a2250,0x6f1e92fb7e4c627a8d8f346e5d804708bc67335d147aa96e2e7bf8dc84440feb,51168217,221,0xb92fe925dc43a0ecde6c8b1a2709c170ec4fff4f,2389.217905128094826496,0E-199,0E-199,0E-199,unknown_transfer_or_unpriced_swap
0x4e3ae00e8323558fa5cac04b152238924aa31b60,0x9aae4d2bf1b40c70452393566e659169725e2ffa4680676c5194bbdb32689a0f,51168461,2,0xef1313c5fc72844a18c3fcbf5b26b6459e935cb6,17021.89279863536779012,0,0,0,unknown_transfer_or_unpriced_swap
0x4e3ae00e8323558fa5cac04b152238924aa31b60,0x39348ae197f699606c9110b285d29a772b9317985a3c2d981ea8ea7d8fae1ed5,51168577,8,0x8b5677bad84062e443842f737a8b5a6d56aca82b,4697,0,0,0,unknown_transfer_or_unpriced_swap
0x4e3ae00e8323558fa5cac04b152238924aa31b60,0x2d812b04ccad14bf5d7af64b19cbb80a48b6ccc03fbb9fa556caccf290a5ac06,51168692,455,0x5f1c5951c5b1cc112ba9e89b9467edca33063453,6033.178724181723495103,0,0,0,unknown_transfer_or_unpriced_swap
0x4e3ae00e8323558fa5cac04b152238924aa31b60,0x12f68855c6b44e93e968ab318856f920c08951718765804449cb793762169d90,51168859,176,0x6f10424b4f5ce3b80a999c6937226c59ddaf9def,15000,0,0,0,unknown_transfer_or_unpriced_swap
0x4e3ae00e8323558fa5cac04b152238924aa31b60,0x2511fae1da883ebd4dd47497d4cb4b749cec8c5226cf62130e51b8ec395facab,51168974,81,0xef1313c5fc72844a18c3fcbf5b26b6459e935cb6,22914.246312032279697723,0,0,0,unknown_transfer_or_unpriced_swap
0x4e3ae00e8323558fa5cac04b152238924aa31b60,0xf49bf53791d5282670dde78f93539071c73ac8070aca4d935ff1964d0e7a26da,51169099,503,0x6f10424b4f5ce3b80a999c6937226c59ddaf9def,20000,0,0,0,unknown_transfer_or_unpriced_swap
0x4e3ae00e8323558fa5cac04b152238924aa31b60,0xc81df8cbe11bf9ec16c764b982e0b18ef8e50f66850f5b99c2eadce56a0b357e,51169099,513,0x52dd4b87423b0a2e409f89a1571103475344f34b,9954.990000000999279104,0,0,0,unknown_transfer_or_unpriced_swap
0x4e3ae00e8323558fa5cac04b152238924aa31b60,0x98d3e8f86c74a29930b83047abd46fdfb50343736c511bdcec0c233d31b5f2b8,51169403,345,0xef1313c5fc72844a18c3fcbf5b26b6459e935cb6,33205.451412867226991895,0,0,0,unknown_transfer_or_unpriced_swap
0x4e3ae00e8323558fa5cac04b152238924aa31b60,0x3bc0e38bea8c66942ae2707dc5d3f0e6925a931cca5b0e05e9144d5776630c26,51169752,503,0xef1313c5fc72844a18c3fcbf5b26b6459e935cb6,40694.378866015832623101,0,0,0,unknown_transfer_or_unpriced_swap
0x4e3ae00e8323558fa5cac04b152238924aa31b60,0xa57d5b2c812f86ef75e59e38b6f4062ead19e2b8337968f8683508e38a31aad1,51169752,607,0xbd46cf0958e4880633d320eed38785ee432269da,14892.583307944739187726,0,0,0,unknown_transfer_or_unpriced_swap
0x4e3ae00e8323558fa5cac04b152238924aa31b60,0x55c429a68aa3cee551efbd1446dff916682b834f245ae30ede5b03198a33b8aa,51169753,2,0x371f41fbf424fa514fad1cd3879b2309829e7529,4927.562962494885977345,0,0,0,unknown_transfer_or_unpriced_swap
0x2bb2173427bb17b78adaa3d5fad9716328c3d262,0xba804e28fe9aac84d17e976b396c40d59633bdc5d62ba8708359778f2b0087e4,51169790,96,0x9a44d4974cad27175458ee071c189c2619f417c0,161381.515260988955303322,0E-66,0E-66,0E-66,unknown_transfer_or_unpriced_swap
0x4e3ae00e8323558fa5cac04b152238924aa31b60,0x219f2ef85fd19cdd8239b99f6f32914e5fa2123a4edc9c1e4a8b48442f3679b9,51169792,921,0x6c3cb7ba347a2c93cf73f03e71030666871f6bfd,4274.745914753996946803,0,0,0,unknown_transfer_or_unpriced_swap
0xfc90fd5e560471fab35e3703bf5ea4c54acee766,0x6b45713498ee177340a316b0192e2d1aad2456f64a9c4d1c80868f9e005823b2,51169803,490,0xb92fe925dc43a0ecde6c8b1a2709c170ec4fff4f,13435.649555551948270751,13435.649555551948270751,168.2315143414616244133406,0.068579189740461971,same_tx_swap_flow_allocation
0x2bb2173427bb17b78adaa3d5fad9716328c3d262,0xd17fc07f190664615bd37e781e86799384673f5c172a0cf89e9cf0b97677054b,51169815,507,0xb92fe925dc43a0ecde6c8b1a2709c170ec4fff4f,39589.176688466236038193,27733.033005022026299990254420784640928107676861971110421700622695,348.11024562097159705918661258631460055857638856686612173974804597,0.14190634066684950904916199152627399508465594842655982997982553411,same_tx_swap_flow_allocation
0xf99d7a743d1b5b2ff28c22b2005cd98def3591de,0x005ac6b8724e2733b4a2f767e35dec5d2c47458a055101a3bd9a461e9cb398d9,51169833,408,0xb92fe925dc43a0ecde6c8b1a2709c170ec4fff4f,602.821946625551209453,0E-133,0E-133,0E-133,unknown_transfer_or_unpriced_swap
0xf0f349d0ed0673a77e0afcdffe00e8c023645a4e,0x7764a868d82b8805a6ed2f487e690c4e870432aba40d537b658b4bc1190a5ba9,51170269,41,0x7692acc1cdd771d09ebcae3663e1843b2911bec7,205035.914516085881314472,205035.914516085881314472,2438.23162994,1,same_tx_swap_flow_allocation
0x4e3ae00e8323558fa5cac04b152238924aa31b60,0x47e5d00adb6e3c7b87a465b8ff226bc84d8afca22ac08d3ff4d0e4de4cb91e8d,51170270,486,0xef1313c5fc72844a18c3fcbf5b26b6459e935cb6,34087.080464282840600095,0,0,0,unknown_transfer_or_unpriced_swap
0x4e3ae00e8323558fa5cac04b152238924aa31b60,0xf1c7053d43d9e747cbb92ecdff3731ff34b7318f27d8bc96d5585dfa40b64489,51170303,188,0x6f10424b4f5ce3b80a999c6937226c59ddaf9def,20000,0,0,0,unknown_transfer_or_unpriced_swap
0x4e3ae00e8323558fa5cac04b152238924aa31b60,0xe097f1be4aec46e7a5f5911f010008ce756d14cba34d18a7123ec16eb67df48e,51170528,48,0xaa5e5c97be235c3b7035bb1492fef2b4167edf05,4198.27565002975337954,0,0,0,unknown_transfer_or_unpriced_swap
0x267eafdb83b0cf9ef3e5a1eda83accfc85a021c8,0xb1d112203bf5bb11ea185878a17cb74ba3f7b83bd537edd53f93feb2e575ddc1,51171069,449,0x1231deb6f5749ef6ce6943a275a1d3e7486f4eae,258197.33602430519050452,227173.30658272982163827900000000000000000000000,3053.1239761866552681984258398600000000000000000000000000000000000,1.2181670180509845312980864899252763885868031005042727411038849738,same_tx_swap_flow_allocation
0x0ca6cadb6a8ca4199788b9a060c3285fe7b897fd,0x0c5ce51e723256cec0a9e7a5fa0df9b273ff94e6cea37a0315c9db50d4c7f209,51171152,189,0xf01a4dabfd54d1a6a1812a95f7151e8da851de2e,47.032524763471725691,0E-877,0E-877,0E-877,unknown_transfer_or_unpriced_swap
0x25eded2339466d3b7daf552b24d9b6e09b409b4b,0x0c5ce51e723256cec0a9e7a5fa0df9b273ff94e6cea37a0315c9db50d4c7f209,51171152,211,0xf01a4dabfd54d1a6a1812a95f7151e8da851de2e,4.242513473693630289,0E-2366,0E-2366,0E-2366,unknown_transfer_or_unpriced_swap
0x3fa87fac3430294f5461f9599ed2c9bd7b7eda6d,0x0c5ce51e723256cec0a9e7a5fa0df9b273ff94e6cea37a0315c9db50d4c7f209,51171152,230,0xf01a4dabfd54d1a6a1812a95f7151e8da851de2e,61.406062120950535036,0E-3646,0E-3646,0E-3646,unknown_transfer_or_unpriced_swap
0x4552df0be3b02bfb80c3444b3f1465ee0bdb224c,0x0c5ce51e723256cec0a9e7a5fa0df9b273ff94e6cea37a0315c9db50d4c7f209,51171152,238,0xf01a4dabfd54d1a6a1812a95f7151e8da851de2e,14.895402438881723447,0E-4181,0E-4181,0E-4181,unknown_transfer_or_unpriced_swap
0x461d5072f3eef08dedc4a7d74fb6d79f99e25e73,0x0c5ce51e723256cec0a9e7a5fa0df9b273ff94e6cea37a0315c9db50d4c7f209,51171152,239,0xf01a4dabfd54d1a6a1812a95f7151e8da851de2e,12.556675090969910611,0E-4247,0E-4247,0E-4247,unknown_transfer_or_unpriced_swap
0x68ccd83694d6b664a62982310fcefc9f792f39d6,0x0c5ce51e723256cec0a9e7a5fa0df9b273ff94e6cea37a0315c9db50d4c7f209,51171152,266,0xf01a4dabfd54d1a6a1812a95f7151e8da851de2e,11.454320590406468703,0E-6072,0E-6072,0E-6072,unknown_transfer_or_unpriced_swap
0x8da2e73785a202263be1b04d3dcc8137181c89c3,0x0c5ce51e723256cec0a9e7a5fa0df9b273ff94e6cea37a0315c9db50d4c7f209,51171152,301,0xf01a4dabfd54d1a6a1812a95f7151e8da851de2e,66.187171987721157593,0E-8427,0E-8427,0E-8427,unknown_transfer_or_unpriced_swap
0xd8b7f8ee88f4a19933e21724a3227b04cc31e9fe,0xb7d3cc31d803588a8cd654909ee309cd31c115eea597946eb3feb083ca1e5740,51171153,1160,0xf01a4dabfd54d1a6a1812a95f7151e8da851de2e,12.947674118948711992,0E-2474,0E-2474,0E-2474,unknown_transfer_or_unpriced_swap
0xfc90fd5e560471fab35e3703bf5ea4c54acee766,0xb7d3cc31d803588a8cd654909ee309cd31c115eea597946eb3feb083ca1e5740,51171153,1181,0xf01a4dabfd54d1a6a1812a95f7151e8da851de2e,7.952613987438404991,0E-3865,0E-3865,0E-3865,unknown_transfer_or_unpriced_swap
0x8b87ba04b378efc94d42f6d82ef7e6f52e48e4fd,0x0265a880d6b8409e70a20090526cfedeed7c1509dadcec4e73b373ee06606db9,51171532,892,0xb92fe925dc43a0ecde6c8b1a2709c170ec4fff4f,177540.396164979218327329,154287.85272460880016205080404279382035876889703325932307766109575,2186.6185535890761840721955128657766576366103636160746491826833478,0.87574645815222698535049439929646417454859696216574209387670910367,same_tx_swap_flow_allocation
0x8b87ba04b378efc94d42f6d82ef7e6f52e48e4fd,0xc6fa5418d1d98f0a26b51636c30e894714660a39a47015e1d335721e83622749,51171560,72,0xb92fe925dc43a0ecde6c8b1a2709c170ec4fff4f,68603.819747219429376645,59837.469443897381562805244372341360618711138639822766105544163895,877.90921853585151941683431155332293895263525436364582020976192526,0.35160494154319895712836610026372811400885220113228148330785619582,same_tx_swap_flow_allocation
0x211c8e97a504d2d142bc945334d4a88bd3270b4d,0xffb70bc0035dcfe10dfdd9974d04a477e948fe9b6858315d10c60d6ff59881d2,51171630,355,0x7273a102a1a20dd0eb01c23ce4b57daf6160bf77,62.79592073744222864,0E-876,0E-876,0E-876,unknown_transfer_or_unpriced_swap
0x25eded2339466d3b7daf552b24d9b6e09b409b4b,0xffb70bc0035dcfe10dfdd9974d04a477e948fe9b6858315d10c60d6ff59881d2,51171630,360,0x7273a102a1a20dd0eb01c23ce4b57daf6160bf77,11.436591200086611501,0E-1211,0E-1211,0E-1211,unknown_transfer_or_unpriced_swap
0x27251ef93006c0f3ea2031d709d0ba9b3c4f3eef,0xffb70bc0035dcfe10dfdd9974d04a477e948fe9b6858315d10c60d6ff59881d2,51171630,361,0x7273a102a1a20dd0eb01c23ce4b57daf6160bf77,1.595932935942637362,0E-1278,0E-1278,0E-1278,unknown_transfer_or_unpriced_swap
0x461d5072f3eef08dedc4a7d74fb6d79f99e25e73,0xffb70bc0035dcfe10dfdd9974d04a477e948fe9b6858315d10c60d6ff59881d2,51171630,385,0x7273a102a1a20dd0eb01c23ce4b57daf6160bf77,56.375773160254267648,0E-2892,0E-2892,0E-2892,unknown_transfer_or_unpriced_swap
0x5c3e5b6780dc15b705f606f19b6a9206fea39cdf,0xffb70bc0035dcfe10dfdd9974d04a477e948fe9b6858315d10c60d6ff59881d2,51171630,397,0x7273a102a1a20dd0eb01c23ce4b57daf6160bf77,22.392048983923613596,0E-3696,0E-3696,0E-3696,unknown_transfer_or_unpriced_swap
0x9622a7905307abe9686999c400b85a7b30775345,0xffb70bc0035dcfe10dfdd9974d04a477e948fe9b6858315d10c60d6ff59881d2,51171630,427,0x7273a102a1a20dd0eb01c23ce4b57daf6160bf77,77.97266946954929233,0E-5717,0E-5717,0E-5717,unknown_transfer_or_unpriced_swap
0xa122c3ef0ced83be89922d99e8dde8f4e272eaca,0xffb70bc0035dcfe10dfdd9974d04a477e948fe9b6858315d10c60d6ff59881d2,51171630,433,0x7273a102a1a20dd0eb01c23ce4b57daf6160bf77,55.838269189876834217,0E-6119,0E-6119,0E-6119,unknown_transfer_or_unpriced_swap
0xd8b7f8ee88f4a19933e21724a3227b04cc31e9fe,0xffb70bc0035dcfe10dfdd9974d04a477e948fe9b6858315d10c60d6ff59881d2,51171630,459,0x7273a102a1a20dd0eb01c23ce4b57daf6160bf77,18.601781399075122071,0E-7860,0E-7860,0E-7860,unknown_transfer_or_unpriced_swap
0xfc90fd5e560471fab35e3703bf5ea4c54acee766,0xffb70bc0035dcfe10dfdd9974d04a477e948fe9b6858315d10c60d6ff59881d2,51171630,484,0x7273a102a1a20dd0eb01c23ce4b57daf6160bf77,34.536624117706018848,0E-9513,0E-9513,0E-9513,unknown_transfer_or_unpriced_swap
0x267eafdb83b0cf9ef3e5a1eda83accfc85a021c8,0x9e047b4c7d4ec8847de576b5c18a107228a11a939d6a0e7e899f9dcf6267b67f,51171705,353,0x4f6f91599858bf0d19fabcf2c5d591fe13f7c059,45809.596640747915196844,43518.515330866366388573000000000000000000000000,612.35108711784881371939311900000000000000000000000000000000000000,0.24483071855364399000000000000000000000000000000000000000000000000,same_tx_swap_flow_allocation
0x67505fc71782403718939b4bb3f6ab39be613f4f,0xc6c9e1b109b3e298bc359edd325180e91af04a62d61a93a42ef193c874276510,51171822,833,0xb92fe925dc43a0ecde6c8b1a2709c170ec4fff4f,65026.489704275850435699,58503.354859174904127948000000000000000000000000,894.05104471041202628213500000000000000000000000000000000000000000,0.35669941998177187553023493340195614922270697060190587902036940619,same_tx_swap_flow_allocation
0x67505fc71782403718939b4bb3f6ab39be613f4f,0xf35daddc8b8062d7ac8b291305fd65ca10582611b4e1c0804eac27324d9eacf6,51171829,705,0xb92fe925dc43a0ecde6c8b1a2709c170ec4fff4f,193394.281876041862099109,186392.05109646626475710103620702076426309343977870130084232663349,2870.1565225630756405134151590414425865329981437503770184139551033,1.1451059454740163459999940789048447255318759537874715558084845342,same_tx_swap_flow_allocation
0x67505fc71782403718939b4bb3f6ab39be613f4f,0x5f12acf87cfbb091e46c3e8b591251d5578c59dc89a8f1ccc037a22bae2416d5,51171833,277,0xb92fe925dc43a0ecde6c8b1a2709c170ec4fff4f,63959.727677472017986052,45589.797793188228755795645269255500878600812201353540766828946482,708.03554786550241435475974621488275434626108861640356229420453267,0.28248484328084981152853721539580114318679612784446701109503443416,same_tx_swap_flow_allocation
0x4e3ae00e8323558fa5cac04b152238924aa31b60,0xa8da003d140a26252a1248a92336b65e1f95cb33855b2e494937e8f5ce69ce3a,51172072,47,0xef1313c5fc72844a18c3fcbf5b26b6459e935cb6,27974.218530111526255648,0,0,0,unknown_transfer_or_unpriced_swap
0x4e3ae00e8323558fa5cac04b152238924aa31b60,0x557568c8aeba53b4fadbb7700adab5604ee800cf2e2c8c898de04307ceb41cc9,51172072,48,0x39176583a78443a64cd12ee18f8318dd8ed1268a,3218.740000000000131072,0,0,0,unknown_transfer_or_unpriced_swap
0xab55e535ccd715a3ceed631966d234a9601e94f3,0xccdb1a1d9f8a9c2b459b4c2537071fe1371bef4fc04b3faca51390236fb45e84,51172142,408,0x88649f4743a758171077b98ee2003f1989b1615a,324677.907245364977057678,314933.34528232998389808000000000000000000000000,4853.7886332001294302832152849500000000000000000000000000000000000,1.9424217720425304369135412251658450130822158793123858018888070874,same_tx_swap_flow_allocation
0x267eafdb83b0cf9ef3e5a1eda83accfc85a021c8,0x805ac562833ab13f5a616ce9028fe8e02c3000d7c90fb4e166cebdda80f4f6f3,51172148,805,0x4f6f91599858bf0d19fabcf2c5d591fe13f7c059,44637.546385624664672712,40167.133570717371119954000000000000000000000000,625.36380533473242029153501308000000000000000000000000000000000000,0.25026229255654242800000000000000000000000000000000000000000000000,same_tx_swap_flow_allocation
0xab55e535ccd715a3ceed631966d234a9601e94f3,0xfc59f3cefdbb8f6174e62f21503a42361cb4669d8df5920dd8fdb90ba46db062,51172163,756,0x88649f4743a758171077b98ee2003f1989b1615a,317331.892352844056830082,306610.62388141527095680800000000000000000000000,4831.0908740678085267985702850500000000000000000000000000000000000,1.9333384301735357362127306592929668068180296599587120823414829621,same_tx_swap_flow_allocation
0x267eafdb83b0cf9ef3e5a1eda83accfc85a021c8,0xc2164444be38e5cb36cffd38dde7982e57c4c31e0894d23454fe7490adf0d462,51172298,425,0x7692acc1cdd771d09ebcae3663e1843b2911bec7,12645.248043192766664188,12645.248043192766664188,198.20258880324978792717356216,0.079321844174312408,same_tx_swap_flow_allocation
0x4e3ae00e8323558fa5cac04b152238924aa31b60,0xcc7020e2c7788245e0f25aa7881b2f4782bbae62bfd1ed457e7f6770271091fa,51172621,3884,0xef1313c5fc72844a18c3fcbf5b26b6459e935cb6,29830.991628815646284736,0,0,0,unknown_transfer_or_unpriced_swap
0x267eafdb83b0cf9ef3e5a1eda83accfc85a021c8,0xe8a5ba30239eb0900ec973c1fc65831302156255ae59bd05f48753ea015b22c4,51173074,1194,0xb92fe925dc43a0ecde6c8b1a2709c170ec4fff4f,13270.426850382065972756,10971.843985303218866282173210921622515036674359672745579486871771,167.55964629871573879446777345466066213495861695557029648951575968,0.063565460156601306999995209991293175983433877804579688057238685576,same_tx_swap_flow_allocation
0x16d1ff31d9302109a64f3bd66526e063f468eb87,0x9600fa27de23ff5d8cd7a460f381affb0e169c65e87e5a058b2f10209a6c4a77,51173674,861,0xb300000b72deaeb607a12d5f54773d1c19c7028d,262945.338741615712173736,244435.50829103356413410800000000000000000000000,3629.3769358434460000000000000000000000000000000000000000000000000,1.3880256226367643099676522406577765126368919432799528640709866919,same_tx_swap_flow_allocation
0x16d1ff31d9302109a64f3bd66526e063f468eb87,0x85f26bba574926e5c1a85cc898b0ed1877fb0cb99da96541e332c7dc6fcecbf7,51173678,523,0xb300000b72deaeb607a12d5f54773d1c19c7028d,553409.151380773275178307,321518.36152842174367587300000000000000000000000,4905.4790746092096339831735867600000000000000000000000000000000000,1.8760604828948996715565466452675610875945106098369916877272365193,same_tx_swap_flow_allocation
0x16d1ff31d9302109a64f3bd66526e063f468eb87,0xcfe936b2bc3d72f426ec1f0180f4ed8d1cf48bbf27e56380b1b95bebb8eeabd5,51173682,571,0xb300000b72deaeb607a12d5f54773d1c19c7028d,404465.031755658846658301,252168.62728523346900040800000000000000000000000,3932.7198137586768068419388266800000000000000000000000000000000000,1.5040366334613721980000000000000000000000000000000000000000000000,same_tx_swap_flow_allocation
0x16d1ff31d9302109a64f3bd66526e063f468eb87,0xa2c11acb9c1dcefaa986a66d2f8cd3ba3e17445e0e448677ea4d5a1855c9ec22,51173695,222,0xb300000b72deaeb607a12d5f54773d1c19c7028d,297867.568502656021793498,232955.08936409705211093600000000000000000000000,3710.5412742411991849726477260600000000000000000000000000000000000,1.4190662622098653878865796471545223660880806587166562759690948535,same_tx_swap_flow_allocation
0x16d1ff31d9302109a64f3bd66526e063f468eb87,0x41a68d6f62bedb8798170c941669753ed1dc06191a374a5f7edf0e8aa525005b,51173851,328,0x7692acc1cdd771d09ebcae3663e1843b2911bec7,150312.71212854664091767,150312.71212854664091767,2451.34295720919778518416190470,0.936041835592589822,same_tx_swap_flow_allocation
0x16d1ff31d9302109a64f3bd66526e063f468eb87,0x41a68d6f62bedb8798170c941669753ed1dc06191a374a5f7edf0e8aa525005b,51173851,340,0x498581ff718922c3f8e6a244956af099b2652b2b,6592.135902568273843431,0E-67,0E-67,0E-67,unknown_transfer_or_unpriced_swap
0x16d1ff31d9302109a64f3bd66526e063f468eb87,0x41a68d6f62bedb8798170c941669753ed1dc06191a374a5f7edf0e8aa525005b,51173851,350,0x498581ff718922c3f8e6a244956af099b2652b2b,2876.828305640600663093,0E-134,0E-134,0E-134,unknown_transfer_or_unpriced_swap
0x16d1ff31d9302109a64f3bd66526e063f468eb87,0x66d1b4713f290894c550e2a3f8f78309322b36f2cd31961cad0fd1481758004c,51173867,414,0x1231deb6f5749ef6ce6943a275a1d3e7486f4eae,177514.734171342183240801,162539.16166379188059874326138625836233974958498180483973311324501,2675.1044180636229794229443449621310612041547067192968529945661109,1.0214848324352307618759242296021332220244488911317282065156479252,same_tx_swap_flow_allocation
0x16d1ff31d9302109a64f3bd66526e063f468eb87,0x96b55bcdb126d0330d64c017b5b280a742966a698ec273fcf227f047678bc038,51173879,376,0x7692acc1cdd771d09ebcae3663e1843b2911bec7,127901.165885123664480257,127901.165885123664480257,2100.83997653790609153618600345,0.802202768952257997,same_tx_swap_flow_allocation
0x16d1ff31d9302109a64f3bd66526e063f468eb87,0x96b55bcdb126d0330d64c017b5b280a742966a698ec273fcf227f047678bc038,51173879,388,0x498581ff718922c3f8e6a244956af099b2652b2b,5523.400558695144965208,0E-67,0E-67,0E-67,unknown_transfer_or_unpriced_swap
0x16d1ff31d9302109a64f3bd66526e063f468eb87,0x955d0cbb6b05bd25729e865b9bfca678bd1ffacc249c3113a9818d28b30a1cad,51173883,568,0xb300000b72deaeb607a12d5f54773d1c19c7028d,99177.588511834070364056,89357.009923590663798681000000000000000000000000,1479.2782164709022315329702675500000000000000000000000000000000000,0.56486029138655046300000000000000000000000000000000000000000000000,same_tx_swap_flow_allocation
0x16d1ff31d9302109a64f3bd66526e063f468eb87,0x4f4452eb3d200bda9d08bc75ca30db1304f30e04db5865d829dfbd0b10c6cf13,51173916,131,0xb300000b72deaeb607a12d5f54773d1c19c7028d,277892.737926492939825581,205966.98327936492236661800000000000000000000000,3464.1889334100000000000000000000000000000000000000000000000000000,1.3253400000000000000000000000000000000000000000000000000000000000,same_tx_swap_flow_allocation
0x25eded2339466d3b7daf552b24d9b6e09b409b4b,0x897766987499c945b0b656c32bbb7806c6a2684c5fcca97a0227a673a2f7d84e,51173926,276,0x7461bf359d018cbd2bb30c571fdb2009d7ef5780,203.897289200962968677,0E-267,0E-267,0E-267,unknown_transfer_or_unpriced_swap
0xe1fc4bb91ff351818131d109099416fc435d41ae,0x25e3da25915de4c3e945244528f7dc6b42d18046c19e2037b0b9ab9a15b9291a,51174213,38,0xb92fe925dc43a0ecde6c8b1a2709c170ec4fff4f,2327689.183639094575730321,2268675.8024885183177303960000000000000000000000,38996.656824342032115191650000000000000000000000000000000000000000,14.944397027857223597000000000000000000000000000000000000000000000,same_tx_swap_flow_allocation
0x4e3ae00e8323558fa5cac04b152238924aa31b60,0xdce4f768fd0d586de958cb678b3cfc6a2184077eba05fb6dd705ea2cbda0ca89,51174223,27,0xef1313c5fc72844a18c3fcbf5b26b6459e935cb6,29465.461197846066192699,0,0,0,unknown_transfer_or_unpriced_swap
0x4e3ae00e8323558fa5cac04b152238924aa31b60,0x76a46caca8d318e79b97af9eba409bf80de3d547827de3ab86409c84ed4c5575,51174223,28,0xaa5e5c97be235c3b7035bb1492fef2b4167edf05,3077.576579123519633452,0,0,0,unknown_transfer_or_unpriced_swap
0x4e3ae00e8323558fa5cac04b152238924aa31b60,0x047613686817ea151adcffa59d329d2cb2a522a9f63b0711a89ac1a99e7f23b8,51174360,618,0x5f1c5951c5b1cc112ba9e89b9467edca33063453,8667.188576636107573196,0,0,0,unknown_transfer_or_unpriced_swap
0xff3014e22c63aae2a9159d1c4658dff86d01959f,0x087b0346917fb0420fa10d325a37c25d0c72318129ad1238788c6c127deeb5b3,51174383,536,0xb92fe925dc43a0ecde6c8b1a2709c170ec4fff4f,1081086.032336539827660776,1054433.2311044701343043280000000000000000000000,19446.964971663674619668260000000000000000000000000000000000000000,7.4656468952894491910000000000000000000000000000000000000000000000,same_tx_swap_flow_allocation
0x0ca6cadb6a8ca4199788b9a060c3285fe7b897fd,0x161d695a1798111acb49974c70534b21a8cc14ede1fc9a358d0edaa28b93faf6,51174388,2274,0xf01a4dabfd54d1a6a1812a95f7151e8da851de2e,34.126969780640671684,0E-877,0E-877,0E-877,unknown_transfer_or_unpriced_swap
0x25eded2339466d3b7daf552b24d9b6e09b409b4b,0x161d695a1798111acb49974c70534b21a8cc14ede1fc9a358d0edaa28b93faf6,51174388,2297,0xf01a4dabfd54d1a6a1812a95f7151e8da851de2e,3.078383094227410606,0E-2434,0E-2434,0E-2434,unknown_transfer_or_unpriced_swap
0x3fa87fac3430294f5461f9599ed2c9bd7b7eda6d,0x161d695a1798111acb49974c70534b21a8cc14ede1fc9a358d0edaa28b93faf6,51174388,2316,0xf01a4dabfd54d1a6a1812a95f7151e8da851de2e,44.556460383291890517,0E-3713,0E-3713,0E-3713,unknown_transfer_or_unpriced_swap
0x4552df0be3b02bfb80c3444b3f1465ee0bdb224c,0x161d695a1798111acb49974c70534b21a8cc14ede1fc9a358d0edaa28b93faf6,51174388,2324,0xf01a4dabfd54d1a6a1812a95f7151e8da851de2e,10.808157789925861862,0E-4248,0E-4248,0E-4248,unknown_transfer_or_unpriced_swap
0x461d5072f3eef08dedc4a7d74fb6d79f99e25e73,0x161d695a1798111acb49974c70534b21a8cc14ede1fc9a358d0edaa28b93faf6,51174388,2325,0xf01a4dabfd54d1a6a1812a95f7151e8da851de2e,9.111168782239580492,0E-4314,0E-4314,0E-4314,unknown_transfer_or_unpriced_swap
0x68ccd83694d6b664a62982310fcefc9f792f39d6,0x161d695a1798111acb49974c70534b21a8cc14ede1fc9a358d0edaa28b93faf6,51174388,2350,0xf01a4dabfd54d1a6a1812a95f7151e8da851de2e,8.311296376548534518,0E-6006,0E-6006,0E-6006,unknown_transfer_or_unpriced_swap
0x8da2e73785a202263be1b04d3dcc8137181c89c3,0x161d695a1798111acb49974c70534b21a8cc14ede1fc9a358d0edaa28b93faf6,51174388,2386,0xf01a4dabfd54d1a6a1812a95f7151e8da851de2e,48.025650964953530955,0E-8429,0E-8429,0E-8429,unknown_transfer_or_unpriced_swap
0xd8b7f8ee88f4a19933e21724a3227b04cc31e9fe,0x595488f7d35947c644ba940e31414c088de994e446a4d70ccd7efefbe654e3fc,51174389,1952,0xf01a4dabfd54d1a6a1812a95f7151e8da851de2e,9.394879088654087058,0E-2474,0E-2474,0E-2474,unknown_transfer_or_unpriced_swap
0xfc90fd5e560471fab35e3703bf5ea4c54acee766,0x595488f7d35947c644ba940e31414c088de994e446a4d70ccd7efefbe654e3fc,51174389,1975,0xf01a4dabfd54d1a6a1812a95f7151e8da851de2e,5.770445422423828172,0E-4000,0E-4000,0E-4000,unknown_transfer_or_unpriced_swap
0x0c175c6a0065ee05f871a68783d2de432a1e6cbe,0xbb25825c491898d8bb20868af13dffd67b4f078af7090aeea23f6cc33d8d229f,51174403,694,0xfc79a788c12a1334f2e53db267ac35028e0137b3,4.956872272362684532,0E-402,0E-402,0E-402,unknown_transfer_or_unpriced_swap
0x2408ce75d217e3a70d6ca370c78c1b34d706f5a0,0xbb25825c491898d8bb20868af13dffd67b4f078af7090aeea23f6cc33d8d229f,51174403,703,0xfc79a788c12a1334f2e53db267ac35028e0137b3,4.956872272362684532,0E-1006,0E-1006,0E-1006,unknown_transfer_or_unpriced_swap
0xff3014e22c63aae2a9159d1c4658dff86d01959f,0xa01067d7be9b46a18d4e47b8ba4011249dc8f2d6ca536b16c625de83572212e6,51174469,938,0x97caca78ac2a94c67643d07843f85afaa44a3ea5,485738.747568618958014337,485738.74756861895801433700000000000000000000000,8920.9232446883593082254827189308643838428767047537484345252766211,3.4372849972213117773492038495653226104644773728119431113169282719,same_tx_swap_flow_allocation
0xff3014e22c63aae2a9159d1c4658dff86d01959f,0x69c635af6777aad2087f75cbda49b03b5bd4ed20f5321adc06bf98a3ce9b8a58,51174527,237,0x97caca78ac2a94c67643d07843f85afaa44a3ea5,400342.023933554715340912,400342.02393355471534091200000000000000000000000,7448.4400412276141977409527133868665192933469408252577606610576363,2.8628096944136501075376576552201215565033632247048512992153246225,same_tx_swap_flow_allocation
0x977b15009c23651c5357e0e4aa45efa890447f75,0x0c8debf3e09e2d7b65a3bc814c5b58c57605c79374bfb0c05a920979a6f4d6c4,51174542,515,0xb92fe925dc43a0ecde6c8b1a2709c170ec4fff4f,1302894.107245666865589472,1302894.107245666865589472,24829.804296094025362021832592,9.5433411634922864,same_tx_swap_flow_allocation
0x977b15009c23651c5357e0e4aa45efa890447f75,0x58cf3db5b100a2317083dda86b812a7b88b4a3c720a5bccaaefbf4cd56e5ff36,51174551,508,0xb92fe925dc43a0ecde6c8b1a2709c170ec4fff4f,507291.617194944758185658,475255.01475634862916570163273739417703957666536846836534724290975,9317.2766893122527708683287674357623162556138063169250894508806486,3.5810975028405048142041110124437824546689308557236351159645955530,same_tx_swap_flow_allocation
0x67505fc71782403718939b4bb3f6ab39be613f4f,0x5f76b5f088907dacbbe439221aa701cbad93d7f7f10bd4ebafd0cb1c9d1e1f79,51174658,401,0xb92fe925dc43a0ecde6c8b1a2709c170ec4fff4f,251659.980264191357563017,228064.7707172417696025293066133788134648142330822918191061956288,4497.8640175105694152302562310884847964325511396376156712895003489,1.7287551006937207616811794561247165987277886632526034338583975534,same_tx_swap_flow_allocation
0x67505fc71782403718939b4bb3f6ab39be613f4f,0xa592c1855689aabdb9b8e989be2d142499389eb2f0dbc10f3cf7ff6ac633e846,51174709,446,0xb92fe925dc43a0ecde6c8b1a2709c170ec4fff4f,247841.230969571164104486,231551.86882196313025858134856638086374991854081841514355820910754,4649.2325517202812435916086282334611871319734185139902719296800185,1.7837344719352229627892270083689990205612107680585891484732856129,same_tx_swap_flow_allocation
0x67505fc71782403718939b4bb3f6ab39be613f4f,0x7647c58ede18db94baf0390e47fe267a84ee62151eec48449f105e0da6c21e6b,51174748,756,0xb92fe925dc43a0ecde6c8b1a2709c170ec4fff4f,231235.363932365475219797,208301.04602131792866306967536383759243732448252049862936925301412,4191.0071320089622660638314664827915313858340472946819082273180698,1.6079307305728698180919068263018774626834227447552166187961135294,same_tx_swap_flow_allocation
0x6f43d67ee1a636dae48b3afec63f2d20489482ec,0x3b2af9b8143c6cefbf690de3e6714436c43dce1736cbd5c8491aa526a82592cf,51174802,485,0x7692acc1cdd771d09ebcae3663e1843b2911bec7,369354.007143858478732103,369354.007143858478732103,7682.99985508481996,2.952364,same_tx_swap_flow_allocation
0x6f43d67ee1a636dae48b3afec63f2d20489482ec,0x3b2af9b8143c6cefbf690de3e6714436c43dce1736cbd5c8491aa526a82592cf,51174802,524,0xba72e99bc76de8d342da78c0e4fc04d605936e71,128060.647384427330918485,0E-66,0E-66,0E-66,unknown_transfer_or_unpriced_swap
0x4e3ae00e8323558fa5cac04b152238924aa31b60,0x89e5913bf6859a4f3134b914ba1c800dde8abf0458fb8e64f843ac0b855b3c1a,51174871,342,0x6f10424b4f5ce3b80a999c6937226c59ddaf9def,9999.999999999996362021,0,0,0,unknown_transfer_or_unpriced_swap
0x4e3ae00e8323558fa5cac04b152238924aa31b60,0xfad0a2691dce51d5713d32e35d02b7ab3bfcf3a634b1a43f79077274bdb773c6,51174871,428,0xef1313c5fc72844a18c3fcbf5b26b6459e935cb6,2500.663272525186380404,0,0,0,unknown_transfer_or_unpriced_swap
0x862f187ea8714596e5b85efb170d30cbfb632c6a,0x70e0f09e9feb6ad32afe566187feaabae2c0ed2a6366942e309b57eea2c6af49,51174873,1042,0x03a520b32c04bf3beef7beb72e919cf822ed34f1,1537783.753989039872476065,0E-66,0E-66,0E-66,unknown_transfer_or_unpriced_swap
0x211c8e97a504d2d142bc945334d4a88bd3270b4d,0x1f3793d5c9185f1e9639a017bbedf7c52635ea17eb80039f552f383c65093cd0,51174875,526,0x7273a102a1a20dd0eb01c23ce4b57daf6160bf77,231.873186800040888527,0E-1349,0E-1349,0E-1349,unknown_transfer_or_unpriced_swap
0x25eded2339466d3b7daf552b24d9b6e09b409b4b,0x1f3793d5c9185f1e9639a017bbedf7c52635ea17eb80039f552f383c65093cd0,51174875,531,0x7273a102a1a20dd0eb01c23ce4b57daf6160bf77,42.229476318709679539,0E-1684,0E-1684,0E-1684,unknown_transfer_or_unpriced_swap
0x27251ef93006c0f3ea2031d709d0ba9b3c4f3eef,0x1f3793d5c9185f1e9639a017bbedf7c52635ea17eb80039f552f383c65093cd0,51174875,532,0x7273a102a1a20dd0eb01c23ce4b57daf6160bf77,5.892963291730495538,0E-1751,0E-1751,0E-1751,unknown_transfer_or_unpriced_swap
0x461d5072f3eef08dedc4a7d74fb6d79f99e25e73,0x1f3793d5c9185f1e9639a017bbedf7c52635ea17eb80039f552f383c65093cd0,51174875,561,0x7273a102a1a20dd0eb01c23ce4b57daf6160bf77,208.166868603459106073,0E-3701,0E-3701,0E-3701,unknown_transfer_or_unpriced_swap
0x5c3e5b6780dc15b705f606f19b6a9206fea39cdf,0x1f3793d5c9185f1e9639a017bbedf7c52635ea17eb80039f552f383c65093cd0,51174875,576,0x7273a102a1a20dd0eb01c23ce4b57daf6160bf77,82.682373248317919902,0E-4708,0E-4708,0E-4708,unknown_transfer_or_unpriced_swap
0x9622a7905307abe9686999c400b85a7b30775345,0x1f3793d5c9185f1e9639a017bbedf7c52635ea17eb80039f552f383c65093cd0,51174875,619,0x7273a102a1a20dd0eb01c23ce4b57daf6160bf77,287.913150104199971785,0E-7607,0E-7607,0E-7607,unknown_transfer_or_unpriced_swap
0xa122c3ef0ced83be89922d99e8dde8f4e272eaca,0x1f3793d5c9185f1e9639a017bbedf7c52635ea17eb80039f552f383c65093cd0,51174875,628,0x7273a102a1a20dd0eb01c23ce4b57daf6160bf77,206.182141616969079745,0E-8212,0E-8212,0E-8212,unknown_transfer_or_unpriced_swap
0xd8b7f8ee88f4a19933e21724a3227b04cc31e9fe,0x7399f9d4739b98d843993dd9195c8c261ce3d6a38f76ba7b9357da503e6428c1,51174876,469,0x7273a102a1a20dd0eb01c23ce4b57daf6160bf77,68.686855491705256243,0E-739,0E-739,0E-739,unknown_transfer_or_unpriced_swap
0xfc90fd5e560471fab35e3703bf5ea4c54acee766,0x7399f9d4739b98d843993dd9195c8c261ce3d6a38f76ba7b9357da503e6428c1,51174876,500,0x7273a102a1a20dd0eb01c23ce4b57daf6160bf77,127.526071780531831752,0E-2796,0E-2796,0E-2796,unknown_transfer_or_unpriced_swap
0xab55e535ccd715a3ceed631966d234a9601e94f3,0x5bbc192dcc0e94bce87365c9d4c42ce1cf89b62fb18ae604843dcc33241439d0,51175018,92,0x88649f4743a758171077b98ee2003f1989b1615a,286220.788243556130439257,286220.788243556130439257,4991.14567690997907637830,1.915876504965157122,same_tx_swap_flow_allocation
0xab55e535ccd715a3ceed631966d234a9601e94f3,0xf54695659c93dee2d05c4a2eaf80220bbf62c17a46ad3f289b2eab26cc41f3a3,51175033,408,0x88649f4743a758171077b98ee2003f1989b1615a,281781.459949638865128002,228681.40092904512645030300000000000000000000000,4046.8794774797858173412000000000000000000000000000000000000000000,1.5534151497916764168440204978600080609561829453198472256875803697,same_tx_swap_flow_allocation
0x16d1ff31d9302109a64f3bd66526e063f468eb87,0xc9a6620e921fd92cd5540db07cc9be390179ba9b8769173b1cba51e04f3f976b,51175073,401,0xb300000b72deaeb607a12d5f54773d1c19c7028d,144698.686352864068214466,130381.71360740978787465900000000000000000000000,2332.9118250000000000000000000000000000000000000000000000000000000,0.89550000000000000000000000000000000000000000000000000000000000000,same_tx_swap_flow_allocation
0x4e3ae00e8323558fa5cac04b152238924aa31b60,0xf1245b5b978f516caf85352b37b6058d21501fd61aac9312e4ba48df4fde79d8,51175102,304,0x52dd4b87423b0a2e409f89a1571103475344f34b,5411.140000001000393216,0,0,0,unknown_transfer_or_unpriced_swap
0x4e3ae00e8323558fa5cac04b152238924aa31b60,0xf53a12b3be5a0c9fd21fcacf9cff76b5d97a8fa3b52143991940b0081999e12a,51175148,485,0x6f10424b4f5ce3b80a999c6937226c59ddaf9def,9999.999999999996362021,0,0,0,unknown_transfer_or_unpriced_swap
0x16d1ff31d9302109a64f3bd66526e063f468eb87,0x8d8503f30413326e9863fafde1654e2006a20b6fb95f9a47ef9ec03368434442,51175210,835,0x1231deb6f5749ef6ce6943a275a1d3e7486f4eae,284377.655689933537685001,263719.36110274557147065375539376651148753774809463839548381314699,4806.6475344590305008124884400096735707975573811992080861205246341,1.8450559601017332978187392050398915881225869455498562793392029764,same_tx_swap_flow_allocation
0x16d1ff31d9302109a64f3bd66526e063f468eb87,0x6efdf9f0b44a9edcbdc45709f6f9d20ab8de0fe1d7e68c73d82d056b2a94bac2,51175214,977,0xb300000b72deaeb607a12d5f54773d1c19c7028d,280727.623780613706420457,160001.61925926846759705700000000000000000000000,2955.0216450000000000000000000000000000000000000000000000000000000,1.1343000000000000000000000000000000000000000000000000000000000000,same_tx_swap_flow_allocation
0x0ca6cadb6a8ca4199788b9a060c3285fe7b897fd,0x8084cce86fa62d96d66dc9087d8fb960117d2152fe7a002fc1e954e459a95354,51175327,436,0xf01a4dabfd54d1a6a1812a95f7151e8da851de2e,48.152466184278472639,0E-945,0E-945,0E-945,unknown_transfer_or_unpriced_swap
0x211c8e97a504d2d142bc945334d4a88bd3270b4d,0x8084cce86fa62d96d66dc9087d8fb960117d2152fe7a002fc1e954e459a95354,51175327,457,0xf01a4dabfd54d1a6a1812a95f7151e8da851de2e,29.145650709645818919,0E-2365,0E-2365,0E-2365,unknown_transfer_or_unpriced_swap
0x25eded2339466d3b7daf552b24d9b6e09b409b4b,0x8084cce86fa62d96d66dc9087d8fb960117d2152fe7a002fc1e954e459a95354,51175327,460,0xf01a4dabfd54d1a6a1812a95f7151e8da851de2e,4.343536469831196934,0E-2568,0E-2568,0E-2568,unknown_transfer_or_unpriced_swap
0x3fa87fac3430294f5461f9599ed2c9bd7b7eda6d,0x8084cce86fa62d96d66dc9087d8fb960117d2152fe7a002fc1e954e459a95354,51175327,479,0xf01a4dabfd54d1a6a1812a95f7151e8da851de2e,62.868267112150508467,0E-3847,0E-3847,0E-3847,unknown_transfer_or_unpriced_swap
0x4552df0be3b02bfb80c3444b3f1465ee0bdb224c,0x8084cce86fa62d96d66dc9087d8fb960117d2152fe7a002fc1e954e459a95354,51175327,487,0xf01a4dabfd54d1a6a1812a95f7151e8da851de2e,15.250092693227705399,0E-4382,0E-4382,0E-4382,unknown_transfer_or_unpriced_swap
0x461d5072f3eef08dedc4a7d74fb6d79f99e25e73,0x8084cce86fa62d96d66dc9087d8fb960117d2152fe7a002fc1e954e459a95354,51175327,488,0xf01a4dabfd54d1a6a1812a95f7151e8da851de2e,12.855675423457089703,0E-4448,0E-4448,0E-4448,unknown_transfer_or_unpriced_swap
0x68ccd83694d6b664a62982310fcefc9f792f39d6,0x8084cce86fa62d96d66dc9087d8fb960117d2152fe7a002fc1e954e459a95354,51175327,516,0xf01a4dabfd54d1a6a1812a95f7151e8da851de2e,11.72707158859142943,0E-6345,0E-6345,0E-6345,unknown_transfer_or_unpriced_swap
0x8da2e73785a202263be1b04d3dcc8137181c89c3,0x8084cce86fa62d96d66dc9087d8fb960117d2152fe7a002fc1e954e459a95354,51175327,553,0xf01a4dabfd54d1a6a1812a95f7151e8da851de2e,67.763225066051314641,0E-8836,0E-8836,0E-8836,unknown_transfer_or_unpriced_swap
0xd8b7f8ee88f4a19933e21724a3227b04cc31e9fe,0x928e5d689dd83d5865f1b7bf80fa11f50711097034dfbdb8a94760ab98b47711,51175329,153,0xf01a4dabfd54d1a6a1812a95f7151e8da851de2e,13.255984944740914167,0E-3078,0E-3078,0E-3078,unknown_transfer_or_unpriced_swap
0xfc90fd5e560471fab35e3703bf5ea4c54acee766,0x928e5d689dd83d5865f1b7bf80fa11f50711097034dfbdb8a94760ab98b47711,51175329,178,0xf01a4dabfd54d1a6a1812a95f7151e8da851de2e,8.141982129017244235,0E-4737,0E-4737,0E-4737,unknown_transfer_or_unpriced_swap
0x211c8e97a504d2d142bc945334d4a88bd3270b4d,0x36fe055dd1588624bff4f8335f93bbad1a614d9de68b714b39cdfadeea942167,51175349,628,0x7273a102a1a20dd0eb01c23ce4b57daf6160bf77,62.738141875599469593,0E-1486,0E-1486,0E-1486,unknown_transfer_or_unpriced_swap
0x25eded2339466d3b7daf552b24d9b6e09b409b4b,0x36fe055dd1588624bff4f8335f93bbad1a614d9de68b714b39cdfadeea942167,51175349,634,0x7273a102a1a20dd0eb01c23ce4b57daf6160bf77,11.426068331480786306,0E-1888,0E-1888,0E-1888,unknown_transfer_or_unpriced_swap
0x27251ef93006c0f3ea2031d709d0ba9b3c4f3eef,0x36fe055dd1588624bff4f8335f93bbad1a614d9de68b714b39cdfadeea942167,51175349,635,0x7273a102a1a20dd0eb01c23ce4b57daf6160bf77,1.594464509530009618,0E-1955,0E-1955,0E-1955,unknown_transfer_or_unpriced_swap
0x461d5072f3eef08dedc4a7d74fb6d79f99e25e73,0x36fe055dd1588624bff4f8335f93bbad1a614d9de68b714b39cdfadeea942167,51175349,664,0x7273a102a1a20dd0eb01c23ce4b57daf6160bf77,56.323901510464715877,0E-3906,0E-3906,0E-3906,unknown_transfer_or_unpriced_swap
0x5c3e5b6780dc15b705f606f19b6a9206fea39cdf,0x36fe055dd1588624bff4f8335f93bbad1a614d9de68b714b39cdfadeea942167,51175349,679,0x7273a102a1a20dd0eb01c23ce4b57daf6160bf77,22.371445940136296505,0E-4912,0E-4912,0E-4912,unknown_transfer_or_unpriced_swap
0x9622a7905307abe9686999c400b85a7b30775345,0x36fe055dd1588624bff4f8335f93bbad1a614d9de68b714b39cdfadeea942167,51175349,726,0x7273a102a1a20dd0eb01c23ce4b57daf6160bf77,77.900926400192464117,0E-8078,0E-8078,0E-8078,unknown_transfer_or_unpriced_swap
0xa122c3ef0ced83be89922d99e8dde8f4e272eaca,0x36fe055dd1588624bff4f8335f93bbad1a614d9de68b714b39cdfadeea942167,51175349,735,0x7273a102a1a20dd0eb01c23ce4b57daf6160bf77,55.786892100359345703,0E-8683,0E-8683,0E-8683,unknown_transfer_or_unpriced_swap
0xd8b7f8ee88f4a19933e21724a3227b04cc31e9fe,0x0a1c95063ab073932b8603b193965443016ea40261b94ea8fc47891674131157,51175350,372,0x7273a102a1a20dd0eb01c23ce4b57daf6160bf77,18.584665800723117648,0E-1207,0E-1207,0E-1207,unknown_transfer_or_unpriced_swap
0xfc90fd5e560471fab35e3703bf5ea4c54acee766,0x0a1c95063ab073932b8603b193965443016ea40261b94ea8fc47891674131157,51175350,405,0x7273a102a1a20dd0eb01c23ce4b57daf6160bf77,34.504846785516629961,0E-3398,0E-3398,0E-3398,unknown_transfer_or_unpriced_swap
0x4e3ae00e8323558fa5cac04b152238924aa31b60,0x9e949c6937fe93301ae67f26b94c204f9f18a42e21417ce3622c518e9d44921a,51175613,729,0x5f1c5951c5b1cc112ba9e89b9467edca33063453,30176.666867084126637974,0,0,0,unknown_transfer_or_unpriced_swap
0x4e3ae00e8323558fa5cac04b152238924aa31b60,0x587991d9685cd57f0c0d8f34a7075e00567778449154a6acb3c265b7bbf6e36f,51175614,33,0xef1313c5fc72844a18c3fcbf5b26b6459e935cb6,27085.542808896435953312,0,0,0,unknown_transfer_or_unpriced_swap
0x4e3ae00e8323558fa5cac04b152238924aa31b60,0xe08912ce7dfb49b500fbb26592746335c8f213d372fb63d07761e1808139c57d,51175614,282,0x6f10424b4f5ce3b80a999c6937226c59ddaf9def,10000,0,0,0,unknown_transfer_or_unpriced_swap
0x4e3ae00e8323558fa5cac04b152238924aa31b60,0xb570017798824dc996b773550d9c718142209f91b057dfbc672d45e5ca5bf8f5,51175614,395,0x39176583a78443a64cd12ee18f8318dd8ed1268a,7756.07000000000032768,0,0,0,unknown_transfer_or_unpriced_swap
0xf0f349d0ed0673a77e0afcdffe00e8c023645a4e,0x10d227d3b57416fb8799bc92da6ad2adc58b6d589418fd3a3ac02a58a2e1dd5f,51175774,25,0x7692acc1cdd771d09ebcae3663e1843b2911bec7,152922.796196543103872648,152922.796196543103872648,2610.6256136,1,same_tx_swap_flow_allocation
0xab55e535ccd715a3ceed631966d234a9601e94f3,0xd2a51fbb5d6c83da25f03781481bfc7f4001aeea50e5a020771e9bcbf74ad269,51175777,167,0x88649f4743a758171077b98ee2003f1989b1615a,286537.311387064770399787,286537.311387064770399787,4956.4671272264785821344717048,1.898574464835503743,same_tx_swap_flow_allocation
0x4e3ae00e8323558fa5cac04b152238924aa31b60,0xef9d13f720d774486baa2d791130b7d5a8d311574621797182c72f65ac5e9202,51175791,255,0x6f10424b4f5ce3b80a999c6937226c59ddaf9def,35000,0,0,0,unknown_transfer_or_unpriced_swap
0x4e3ae00e8323558fa5cac04b152238924aa31b60,0x3352eeb56d5843a3ca7f11502327445b20f83756ab1863a893e0b52066fd0500,51175791,446,0xef1313c5fc72844a18c3fcbf5b26b6459e935cb6,10294.76465168714621599,0,0,0,unknown_transfer_or_unpriced_swap
0x4e3ae00e8323558fa5cac04b152238924aa31b60,0xb22beb50c56c5257942efd809e69dea2fba5f5fb4ec05328293fcce589856f49,51175791,477,0xaa5e5c97be235c3b7035bb1492fef2b4167edf05,2923.200073700464701537,0,0,0,unknown_transfer_or_unpriced_swap
0x16d1ff31d9302109a64f3bd66526e063f468eb87,0x3b4e99bedd78a8376dc60a6a19429e7071a143db14cb46a1f4d429303d80b5ed,51175934,512,0xb300000b72deaeb607a12d5f54773d1c19c7028d,295942.255280926785327999,237085.54778106739323001800000000000000000000000,4154.8359987433760000000000000000000000000000000000000000000000000,1.5920393929743850292202659125078211165870947667152090900352830584,same_tx_swap_flow_allocation
0x16d1ff31d9302109a64f3bd66526e063f468eb87,0xc9b76eeadb51df331422743af14d9bdb4760355a68ded7484fa7c701ab9ff60f,51175939,101,0xb300000b72deaeb607a12d5f54773d1c19c7028d,291572.11729828062509931,227846.51229921585659487800000000000000000000000,4057.3421460000000000000000000000000000000000000000000000000000000,1.5522000000000000000000000000000000000000000000000000000000000000,same_tx_swap_flow_allocation
0xab55e535ccd715a3ceed631966d234a9601e94f3,0x5ebeb0feab2b2f97501a9dba15527de4e22c11cbcb6a5f62bd011d8429f5f61c,51176082,316,0x88649f4743a758171077b98ee2003f1989b1615a,271804.261385683352044923,262000.0963143567387688700360706819729170902960639166711815045738,4814.8161372427832782419222857224066451212956424503987224516235290,1.8460231872597617823112104798779264879443356334230751060887058668,same_tx_swap_flow_allocation
0x67505fc71782403718939b4bb3f6ab39be613f4f,0x6faca58a268f21be6a2866ce2fee664e8c443d98946f688ba38a69c5b159a4fd,51176183,444,0xb92fe925dc43a0ecde6c8b1a2709c170ec4fff4f,5516.401721040987065067,5516.4017210409870650660000000000000000000001812775882847220153881,101.00818194271697580818168948038039985932541504287845014379645013,0.038727012756916419999992979660525954527942694431383381761359879046,same_tx_swap_flow_allocation
0x4e3ae00e8323558fa5cac04b152238924aa31b60,0xdd1310049cc83d8b1cf26f630cb69c6decf98edb85dd45dc27de4b2bf54b01e5,51176449,75,0xef1313c5fc72844a18c3fcbf5b26b6459e935cb6,27665.514231568305999267,0,0,0,unknown_transfer_or_unpriced_swap
0x4e3ae00e8323558fa5cac04b152238924aa31b60,0xe390cbf176aaa503fd29f041342cce75f22f1ecea1996a5a27b654168a47c2d2,51176449,76,0x39176583a78443a64cd12ee18f8318dd8ed1268a,5420.82999999999967232,0,0,0,unknown_transfer_or_unpriced_swap
0x4e3ae00e8323558fa5cac04b152238924aa31b60,0xc2d785b90db705e2e372a943b1cb9b1ded98baa1399f30d718d5c209e1aaf703,51176605,763,0x6f10424b4f5ce3b80a999c6937226c59ddaf9def,60000,0,0,0,unknown_transfer_or_unpriced_swap
0x4e3ae00e8323558fa5cac04b152238924aa31b60,0xde5fe733e1a5aa87b44c9f0752d30f4613914b4b265d590cba5f8761c3bb0267,51176606,11,0x5f1c5951c5b1cc112ba9e89b9467edca33063453,10324.744466384852113033,0,0,0,unknown_transfer_or_unpriced_swap
0x4e3ae00e8323558fa5cac04b152238924aa31b60,0x62da7bb62cca66048bc352b1bb324fa3f278c2b81768f8394fd595b14cc7f1f5,51176606,238,0x52dd4b87423b0a2e409f89a1571103475344f34b,6732.320000001,0,0,0,unknown_transfer_or_unpriced_swap
0x4e3ae00e8323558fa5cac04b152238924aa31b60,0xc0a6dab102e6c2e4ba07c8c3289363ce75fc874e61c61ce4b26cc996f8d424b8,51176606,273,0x39176583a78443a64cd12ee18f8318dd8ed1268a,6185.880000000000262144,0,0,0,unknown_transfer_or_unpriced_swap
0x4e3ae00e8323558fa5cac04b152238924aa31b60,0xaee21c23ce2e44666c6a8e78170723936cbb0c99f3effdea1975d79ab336d505,51176606,392,0xaa5e5c97be235c3b7035bb1492fef2b4167edf05,5766.934581177985348885,0,0,0,unknown_transfer_or_unpriced_swap
0xf0f349d0ed0673a77e0afcdffe00e8c023645a4e,0xbe3ec9ced594534a57d570427f1592d3fd88a29b0b6b47ced91c236f0cec9a5e,51176685,497,0x7692acc1cdd771d09ebcae3663e1843b2911bec7,73572.919476961459199268,73572.919476961459199268,1284.803784335,0.5,same_tx_swap_flow_allocation
0x4e3ae00e8323558fa5cac04b152238924aa31b60,0xe1ff204527e321d0cea621a9b0d95cd1702a27339b491ef02f3fc5a9d0974580,51176802,162,0x6f10424b4f5ce3b80a999c6937226c59ddaf9def,20000,0,0,0,unknown_transfer_or_unpriced_swap
0x4e3ae00e8323558fa5cac04b152238924aa31b60,0x0eaa78d472c2b234dd4dae4bc0d402dc4c864d15d9e21c114c6939b9ac30f182,51176802,357,0xbd46cf0958e4880633d320eed38785ee432269da,9651.20407791166540272,0,0,0,unknown_transfer_or_unpriced_swap
0x4e3ae00e8323558fa5cac04b152238924aa31b60,0xae0e984b8e7fd4fe7c5dfb37ef208019e401f100b6bbd8fc4348d6bd22779784,51176802,529,0xaa5e5c97be235c3b7035bb1492fef2b4167edf05,3037.558480035297404989,0,0,0,unknown_transfer_or_unpriced_swap
0x4e3ae00e8323558fa5cac04b152238924aa31b60,0x6a5e5b54059e83f659c4f87b0c9e4c0f0f01be87e93f78b4f6a1b954df404f5d,51176843,256,0xef1313c5fc72844a18c3fcbf5b26b6459e935cb6,30393.145451014703267286,0,0,0,unknown_transfer_or_unpriced_swap
0xf0f349d0ed0673a77e0afcdffe00e8c023645a4e,0xc2170946e4d1da88775a2e2a81845935760002e52faa0338aa6e93ef80ee5720,51176897,240,0x7692acc1cdd771d09ebcae3663e1843b2911bec7,82871.701035450759283463,82871.701035450759283463,1282.877985515,0.5,same_tx_swap_flow_allocation
0x211c8e97a504d2d142bc945334d4a88bd3270b4d,0x96c7eaa7e1f570c6c4238f9d044ef4deb81ebf66e28ee2d0a0d931e6d49953ac,51176995,179,0xb92fe925dc43a0ecde6c8b1a2709c170ec4fff4f,97151.511086537195354328,69799.137498396337737297000000000000000000000000,1043.3319695505206118109004684700000000000000000000000000000000000,0.40732620665328573900000000000000000000000000000000000000000000000,same_tx_swap_flow_allocation
0x67505fc71782403718939b4bb3f6ab39be613f4f,0x8b9adf3da902dc9927bfedd7f1ae04bb7fbff7e23ab029b5bae0d344d7c37d6e,51177011,327,0xb92fe925dc43a0ecde6c8b1a2709c170ec4fff4f,329447.46841952092583929,255329.24535942439812375500000000000000000000000,3854.6821312289003410346046414300000000000000000000000000000000000,1.5049026543719288910000000000000000000000000000000000000000000000,same_tx_swap_flow_allocation
0x67505fc71782403718939b4bb3f6ab39be613f4f,0x7b9838cc468b8698e57e03e0e4c0d1165bf2c279dbad853ecd526630250ab619,51177015,559,0xb92fe925dc43a0ecde6c8b1a2709c170ec4fff4f,321865.742290442819756519,251519.67176130139073643100000000000000000000000,3885.5458557860491046846243788300000000000000000000000000000000000,1.5169521306785652710000000000000000000000000000000000000000000000,same_tx_swap_flow_allocation
0x67df1d22c03ce81dcd7c50a65d476b17f4934fd4,0x98f6f8ea46243aedb4ed23d18b59d7274fe0d6f3b1f999974f7badda3f6e1fe5,51177031,32,0x7692acc1cdd771d09ebcae3663e1843b2911bec7,63214.021663944611340702,63214.021663944611340702,988.962818653953,0.3861,same_tx_swap_flow_allocation
0x67505fc71782403718939b4bb3f6ab39be613f4f,0xac8a7fb35f103ef7a85d836887b659231a965953eed3abf51a06ec2b14f368d8,51177095,339,0x9a44d4974cad27175458ee071c189c2619f417c0,207436.472697717668683134,0E-66,0E-66,0E-66,unknown_transfer_or_unpriced_swap
0x4e3ae00e8323558fa5cac04b152238924aa31b60,0xc602385b8a27e732af23fc1aaa3d782cc49177bebbc21202ffb9909cc7006792,51177343,8,0x6f10424b4f5ce3b80a999c6937226c59ddaf9def,20000,0,0,0,unknown_transfer_or_unpriced_swap
0x4e3ae00e8323558fa5cac04b152238924aa31b60,0xcd657355cd92733a15b4cf0b8bd51fe5d13b9e8f1baa2e2c2658cb2e77df2c86,51177343,238,0x52dd4b87423b0a2e409f89a1571103475344f34b,9515.040000001001048576,0,0,0,unknown_transfer_or_unpriced_swap
0x4e3ae00e8323558fa5cac04b152238924aa31b60,0x748982a1310496698a18f3ec74bfd2fdc51ed6524b998a39cec04698129c836b,51177343,565,0xaa5e5c97be235c3b7035bb1492fef2b4167edf05,3242.611261281088610049,0,0,0,unknown_transfer_or_unpriced_swap
0x4e3ae00e8323558fa5cac04b152238924aa31b60,0x9f35ec12d05b178b7c2a8268c9fef41f8d4ee24f69dfc80723819bc6f5986209,51177383,30,0x39176583a78443a64cd12ee18f8318dd8ed1268a,5070.730000000000065536,0,0,0,unknown_transfer_or_unpriced_swap
0x4e3ae00e8323558fa5cac04b152238924aa31b60,0x0da27fe161d83b66a9be8ea0b4c4a5b0f5ea63c1a0891090db372fee4ef48485,51177722,486,0xef1313c5fc72844a18c3fcbf5b26b6459e935cb6,32973.597820344572790607,0,0,0,unknown_transfer_or_unpriced_swap
0x4e3ae00e8323558fa5cac04b152238924aa31b60,0x2a9332b90447de35a5776d20e2b353bec856a89a3ceaffc2b3885921e7e64995,51177722,550,0xbd46cf0958e4880633d320eed38785ee432269da,23004.013311127712219694,0,0,0,unknown_transfer_or_unpriced_swap
0x4e3ae00e8323558fa5cac04b152238924aa31b60,0x89d7cd7902a16bdd2d9123d85ebef4813b715aad87e49f77dd85263d1ed86539,51177722,609,0x6f10424b4f5ce3b80a999c6937226c59ddaf9def,20000,0,0,0,unknown_transfer_or_unpriced_swap
0x4e3ae00e8323558fa5cac04b152238924aa31b60,0xf3c94a292908572b01f7178e81a60a542a4fe7817b8a41859d3e4d67f9e9193e,51177722,635,0x23e829647939359507c491bef51419698fe3a981,5002.569288362512979339,0,0,0,unknown_transfer_or_unpriced_swap
0x4e3ae00e8323558fa5cac04b152238924aa31b60,0x56aee49a867a0c674de2fb629c8434e6649a397c6c4b9da8c00c825c591fafdb,51177971,295,0xef1313c5fc72844a18c3fcbf5b26b6459e935cb6,8010.599357388609589627,0,0,0,unknown_transfer_or_unpriced_swap
0x4e3ae00e8323558fa5cac04b152238924aa31b60,0xce57d66ff9e81572de5437828ee9eb7dd74d1de34fbc335730645f48130837ab,51177971,712,0xaa5e5c97be235c3b7035bb1492fef2b4167edf05,3290.088069383288721768,0,0,0,unknown_transfer_or_unpriced_swap
0x4e3ae00e8323558fa5cac04b152238924aa31b60,0x1001e585cfb50c4b9e7e72a6f983f195de4cbdc4edc7f26f6ee6f6447a978645,51178078,528,0x6f10424b4f5ce3b80a999c6937226c59ddaf9def,20000,0,0,0,unknown_transfer_or_unpriced_swap
0x4e3ae00e8323558fa5cac04b152238924aa31b60,0x577e76fcf2a19d4baea7011d7f23188e7bfde2f10b2eea9ccd0782a87defdee9,51178078,552,0x39176583a78443a64cd12ee18f8318dd8ed1268a,6781.889999999999934464,0,0,0,unknown_transfer_or_unpriced_swap
0x4e3ae00e8323558fa5cac04b152238924aa31b60,0xffb6b7691b0417f12d0cd0f97eccf0843144793ea04d913e2c388812ca810da5,51178078,658,0x23e829647939359507c491bef51419698fe3a981,6725.845441624521426165,0,0,0,unknown_transfer_or_unpriced_swap
0x4e3ae00e8323558fa5cac04b152238924aa31b60,0x38d79109ba11c8b78a4cfa10aca41cfa8b0a1041382528957a1f1a21f9f2b1e4,51178079,38,0xaa5e5c97be235c3b7035bb1492fef2b4167edf05,3349.956772501341415266,0,0,0,unknown_transfer_or_unpriced_swap
0x4e3ae00e8323558fa5cac04b152238924aa31b60,0xf3283115e60bbbbccb9bd4a5c50e9884c1439ca03fdb635f40eb5ab9e1d719d2,51178118,31,0x5f1c5951c5b1cc112ba9e89b9467edca33063453,38325.396469657577484516,0,0,0,unknown_transfer_or_unpriced_swap
0x4e3ae00e8323558fa5cac04b152238924aa31b60,0x9ae05f2adac4dd5ffd3acd8cbac079b236608af0b57fb3e40168f64bd2236612,51178246,457,0xef1313c5fc72844a18c3fcbf5b26b6459e935cb6,7759.183090482696120804,0,0,0,unknown_transfer_or_unpriced_swap
0x4e3ae00e8323558fa5cac04b152238924aa31b60,0x730d8acaa86386f525ea82a0fc8b625589f5be54d2aea5a8e7113db84688a87f,51178386,574,0x6f10424b4f5ce3b80a999c6937226c59ddaf9def,20000,0,0,0,unknown_transfer_or_unpriced_swap
0x0ca6cadb6a8ca4199788b9a060c3285fe7b897fd,0x39a94a818a6d2d27d2181e703629a9941bcecb6f674df4c945bf58ea05901774,51178527,354,0xf01a4dabfd54d1a6a1812a95f7151e8da851de2e,46.352974382351011814,0E-877,0E-877,0E-877,unknown_transfer_or_unpriced_swap
0x25eded2339466d3b7daf552b24d9b6e09b409b4b,0x39a94a818a6d2d27d2181e703629a9941bcecb6f674df4c945bf58ea05901774,51178527,378,0xf01a4dabfd54d1a6a1812a95f7151e8da851de2e,4.181215432339121039,0E-2502,0E-2502,0E-2502,unknown_transfer_or_unpriced_swap
0x3fa87fac3430294f5461f9599ed2c9bd7b7eda6d,0x39a94a818a6d2d27d2181e703629a9941bcecb6f674df4c945bf58ea05901774,51178527,397,0xf01a4dabfd54d1a6a1812a95f7151e8da851de2e,60.51883539588594677,0E-3781,0E-3781,0E-3781,unknown_transfer_or_unpriced_swap
0x4552df0be3b02bfb80c3444b3f1465ee0bdb224c,0x39a94a818a6d2d27d2181e703629a9941bcecb6f674df4c945bf58ea05901774,51178527,405,0xf01a4dabfd54d1a6a1812a95f7151e8da851de2e,14.680185916800604504,0E-4316,0E-4316,0E-4316,unknown_transfer_or_unpriced_swap
0x461d5072f3eef08dedc4a7d74fb6d79f99e25e73,0x39a94a818a6d2d27d2181e703629a9941bcecb6f674df4c945bf58ea05901774,51178527,406,0xf01a4dabfd54d1a6a1812a95f7151e8da851de2e,12.375249718069140182,0E-4382,0E-4382,0E-4382,unknown_transfer_or_unpriced_swap
0x68ccd83694d6b664a62982310fcefc9f792f39d6,0x39a94a818a6d2d27d2181e703629a9941bcecb6f674df4c945bf58ea05901774,51178527,433,0xf01a4dabfd54d1a6a1812a95f7151e8da851de2e,11.288822608704773797,0E-6211,0E-6211,0E-6211,unknown_transfer_or_unpriced_swap
0x8da2e73785a202263be1b04d3dcc8137181c89c3,0x39a94a818a6d2d27d2181e703629a9941bcecb6f674df4c945bf58ea05901774,51178527,467,0xf01a4dabfd54d1a6a1812a95f7151e8da851de2e,62.233280373519173625,0E-8500,0E-8500,0E-8500,unknown_transfer_or_unpriced_swap
0xd8b7f8ee88f4a19933e21724a3227b04cc31e9fe,0x70dad4a01111bd719eb1371324ffb74de7ee691becd3ffcb8005c68de45d850b,51178529,157,0xf01a4dabfd54d1a6a1812a95f7151e8da851de2e,12.760599388718794215,0E-2810,0E-2810,0E-2810,unknown_transfer_or_unpriced_swap
0xfc90fd5e560471fab35e3703bf5ea4c54acee766,0x70dad4a01111bd719eb1371324ffb74de7ee691becd3ffcb8005c68de45d850b,51178529,184,0xf01a4dabfd54d1a6a1812a95f7151e8da851de2e,7.837710484102200618,0E-4602,0E-4602,0E-4602,unknown_transfer_or_unpriced_swap
0x4e3ae00e8323558fa5cac04b152238924aa31b60,0x9c1c424f03f228f36d63887f08c8d4ea9541c11341756dfbcb10256949bcf61d,51178799,313,0x6f10424b4f5ce3b80a999c6937226c59ddaf9def,20000,0,0,0,unknown_transfer_or_unpriced_swap
0x4e3ae00e8323558fa5cac04b152238924aa31b60,0xca865c1abfe1cdfce8f80b27aa7547a47216b3054f330fce7291a5e07f2bb6f6,51178799,389,0x52dd4b87423b0a2e409f89a1571103475344f34b,9888.700000001001703936,0,0,0,unknown_transfer_or_unpriced_swap
0x4e3ae00e8323558fa5cac04b152238924aa31b60,0x7835f5f9830d08a1cf1fd12d87874c30900b4f0dff55088ed68065cbc50c2638,51178800,42,0xef1313c5fc72844a18c3fcbf5b26b6459e935cb6,5583.305496743770487196,0,0,0,unknown_transfer_or_unpriced_swap
0x4e3ae00e8323558fa5cac04b152238924aa31b60,0x904d481260d6a16ec0b5f5a9763d3aeeefe1a8f2b210249134f4ce986073657e,51178800,634,0x6c3cb7ba347a2c93cf73f03e71030666871f6bfd,3509.699303261101072549,0,0,0,unknown_transfer_or_unpriced_swap
0x4e3ae00e8323558fa5cac04b152238924aa31b60,0x39ebd6bfb7d7e0aad38e92decc3ac34c0c6feca1107666fc03abf2175f887bcc,51178800,1154,0xaa5e5c97be235c3b7035bb1492fef2b4167edf05,3274.183071823676570064,0,0,0,unknown_transfer_or_unpriced_swap
0x211c8e97a504d2d142bc945334d4a88bd3270b4d,0xa8ad06048410029e505bc1a385d236e73eeba15b418b3fbe7b4bcddf15a7cc89,51179924,499,0x7273a102a1a20dd0eb01c23ce4b57daf6160bf77,75.938200121729387231,0E-1349,0E-1349,0E-1349,unknown_transfer_or_unpriced_swap
0x25eded2339466d3b7daf552b24d9b6e09b409b4b,0xa8ad06048410029e505bc1a385d236e73eeba15b418b3fbe7b4bcddf15a7cc89,51179924,505,0x7273a102a1a20dd0eb01c23ce4b57daf6160bf77,14.408386060161777721,0E-1751,0E-1751,0E-1751,unknown_transfer_or_unpriced_swap
0x27251ef93006c0f3ea2031d709d0ba9b3c4f3eef,0xa8ad06048410029e505bc1a385d236e73eeba15b418b3fbe7b4bcddf15a7cc89,51179924,506,0x7273a102a1a20dd0eb01c23ce4b57daf6160bf77,2.010635640016127476,0E-1818,0E-1818,0E-1818,unknown_transfer_or_unpriced_swap
0x461d5072f3eef08dedc4a7d74fb6d79f99e25e73,0xa8ad06048410029e505bc1a385d236e73eeba15b418b3fbe7b4bcddf15a7cc89,51179924,531,0x7273a102a1a20dd0eb01c23ce4b57daf6160bf77,71.02500123698558869,0E-3500,0E-3500,0E-3500,unknown_transfer_or_unpriced_swap
0x5c3e5b6780dc15b705f606f19b6a9206fea39cdf,0xa8ad06048410029e505bc1a385d236e73eeba15b418b3fbe7b4bcddf15a7cc89,51179924,546,0x7273a102a1a20dd0eb01c23ce4b57daf6160bf77,28.210616327352972891,0E-4507,0E-4507,0E-4507,unknown_transfer_or_unpriced_swap
0x9622a7905307abe9686999c400b85a7b30775345,0xa8ad06048410029e505bc1a385d236e73eeba15b418b3fbe7b4bcddf15a7cc89,51179924,589,0x7273a102a1a20dd0eb01c23ce4b57daf6160bf77,98.233844701045856922,0E-7403,0E-7403,0E-7403,unknown_transfer_or_unpriced_swap
0xa122c3ef0ced83be89922d99e8dde8f4e272eaca,0xa8ad06048410029e505bc1a385d236e73eeba15b418b3fbe7b4bcddf15a7cc89,51179924,596,0x7273a102a1a20dd0eb01c23ce4b57daf6160bf77,70.347827017974492982,0E-7873,0E-7873,0E-7873,unknown_transfer_or_unpriced_swap
0xd8b7f8ee88f4a19933e21724a3227b04cc31e9fe,0xca8ab26c2feea36810c2af8be8e204038c87bc6b99d4d3403e09f99fe3f80073,51179925,605,0x7273a102a1a20dd0eb01c23ce4b57daf6160bf77,23.435448825221702436,0E-267,0E-267,0E-267,unknown_transfer_or_unpriced_swap
0xfc90fd5e560471fab35e3703bf5ea4c54acee766,0xca8ab26c2feea36810c2af8be8e204038c87bc6b99d4d3403e09f99fe3f80073,51179925,636,0x7273a102a1a20dd0eb01c23ce4b57daf6160bf77,43.510955738177815457,0E-2326,0E-2326,0E-2326,unknown_transfer_or_unpriced_swap
0x4e3ae00e8323558fa5cac04b152238924aa31b60,0x9d2d60e10e1e71acbddc70da0403de4456a27a4650c655b0819dee6fdbec36d6,51180083,2,0x6065d52d3d767ebba6b81059941d206b5b9ee5c2,195000,0,0,0,unknown_transfer_or_unpriced_swap
0x10b321e762b85df47782ac8dff9075b6428d98e6,0x0813a66017a2f9c18ebceae3d183a5f0f395b66e8c188c62aa851160170b5728,51180586,33,0xb92fe925dc43a0ecde6c8b1a2709c170ec4fff4f,1049941.952406541747187149,996930.93368340506301433600000000000000000000000,16117.137001830946439976082768030000000000000000000000000000000000,6.3540732131539842290000000000000000000000000000000000000000000000,same_tx_swap_flow_allocation
0x6bedb945248804545c38d8b10f2116b8fde57a61,0x2dfd6e1f1109f1192fa45d392c8f5f761e53ae75aa64bbf11d0e76d05719fff3,51181177,222,0xfdf682f51fe81aa4898f0ae2163d8a55c127fbc7,805725.711846733401729232,726312.16365408712577260800000000000000000000000,12525.796894946579138594644600000000000000000000000000000000000000,4.9196619819853161610000000000000000000000000000000000000000000000,same_tx_swap_flow_allocation
0x6bedb945248804545c38d8b10f2116b8fde57a61,0x9cb91feb41dba31959920ee9f61110b921af95c32b83581cf6c394db232ce6ad,51181208,1151,0x7692acc1cdd771d09ebcae3663e1843b2911bec7,555880.161126250522061649,555880.161126250522061649,9923.8931532453582729371322,3.897732038031244827,same_tx_swap_flow_allocation
0x6bedb945248804545c38d8b10f2116b8fde57a61,0x9cb91feb41dba31959920ee9f61110b921af95c32b83581cf6c394db232ce6ad,51181208,1159,0x498581ff718922c3f8e6a244956af099b2652b2b,28904.160703068681847999,0E-66,0E-66,0E-66,unknown_transfer_or_unpriced_swap
0x6bedb945248804545c38d8b10f2116b8fde57a61,0xaeb52729497bd3db3053668b93f76708e43e9414491809e2efa576d623fa7372,51181274,233,0x9b824dd3ec24280e40ef43015ccf3073bf4cc7a9,844791.46507249073030056,802240.88347085019456184783739533817236699802194247075579064649213,14882.233333631041265189799081847406243971528005996002285022927002,5.8451816002251633224610676561689682061086366667402450527149688746,same_tx_swap_flow_allocation
0x6bedb945248804545c38d8b10f2116b8fde57a61,0x047a59e4badb65818bb5038369f94aec35e8706775623d97e7569638712c887d,51181307,66,0x9b824dd3ec24280e40ef43015ccf3073bf4cc7a9,821388.25817159368875183,233412.3961242262458538640471779955265057211550991587412066757069,4407.3134241226613433433007025126378934266855279021038309516512050,1.7310269739482515684547151253161984297778486910769426365619729198,same_tx_swap_flow_allocation
0x4e3ae00e8323558fa5cac04b152238924aa31b60,0x2b8fece4bfcb130d52a461e20c05c5e673d7534043203e7191e3ac3ded0d51d2,51181365,581,0x39176583a78443a64cd12ee18f8318dd8ed1268a,2657.959999999999868928,0,0,0,unknown_transfer_or_unpriced_swap
0x4e3ae00e8323558fa5cac04b152238924aa31b60,0xe6f6ceeef42a90a3bb7bdf830f0986355acb376d636b386aab2b1ee37e169d02,51181403,141,0x01274f12052756f24e09509f7e828fbc7e991023,11553.044005484891884039,0,0,0,unknown_transfer_or_unpriced_swap
0x4e3ae00e8323558fa5cac04b152238924aa31b60,0x5b6d3412f39f3eea2c76ca0d61aeb06f84a25fea4272c300b1616d52ea201c55,51181575,213,0xef1313c5fc72844a18c3fcbf5b26b6459e935cb6,9445.609099915111862772,0,0,0,unknown_transfer_or_unpriced_swap
0x4e3ae00e8323558fa5cac04b152238924aa31b60,0x949aca33c171ca0d060decf42c2da3676460b6f018d926d7df0ac38dbd354972,51181885,294,0x6f10424b4f5ce3b80a999c6937226c59ddaf9def,40000,0,0,0,unknown_transfer_or_unpriced_swap
0x4e3ae00e8323558fa5cac04b152238924aa31b60,0xf6b276257db71d77e81ee6202cf24799a87e5146c29f2df5d2785c8f96e9ba84,51181885,328,0xef1313c5fc72844a18c3fcbf5b26b6459e935cb6,13793.877884588248364719,0,0,0,unknown_transfer_or_unpriced_swap
0x4e3ae00e8323558fa5cac04b152238924aa31b60,0x4ad8c8b64876bb1d7cbebd6ea4cd5700552107644bebc43f22d5b35d9d677c2b,51181885,335,0x52dd4b87423b0a2e409f89a1571103475344f34b,9246.460000002000131072,0,0,0,unknown_transfer_or_unpriced_swap
0x4e3ae00e8323558fa5cac04b152238924aa31b60,0xb81b878d15f15d5bd9bbb0072e4b7f58f7b78ea9f6486c11ef638e532628617a,51182001,263,0x6f10424b4f5ce3b80a999c6937226c59ddaf9def,20000,0,0,0,unknown_transfer_or_unpriced_swap
0x4e3ae00e8323558fa5cac04b152238924aa31b60,0x5cf5584c0d2bfe3e569ff10a8595224bf42b20f0642a2124401a4bb9e7d7636d,51182001,388,0x52dd4b87423b0a2e409f89a1571103475344f34b,8153.290000002000458752,0,0,0,unknown_transfer_or_unpriced_swap
0x4e3ae00e8323558fa5cac04b152238924aa31b60,0x9b0057ceaadc422d262da3aa4849037c84fab394a65ea78660c1f801b6315b3f,51182001,436,0xef1313c5fc72844a18c3fcbf5b26b6459e935cb6,4266.793301304821668062,0,0,0,unknown_transfer_or_unpriced_swap
0x977b15009c23651c5357e0e4aa45efa890447f75,0x192ff2f171d90b707561e8b4e50cf8f91dbc98d396206a672a840b6ed4e37b4b,51182065,247,0xb92fe925dc43a0ecde6c8b1a2709c170ec4fff4f,302275.393956974540254473,236145.66911615202610357400000000000000000000000,3492.3327780787970571873790587000000000000000000000000000000000000,1.3772654781234192900000000000000000000000000000000000000000000000,same_tx_swap_flow_allocation
0x4e3ae00e8323558fa5cac04b152238924aa31b60,0x9a7f2f7c79f26f3b55f62ed83c532fd23c7a15a2161707210111fc74c4704a47,51182198,8,0xef1313c5fc72844a18c3fcbf5b26b6459e935cb6,33707.719152134197431676,0,0,0,unknown_transfer_or_unpriced_swap
0x4e3ae00e8323558fa5cac04b152238924aa31b60,0xb6fceeb4e96562d34478d1686414f37b4c731c3e9b640474bb6b7856b9bb6fe7,51182198,9,0x6f10424b4f5ce3b80a999c6937226c59ddaf9def,20000,0,0,0,unknown_transfer_or_unpriced_swap
0x4e3ae00e8323558fa5cac04b152238924aa31b60,0xe329fadd6db709714217b1964f457c7c6cb00a3ea419ca73c2423601aceae039,51182198,224,0x52dd4b87423b0a2e409f89a1571103475344f34b,8148.770000001000196608,0,0,0,unknown_transfer_or_unpriced_swap
0x4e3ae00e8323558fa5cac04b152238924aa31b60,0xdc11827010ab153da42ac5a248922e633eea4581eaed63df50324f97487a6a64,51182198,260,0x5f1c5951c5b1cc112ba9e89b9467edca33063453,7260.711005418409599131,0,0,0,unknown_transfer_or_unpriced_swap
0x4e3ae00e8323558fa5cac04b152238924aa31b60,0x96a9cace883137cf1f0b38992769b621c29c987a660a4814203ed3bc69fbd12d,51182198,308,0xaa5e5c97be235c3b7035bb1492fef2b4167edf05,6171.051939402403436848,0,0,0,unknown_transfer_or_unpriced_swap
0x4e3ae00e8323558fa5cac04b152238924aa31b60,0x95813d65942098c9da9af85bba1fdb77245553839f2d3d793ea284b62d52a869,51182373,214,0x52dd4b87423b0a2e409f89a1571103475344f34b,11087.290000001715761987,0,0,0,unknown_transfer_or_unpriced_swap
0xf0f349d0ed0673a77e0afcdffe00e8c023645a4e,0x75f4c8fea8375d7b543a5cb2212d0e91d77ac512534c94ed8f0fb677339aa0b7,51182413,342,0x7692acc1cdd771d09ebcae3663e1843b2911bec7,86179.79996813379349577,86179.79996813379349577,1272.300784565,0.5,same_tx_swap_flow_allocation
0xf99d7a743d1b5b2ff28c22b2005cd98def3591de,0xe40b9dd35039dda008899dd87e0e48f91884eb75de58ae0843e3513cce460a02,51182498,34,0xb92fe925dc43a0ecde6c8b1a2709c170ec4fff4f,75049.251002262790014359,58634.822386997857062237000000000000000000000000,872.03311293331664851125720000000000000000000000000000000000000000,0.34341319629041061700000000000000000000000000000000000000000000000,same_tx_swap_flow_allocation
0x4e3ae00e8323558fa5cac04b152238924aa31b60,0x7598faae982b473c39b689aee44afe6daba1aff2917191e56d8618b099f3282d,51182723,153,0xef1313c5fc72844a18c3fcbf5b26b6459e935cb6,29903.382705677178231141,0,0,0,unknown_transfer_or_unpriced_swap
0x4e3ae00e8323558fa5cac04b152238924aa31b60,0xa7d70142426031d80b6742c745bce18bb792a69ead91869c448b8ee06ed8a9d3,51182723,255,0x6f10424b4f5ce3b80a999c6937226c59ddaf9def,20000,0,0,0,unknown_transfer_or_unpriced_swap
0x4e3ae00e8323558fa5cac04b152238924aa31b60,0x44dfea79ca4d9658328642196834a5bdf38859ac1e4647f19d7457ee77579f4c,51182723,311,0x52dd4b87423b0a2e409f89a1571103475344f34b,18036.830000002000851968,0,0,0,unknown_transfer_or_unpriced_swap
0x4e3ae00e8323558fa5cac04b152238924aa31b60,0xb3e3d0c6ee19c80d498565a19c5728a0438f3700f5aaed3827673ca3c9954cb6,51182723,359,0xbd46cf0958e4880633d320eed38785ee432269da,12246.966582061922587725,0,0,0,unknown_transfer_or_unpriced_swap
0xf99d7a743d1b5b2ff28c22b2005cd98def3591de,0xe800869fa19566e75d4d8ce72436c6d140186bc779321a5cb57f32f1d9e5c398,51183018,361,0xb92fe925dc43a0ecde6c8b1a2709c170ec4fff4f,18990.192038526415008213,14237.824826446785867779000000000000000000000000,185.69608266997967168058059058000000000000000000000000000000000000,0.072979762412916608885095293304001717711754583443647148696649954350,same_tx_swap_flow_allocation
0x67df1d22c03ce81dcd7c50a65d476b17f4934fd4,0x7d6af959a2d73c049ffa1570666715016c98e3807cfb6fae1d051788b34eb0a6,51183024,183,0x7692acc1cdd771d09ebcae3663e1843b2911bec7,157641.530281076179944788,157641.530281076179944788,2071.15672868773812,0.813978,same_tx_swap_flow_allocation
0xfc90fd5e560471fab35e3703bf5ea4c54acee766,0x90385a3f1a82a3678d1a3fa8233e8dac824424bad2dbf81f0d5ff75b4b2b8539,51183030,48,0xb92fe925dc43a0ecde6c8b1a2709c170ec4fff4f,57922.632984845613911778,11522.166064886279791924000000000000000000000000,152.38876707636277843382092494000000000000000000000000000000000000,0.059889771801999111000000000000000000000000000000000000000000000000,same_tx_swap_flow_allocation
0xf99d7a743d1b5b2ff28c22b2005cd98def3591de,0x6574da24b1f47245b4da6deecf08264b6c7bdd3414db24cfcd8920fafb2da977,51183050,754,0xb92fe925dc43a0ecde6c8b1a2709c170ec4fff4f,23429.040351802953503236,10974.157110429578433501000000000000000000000000,145.55275698804170873416977428000000000000000000000000000000000000,0.057203175591003082000000000000000000000000000000000000000000000000,same_tx_swap_flow_allocation
0x4e3ae00e8323558fa5cac04b152238924aa31b60,0x822ea463b7ff0a7fcf0bffbf855120ba64dbbaaf9784b1a0fcfcf8b0f52b2208,51183102,282,0xef1313c5fc72844a18c3fcbf5b26b6459e935cb6,38427.355072697416529508,0,0,0,unknown_transfer_or_unpriced_swap
0x4e3ae00e8323558fa5cac04b152238924aa31b60,0xe777f625b2b2cc81dc35ce022255d039f183689a8bc4741574ca17acda40d527,51183103,8,0xbd46cf0958e4880633d320eed38785ee432269da,12433.597109061435623101,0,0,0,unknown_transfer_or_unpriced_swap
0x4e3ae00e8323558fa5cac04b152238924aa31b60,0x739c6676b91bd3044f49a34b71962b09325a4b45acc18570c9905e4b49bd9558,51183103,9,0x6c3cb7ba347a2c93cf73f03e71030666871f6bfd,3924.759938547318387109,0,0,0,unknown_transfer_or_unpriced_swap
0xf0f349d0ed0673a77e0afcdffe00e8c023645a4e,0x72ffd7c4395665d849e5f08615aa311a495e8c0ff334b0259fe1b4939d2a3039,51183131,940,0x7692acc1cdd771d09ebcae3663e1843b2911bec7,95255.664742556297646426,95255.664742556297646426,1272.243677770,0.5,same_tx_swap_flow_allocation
0x977b15009c23651c5357e0e4aa45efa890447f75,0xd4927b871e433e5ba40f8626438eb735da99c62499a118eb041974528855b5a3,51183260,592,0xb92fe925dc43a0ecde6c8b1a2709c170ec4fff4f,183431.980674147106648228,120353.68386895195566679200000000000000000000000,1633.7840534238289055065431724200000000000000000000000000000000000,0.64208770771317177300000000000000000000000000000000000000000000000,same_tx_swap_flow_allocation
0x4e3ae00e8323558fa5cac04b152238924aa31b60,0xe04eee1489251e06d65d0882500f3ce5bb96903ad02c29dc1a391d498a666103,51185066,11,0x6f10424b4f5ce3b80a999c6937226c59ddaf9def,20000,0,0,0,unknown_transfer_or_unpriced_swap
0x4e3ae00e8323558fa5cac04b152238924aa31b60,0x2629e1efdcacdd261dc316cc9e064d1654a54d5514b9af29681128793e178426,51185066,133,0xef1313c5fc72844a18c3fcbf5b26b6459e935cb6,5875.568541439360513685,0,0,0,unknown_transfer_or_unpriced_swap
0x4e3ae00e8323558fa5cac04b152238924aa31b60,0x6e9d8501ca11f2230ad2f8c13f2c79fe4316b278a807ad751e78d13225a433b2,51185066,143,0x23e829647939359507c491bef51419698fe3a981,3412.576960206946773999,0,0,0,unknown_transfer_or_unpriced_swap
0x4e3ae00e8323558fa5cac04b152238924aa31b60,0xb8f97758cb0bb981e0873c2cccee60167385adfd6d5f127012437111afbe3cd3,51185389,49,0xef1313c5fc72844a18c3fcbf5b26b6459e935cb6,17484.187622916176991926,0,0,0,unknown_transfer_or_unpriced_swap
0x4e3ae00e8323558fa5cac04b152238924aa31b60,0x61e578e836aeaa29bec6e92856bf19277d5dc144541fee5c1cf5b5555e523fe8,51185389,50,0x5f1c5951c5b1cc112ba9e89b9467edca33063453,4549.403121602213769835,0,0,0,unknown_transfer_or_unpriced_swap
0x4e3ae00e8323558fa5cac04b152238924aa31b60,0x77f7fa103144b34e145c551e2e9296a3eee31cdd9d7b90932ed122dbd5e4bd97,51186269,40,0x52dd4b87423b0a2e409f89a1571103475344f34b,5042.040000001000262144,0,0,0,unknown_transfer_or_unpriced_swap
0x4e3ae00e8323558fa5cac04b152238924aa31b60,0x277a76a8e08d8a571bacdbf586a084d54fa0da1a681dec5281cbd4ae6059379b,51186492,443,0x5f1c5951c5b1cc112ba9e89b9467edca33063453,28797.669425918437185475,0,0,0,unknown_transfer_or_unpriced_swap
0x4e3ae00e8323558fa5cac04b152238924aa31b60,0x0196d78dfd0d81f8922a5b3bc6cd885fa99a40b1a254786733f6e27b524800bd,51186713,213,0x8e410ada6a24ad294241ecba8e63296d84efaf95,25500,0,0,0,unknown_transfer_or_unpriced_swap
0x4e3ae00e8323558fa5cac04b152238924aa31b60,0x6659ff1d9c372380e0e6e192c6d6c8398fcd2ab80b35facb04e71672bb9e289b,51186854,161,0x6f10424b4f5ce3b80a999c6937226c59ddaf9def,20000,0,0,0,unknown_transfer_or_unpriced_swap
0x4e3ae00e8323558fa5cac04b152238924aa31b60,0xe135f59d06be6c243b0a0b6b3cfdb145182ab7ee793c227659b399152db07631,51186854,728,0xef1313c5fc72844a18c3fcbf5b26b6459e935cb6,5823.462572871748704804,0,0,0,unknown_transfer_or_unpriced_swap
0xf0f349d0ed0673a77e0afcdffe00e8c023645a4e,0xd3f384236d4021695336cc10ac743b3e9a88323eac7507a32e1d30ecc9d2f8a9,51186862,287,0x7692acc1cdd771d09ebcae3663e1843b2911bec7,57490.764030666765303703,57490.764030666765303703,760.6485,0.3,same_tx_swap_flow_allocation
0xf0f349d0ed0673a77e0afcdffe00e8c023645a4e,0x401c043898de82b4ab830abc71b84ffb15ed0700a9f74ff422ad53f9e6f237bd,51186869,402,0x7692acc1cdd771d09ebcae3663e1843b2911bec7,19086.994613685502282017,19086.994613685502282017,253.5495,0.1,same_tx_swap_flow_allocation
0x4e3ae00e8323558fa5cac04b152238924aa31b60,0x16af962992e7cdaa1b59afe350b7bb9e4080851b65f385c14a9e4b55f4562fd2,51186983,199,0xaa5e5c97be235c3b7035bb1492fef2b4167edf05,3734.743001707986311482,0,0,0,unknown_transfer_or_unpriced_swap
0x4e3ae00e8323558fa5cac04b152238924aa31b60,0x9100889f07a1f6df663e023f424b9f8a004741d049e319b4e99faf4e183ee859,51187162,296,0x52dd4b87423b0a2e409f89a1571103475344f34b,13348.280000002000262144,0,0,0,unknown_transfer_or_unpriced_swap
0x4e3ae00e8323558fa5cac04b152238924aa31b60,0xa94786a38b57e991bfa5dd7eea4722a79802b6bb95110e13dc988b0038e089ba,51187162,352,0xef1313c5fc72844a18c3fcbf5b26b6459e935cb6,10838.914942024354914142,0,0,0,unknown_transfer_or_unpriced_swap
0x4e3ae00e8323558fa5cac04b152238924aa31b60,0x0b48ae18fec1a1f95d77fbee875940e7b616814f9a7f62bc18a8251c72968668,51187163,3,0x39176583a78443a64cd12ee18f8318dd8ed1268a,4895.009999999999934464,0,0,0,unknown_transfer_or_unpriced_swap
0x4e3ae00e8323558fa5cac04b152238924aa31b60,0x94f30fc631d46558e8cab997b9ba259a97cc845dcebd71f9b1024c1448f083be,51187163,4,0xaa5e5c97be235c3b7035bb1492fef2b4167edf05,3796.807969510721752766,0,0,0,unknown_transfer_or_unpriced_swap
0x4e3ae00e8323558fa5cac04b152238924aa31b60,0xf19e36a89eb021967097f32b8f70acc9d41aa679163a4c366cf8d5582aa444b7,51187208,16,0x6f10424b4f5ce3b80a999c6937226c59ddaf9def,20000,0,0,0,unknown_transfer_or_unpriced_swap
0x4e3ae00e8323558fa5cac04b152238924aa31b60,0xf353092527455be40b8f829966e9e291083d70b8a42450378429cf5b93719858,51187519,31,0x6f10424b4f5ce3b80a999c6937226c59ddaf9def,40000,0,0,0,unknown_transfer_or_unpriced_swap
0x4e3ae00e8323558fa5cac04b152238924aa31b60,0x88ece79447e8f2d505425b664636cc4d9b924c01fe5f6ed36bb02584236192d2,51187519,405,0x52dd4b87423b0a2e409f89a1571103475344f34b,17810.34000000099934464,0,0,0,unknown_transfer_or_unpriced_swap
0x4e3ae00e8323558fa5cac04b152238924aa31b60,0xa5327d2672e2a63d2b7dfe81557a8c578c165f755033e45ddf6d0a8abe2e5e84,51187519,1064,0xbd46cf0958e4880633d320eed38785ee432269da,16891.560143366685270558,0,0,0,unknown_transfer_or_unpriced_swap
0xf0f349d0ed0673a77e0afcdffe00e8c023645a4e,0x59a82a802353843f2cbb36dd6c8b7b0f8bb3f39ef807a781a9ed62cd7e8c67c7,51187655,598,0x7692acc1cdd771d09ebcae3663e1843b2911bec7,57761.634860828027263901,57761.634860828027263901,703.8453745932000754120044207,0.28000000000000003,same_tx_swap_flow_allocation
0x4e3ae00e8323558fa5cac04b152238924aa31b60,0xd140904ee077aefd3945cedb48d1a29a8bb96f412f855fca07e8300a27439ca7,51187975,351,0xaa5e5c97be235c3b7035bb1492fef2b4167edf05,4094.354145677648280307,0,0,0,unknown_transfer_or_unpriced_swap
0x4e3ae00e8323558fa5cac04b152238924aa31b60,0x776cea32aad363a7ac38d390e80a7da7277e4dc0bb7367cc938fbf75959f0b45,51188371,239,0xef1313c5fc72844a18c3fcbf5b26b6459e935cb6,18416.438009978471647034,0,0,0,unknown_transfer_or_unpriced_swap
0x211c8e97a504d2d142bc945334d4a88bd3270b4d,0xda2fb1c7dd0a6616cd9e28f3e20bc494a5b7068410d7ed0b716ee3a0c9b04b06,51188650,783,0x7273a102a1a20dd0eb01c23ce4b57daf6160bf77,91.269708266804831451,0E-1620,0E-1620,0E-1620,unknown_transfer_or_unpriced_swap
0x25eded2339466d3b7daf552b24d9b6e09b409b4b,0xda2fb1c7dd0a6616cd9e28f3e20bc494a5b7068410d7ed0b716ee3a0c9b04b06,51188650,789,0x7273a102a1a20dd0eb01c23ce4b57daf6160bf77,17.317360566861358438,0E-2022,0E-2022,0E-2022,unknown_transfer_or_unpriced_swap
0x27251ef93006c0f3ea2031d709d0ba9b3c4f3eef,0xda2fb1c7dd0a6616cd9e28f3e20bc494a5b7068410d7ed0b716ee3a0c9b04b06,51188650,790,0x7273a102a1a20dd0eb01c23ce4b57daf6160bf77,2.416572001982461318,0E-2089,0E-2089,0E-2089,unknown_transfer_or_unpriced_swap
0x461d5072f3eef08dedc4a7d74fb6d79f99e25e73,0xda2fb1c7dd0a6616cd9e28f3e20bc494a5b7068410d7ed0b716ee3a0c9b04b06,51188650,815,0x7273a102a1a20dd0eb01c23ce4b57daf6160bf77,85.364561342746486225,0E-3772,0E-3772,0E-3772,unknown_transfer_or_unpriced_swap
0x5c3e5b6780dc15b705f606f19b6a9206fea39cdf,0xda2fb1c7dd0a6616cd9e28f3e20bc494a5b7068410d7ed0b716ee3a0c9b04b06,51188650,829,0x7273a102a1a20dd0eb01c23ce4b57daf6160bf77,33.906185794460334363,0E-4711,0E-4711,0E-4711,unknown_transfer_or_unpriced_swap
0x9622a7905307abe9686999c400b85a7b30775345,0xda2fb1c7dd0a6616cd9e28f3e20bc494a5b7068410d7ed0b716ee3a0c9b04b06,51188650,872,0x7273a102a1a20dd0eb01c23ce4b57daf6160bf77,118.066721800343928838,0E-7604,0E-7604,0E-7604,unknown_transfer_or_unpriced_swap
0xa122c3ef0ced83be89922d99e8dde8f4e272eaca,0xda2fb1c7dd0a6616cd9e28f3e20bc494a5b7068410d7ed0b716ee3a0c9b04b06,51188650,880,0x7273a102a1a20dd0eb01c23ce4b57daf6160bf77,84.550669344834110987,0E-8141,0E-8141,0E-8141,unknown_transfer_or_unpriced_swap
0xd8b7f8ee88f4a19933e21724a3227b04cc31e9fe,0x95ac44bda9591afe6c0bf92c9f5cbf0c013f41f867add1060ddf788236dafe79,51188651,285,0x7273a102a1a20dd0eb01c23ce4b57daf6160bf77,28.166938035809048452,0E-200,0E-200,0E-200,unknown_transfer_or_unpriced_swap
0xfc90fd5e560471fab35e3703bf5ea4c54acee766,0x95ac44bda9591afe6c0bf92c9f5cbf0c013f41f867add1060ddf788236dafe79,51188651,315,0x7273a102a1a20dd0eb01c23ce4b57daf6160bf77,52.29558022533373118,0E-2192,0E-2192,0E-2192,unknown_transfer_or_unpriced_swap
0x67df1d22c03ce81dcd7c50a65d476b17f4934fd4,0x78349d07985e363d18c790fb385e6540a9f953b4dd05c071010f6699e27c09ad,51188900,270,0x7692acc1cdd771d09ebcae3663e1843b2911bec7,127169.558053654216854552,127169.558053654216854552,1598.04217641477024,0.636174,same_tx_swap_flow_allocation
0x211c8e97a504d2d142bc945334d4a88bd3270b4d,0x64dd70c11d61ae75d5d77a08b51eaf66466000c1bed521f171ae112a37be72f6,51189124,100,0x7273a102a1a20dd0eb01c23ce4b57daf6160bf77,95.454529086953619551,0E-1963,0E-1963,0E-1963,unknown_transfer_or_unpriced_swap
0x25eded2339466d3b7daf552b24d9b6e09b409b4b,0x64dd70c11d61ae75d5d77a08b51eaf66466000c1bed521f171ae112a37be72f6,51189124,107,0x7273a102a1a20dd0eb01c23ce4b57daf6160bf77,18.111381413716444617,0E-2434,0E-2434,0E-2434,unknown_transfer_or_unpriced_swap
0x27251ef93006c0f3ea2031d709d0ba9b3c4f3eef,0x64dd70c11d61ae75d5d77a08b51eaf66466000c1bed521f171ae112a37be72f6,51189124,108,0x7273a102a1a20dd0eb01c23ce4b57daf6160bf77,2.527374600339872234,0E-2501,0E-2501,0E-2501,unknown_transfer_or_unpriced_swap
0x461d5072f3eef08dedc4a7d74fb6d79f99e25e73,0x64dd70c11d61ae75d5d77a08b51eaf66466000c1bed521f171ae112a37be72f6,51189124,138,0x7273a102a1a20dd0eb01c23ce4b57daf6160bf77,89.278624402592179469,0E-4520,0E-4520,0E-4520,unknown_transfer_or_unpriced_swap
0x5c3e5b6780dc15b705f606f19b6a9206fea39cdf,0x64dd70c11d61ae75d5d77a08b51eaf66466000c1bed521f171ae112a37be72f6,51189124,157,0x7273a102a1a20dd0eb01c23ce4b57daf6160bf77,35.460823307157382603,0E-5801,0E-5801,0E-5801,unknown_transfer_or_unpriced_swap
0x9622a7905307abe9686999c400b85a7b30775345,0x64dd70c11d61ae75d5d77a08b51eaf66466000c1bed521f171ae112a37be72f6,51189124,214,0x7273a102a1a20dd0eb01c23ce4b57daf6160bf77,123.480216430045686595,0E-9651,0E-9651,0E-9651,unknown_transfer_or_unpriced_swap
0xa122c3ef0ced83be89922d99e8dde8f4e272eaca,0x7a14f550e308e2e556eccfc9952d7df96799c4cdbdb927242ad7eb8c2a0bca6f,51189125,537,0x7273a102a1a20dd0eb01c23ce4b57daf6160bf77,88.427414522954362416,0E-201,0E-201,0E-201,unknown_transfer_or_unpriced_swap
0xd8b7f8ee88f4a19933e21724a3227b04cc31e9fe,0x7a14f550e308e2e556eccfc9952d7df96799c4cdbdb927242ad7eb8c2a0bca6f,51189125,578,0x7273a102a1a20dd0eb01c23ce4b57daf6160bf77,29.458424455240999524,0E-2957,0E-2957,0E-2957,unknown_transfer_or_unpriced_swap
0xfc90fd5e560471fab35e3703bf5ea4c54acee766,0x7a14f550e308e2e556eccfc9952d7df96799c4cdbdb927242ad7eb8c2a0bca6f,51189125,613,0x7273a102a1a20dd0eb01c23ce4b57daf6160bf77,54.693392567288303139,0E-5284,0E-5284,0E-5284,unknown_transfer_or_unpriced_swap
0x16d1ff31d9302109a64f3bd66526e063f468eb87,0xa4779959551be0e5fb382001be72145a12372a85599375403c749f36c58e92f7,51189420,518,0xb300000b72deaeb607a12d5f54773d1c19c7028d,480701.065509638125238823,294088.53656191214532365700000000000000000000000,3673.9068528801324923755131164800000000000000000000000000000000000,1.4625671666988193892679277793730994060113920984678676319143524971,same_tx_swap_flow_allocation
0x16d1ff31d9302109a64f3bd66526e063f468eb87,0x05a55b3ed49c8e5cb44ab4bf551c0ba67b985708bdeec5e124abfdf19d0f7f94,51189426,355,0xb300000b72deaeb607a12d5f54773d1c19c7028d,352978.972838346672577889,194646.24029668868568738500000000000000000000000,2484.3104328309215290471871091200000000000000000000000000000000000,0.98899373785086727448998436716413058326883948185998531717567023938,same_tx_swap_flow_allocation
0x16d1ff31d9302109a64f3bd66526e063f468eb87,0xe97e72214b164f66b5854bcc26c6e5a4f5172c09c17f7f96404705f8eb6c85dc,51189436,213,0xb300000b72deaeb607a12d5f54773d1c19c7028d,261170.155593896306927513,136163.22707185233047837800000000000000000000000,1761.6410070576651808395731264000000000000000000000000000000000000,0.70130201978663164000000000000000000000000000000000000000000000000,same_tx_swap_flow_allocation
0x16d1ff31d9302109a64f3bd66526e063f468eb87,0x29c6afffe86916396dfc2ae1b31deafedbcd99a5d2595335a28a593fb75d2d28,51189464,360,0xb300000b72deaeb607a12d5f54773d1c19c7028d,385671.02170573821056021,193263.23166161423437974300000000000000000000000,2542.3580711486070970000122000000000000000000000000000000000000000,1.0115286370487572868941350026271372495595775286385015378878707743,same_tx_swap_flow_allocation
0x16d1ff31d9302109a64f3bd66526e063f468eb87,0xa2d4e3265362a6e351b3ea224c079ec0369fc37abd5f5bf4d567b10279bc7d24,51189480,119,0xb300000b72deaeb607a12d5f54773d1c19c7028d,372012.493623258249990259,193730.78207741904834604300000000000000000000000,2600.8295687800000000000000000000000000000000000000000000000000000,1.0347927063301395227514541958640432800073144466448437487939558098,same_tx_swap_flow_allocation
0x8b87ba04b378efc94d42f6d82ef7e6f52e48e4fd,0x306207e0a44a6a6721216336a9cac7338643444a1b2e1bf460c987ff60db8b32,51191428,43,0xb92fe925dc43a0ecde6c8b1a2709c170ec4fff4f,167403.127843704396426043,125569.20272567990857221600000000000000000000000,1903.9628574392475649412000000000000000000000000000000000000000000,0.75660967773491423000000000000000000000000000000000000000000000000,same_tx_swap_flow_allocation
0x25eded2339466d3b7daf552b24d9b6e09b409b4b,0xe82aaa9dd81e245a52f77623033c4e543cd3e8d487a6b1469e01c9d7b53f328a,51191894,321,0x7461bf359d018cbd2bb30c571fdb2009d7ef5780,235.433364379313277372,0E-200,0E-200,0E-200,unknown_transfer_or_unpriced_swap
0x4e3ae00e8323558fa5cac04b152238924aa31b60,0x7ddaa59d02419db419c43cedd5f4acfbb55d4667b19188aceb14055a45a59d64,51193477,5,0xef1313c5fc72844a18c3fcbf5b26b6459e935cb6,36947.788546535674660975,0,0,0,unknown_transfer_or_unpriced_swap
0x4e3ae00e8323558fa5cac04b152238924aa31b60,0xa61684e398e0bb87ab44560d995154725463b039e97d33cf585fc99fc7818698,51193477,263,0x52dd4b87423b0a2e409f89a1571103475344f34b,17304.890000001000458752,0,0,0,unknown_transfer_or_unpriced_swap
0x4e3ae00e8323558fa5cac04b152238924aa31b60,0x699dece533df4a9968692c681dbfe760c93e86653cf1bdfd12d505efa113cb69,51193477,317,0xbd46cf0958e4880633d320eed38785ee432269da,10055.383686293265919511,0,0,0,unknown_transfer_or_unpriced_swap
0x4e3ae00e8323558fa5cac04b152238924aa31b60,0xaa4544cb67c3386742555001fc31a200773622f3f5c346287e71537e657552e7,51193477,382,0x5f1c5951c5b1cc112ba9e89b9467edca33063453,8673.277269661515788203,0,0,0,unknown_transfer_or_unpriced_swap
0x4e3ae00e8323558fa5cac04b152238924aa31b60,0xb2ec0aa42007accd4c0241f4399cad95f8fe842bac44980a3fa6ee10da5d3c9a,51193477,448,0x6c3cb7ba347a2c93cf73f03e71030666871f6bfd,4067.783899230642887133,0,0,0,unknown_transfer_or_unpriced_swap
0x4e3ae00e8323558fa5cac04b152238924aa31b60,0x776007dace723af9716564295603c7df2bed088fde514955e073621349f41441,51193713,326,0x5f1c5951c5b1cc112ba9e89b9467edca33063453,5096.408602062160938496,0,0,0,unknown_transfer_or_unpriced_swap
0x4e3ae00e8323558fa5cac04b152238924aa31b60,0xf5d1328b5131f2a3fefa4533b35322c9af9eb14fe5b2f60a82393f905ae23018,51196110,11,0xef1313c5fc72844a18c3fcbf5b26b6459e935cb6,36452.746308281285236889,0,0,0,unknown_transfer_or_unpriced_swap
0x4e3ae00e8323558fa5cac04b152238924aa31b60,0x599ee432feeb860186957e4d24b3aafc5d303466015576aba43781d70c6eb9ad,51196110,846,0x6f10424b4f5ce3b80a999c6937226c59ddaf9def,25000,0,0,0,unknown_transfer_or_unpriced_swap
0x4e3ae00e8323558fa5cac04b152238924aa31b60,0xd1da7febb0215c306285f97818d40c1fab692e908e30284d5a17657afb4ecbc7,51196110,909,0x52dd4b87423b0a2e409f89a1571103475344f34b,13099.520000001,0,0,0,unknown_transfer_or_unpriced_swap
0xf0f349d0ed0673a77e0afcdffe00e8c023645a4e,0x43c4620922c5c3b244a965aed5395b841fd55bc28178f31ab970a6a124010f95,51196275,483,0x7692acc1cdd771d09ebcae3663e1843b2911bec7,20681.660664802383781844,20681.660664802383781844,251.301400556,0.1,same_tx_swap_flow_allocation
0x8b87ba04b378efc94d42f6d82ef7e6f52e48e4fd,0xda733bf2c1084ccba81c9488a17d8c142ed6fa51a5f7a531ed78c9d31c4f60ab,51197682,255,0xb92fe925dc43a0ecde6c8b1a2709c170ec4fff4f,397095.605957677588812889,277777.78462867170212899500000000000000000000000,3529.9244276666200575859842000000000000000000000000000000000000000,1.4048870051325322590000000000000000000000000000000000000000000000,same_tx_swap_flow_allocation
0x8b87ba04b378efc94d42f6d82ef7e6f52e48e4fd,0xfa0db402730ad61d9bb9e8e9fcae08b64b876a60b7b2fbf295208586f44fc9d1,51197688,381,0xb92fe925dc43a0ecde6c8b1a2709c170ec4fff4f,195031.915318405012762835,151131.94994501074638858119572089835808777782964445250743827384741,1954.2272422680559928883128482028906127203236028496980350968541954,0.77776975513133268081832593272480548374571574032073740997162154867,same_tx_swap_flow_allocation
0x4e3ae00e8323558fa5cac04b152238924aa31b60,0x988a283d88732482ba41d0c91cb8a0e4388774c1819b5c74df2e2637464a7687,51198014,184,0xef1313c5fc72844a18c3fcbf5b26b6459e935cb6,21131.431615449837071077,0,0,0,unknown_transfer_or_unpriced_swap
0x4e3ae00e8323558fa5cac04b152238924aa31b60,0x33ee59178de7ca3de311aa87a038bff6f10e93abe34053a9a610bd6ca8f69ed8,51199830,20,0xef1313c5fc72844a18c3fcbf5b26b6459e935cb6,22876.564113725493905404,0,0,0,unknown_transfer_or_unpriced_swap
0x4e3ae00e8323558fa5cac04b152238924aa31b60,0x9cfd3e9c7edc1be33a2d2558523cb8307103f0fa405ddedee7da33325067b347,51199830,335,0x52dd4b87423b0a2e409f89a1571103475344f34b,8004.240000000999475712,0,0,0,unknown_transfer_or_unpriced_swap
0x8da2e73785a202263be1b04d3dcc8137181c89c3,0x74e5dec2d17aaa7a762ad8d851af44cb656d3b1bfa86430445f29b2570527e48,51200056,348,0xb92fe925dc43a0ecde6c8b1a2709c170ec4fff4f,19850.219402583190300858,13336.990750965341490544000000000000000000000000,167.03853882865630490500212915000000000000000000000000000000000000,0.066483836360963037000000000000000000000000000000000000000000000000,same_tx_swap_flow_allocation
0xf99d7a743d1b5b2ff28c22b2005cd98def3591de,0x30ce4f5ca3ceb3add939e5114ac041f6c5861cd3273c41815eaecd9ac9504b5d,51203310,306,0xb92fe925dc43a0ecde6c8b1a2709c170ec4fff4f,64759.790531371094798133,43609.126650716713155863000000000000000000000000,535.71446665605397311383083223000000000000000000000000000000000000,0.21269130077027290900000000000000000000000000000000000000000000000,same_tx_swap_flow_allocation
0x4e3ae00e8323558fa5cac04b152238924aa31b60,0x2893e9ef51371fc4aa7869cb0f4441d2437667a3146d6343c243aea827204e7f,51203731,324,0xef1313c5fc72844a18c3fcbf5b26b6459e935cb6,34792.455938357085283247,0,0,0,unknown_transfer_or_unpriced_swap
0x4e3ae00e8323558fa5cac04b152238924aa31b60,0xb0e1560156672a18b9b3adb015eb644f747a6a05d582bee70b12b4beb4a0584e,51203731,352,0x6f10424b4f5ce3b80a999c6937226c59ddaf9def,20000,0,0,0,unknown_transfer_or_unpriced_swap
0x4e3ae00e8323558fa5cac04b152238924aa31b60,0xa32c424124f6f4c920ebae99d25439910efc4f808182c70c1ff87c59de219636,51204166,329,0xef1313c5fc72844a18c3fcbf5b26b6459e935cb6,7358.033065233395752754,0,0,0,unknown_transfer_or_unpriced_swap
0x5c3e5b6780dc15b705f606f19b6a9206fea39cdf,0xb1911115989a65f5791e4afe9049f872389304aa20daed336ade35ad9b549d71,51204549,150,0x7692acc1cdd771d09ebcae3663e1843b2911bec7,232213.210310213087903812,232213.210310213087903812,2722.78512,1.0791,same_tx_swap_flow_allocation
0xf99d7a743d1b5b2ff28c22b2005cd98def3591de,0x13e7e0447034092b466c3f202aade4dccffadfd48dcb9ef3d25cb182698ec902,51204979,139,0xb92fe925dc43a0ecde6c8b1a2709c170ec4fff4f,103109.151905850643554055,70893.829475397769203081000000000000000000000000,840.64258918096169662080000000000000000000000000000000000000000000,0.33333436000387074000000000000000000000000000000000000000000000000,same_tx_swap_flow_allocation
0x4e3ae00e8323558fa5cac04b152238924aa31b60,0x619f846365f4b5afd30b366b701f0bc185d24874343daa736e861a865226f802,51205246,158,0xef1313c5fc72844a18c3fcbf5b26b6459e935cb6,44082.633967811170225198,0,0,0,unknown_transfer_or_unpriced_swap
0x4e3ae00e8323558fa5cac04b152238924aa31b60,0x84b579bd42437a74ff8830e3755445114d2c3cd89774a592cee06d509439b7a4,51205246,170,0x52dd4b87423b0a2e409f89a1571103475344f34b,22034.380000001001179648,0,0,0,unknown_transfer_or_unpriced_swap
0x4e3ae00e8323558fa5cac04b152238924aa31b60,0x90a00fffc4aa609cb943805e52ed0283f2e5ff7f37c8807071429efcbee5b8c5,51205246,382,0x6f10424b4f5ce3b80a999c6937226c59ddaf9def,20000,0,0,0,unknown_transfer_or_unpriced_swap
0x4e3ae00e8323558fa5cac04b152238924aa31b60,0x5b3c8c759acf80b78ff66c41b8502630de7ccc4e4564b3c4921c626c92a674f5,51206413,435,0x78594e2a1e116bcaad3b1459541c44932b16eb85,6276,0,0,0,unknown_transfer_or_unpriced_swap
0x4e3ae00e8323558fa5cac04b152238924aa31b60,0xdc1e115554d7ac8fd860c8b4615a757b7dba2e1fed1ba9cb6d0ecdef672a0b33,51207588,4,0xbd46cf0958e4880633d320eed38785ee432269da,4397.814847535298883489,0,0,0,unknown_transfer_or_unpriced_swap
0x4e3ae00e8323558fa5cac04b152238924aa31b60,0x220dc7245e707aa434c09a473228ac82d30cbcb57eb227361cd1e776369eabde,51207775,170,0xaa5e5c97be235c3b7035bb1492fef2b4167edf05,4388.603367428524664741,0,0,0,unknown_transfer_or_unpriced_swap
0x8da2e73785a202263be1b04d3dcc8137181c89c3,0x150f5eeb4454685a26040ba4f6a58b9eca28162cbfab7fe75c0b97cd1a0f8831,51207778,51,0xb92fe925dc43a0ecde6c8b1a2709c170ec4fff4f,20857.491360796431305451,16688.644258120371702986000000000000000000000000,198.98130469696232079117177312000000000000000000000000000000000000,0.078501345930640892799135034757442109211617437683986021335509585121,same_tx_swap_flow_allocation
0x8da2e73785a202263be1b04d3dcc8137181c89c3,0x68a0938eae4107af8ce8b85ffaf0c9490f16292082eeea1126a8fd7d564dc419,51208022,150,0xb92fe925dc43a0ecde6c8b1a2709c170ec4fff4f,12439.098650794980813591,6413.7093333820355097400000000000000000000000000,76.914360522452309187241823000000000000000000000000000000000000000,0.030331639264971484000000000000000000000000000000000000000000000000,same_tx_swap_flow_allocation
0xc41ff324a9e61417833041c2ccb508683a079bb1,0x91105a4aefcefdfe5148d7917364866c9af5a590a195cf0d97e1bfd8da305068,51208419,203,0xb92fe925dc43a0ecde6c8b1a2709c170ec4fff4f,72126.719762648408720343,47332.367976426870753747000000000000000000000000,565.82574442825665175702856480000000000000000000000000000000000000,0.22348960698240832700000000000000000000000000000000000000000000000,same_tx_swap_flow_allocation
0xc41ff324a9e61417833041c2ccb508683a079bb1,0x78978252fbea047807dfcdd0adf6ad6b3e24f38cea9e9f9331580d0ab6ad3b6d,51209644,193,0xb92fe925dc43a0ecde6c8b1a2709c170ec4fff4f,105323.909575780321589797,65835.403227126919456752000000000000000000000000,804.43383848837847393899070000000000000000000000000000000000000000,0.31776485547990704700000000000000000000000000000000000000000000000,same_tx_swap_flow_allocation
0xc41ff324a9e61417833041c2ccb508683a079bb1,0x067ad720adf2f253dd7a9e00a5bdbcbfce5c7d4b7938d1b7ef4c91ef2bd181d5,51209649,113,0xb92fe925dc43a0ecde6c8b1a2709c170ec4fff4f,104761.761716569799630734,62204.557538999830435189000000000000000000000000,764.36589748966430545451890000000000000000000000000000000000000000,0.30193734689976196900000000000000000000000000000000000000000000000,same_tx_swap_flow_allocation
0xfc90fd5e560471fab35e3703bf5ea4c54acee766,0x8abfcaa8f7d022b7e295012ab05f45173c7c35b7bb4ee00f16b571a87d40f845,51209944,306,0xb92fe925dc43a0ecde6c8b1a2709c170ec4fff4f,2251.942627883452811227,733.09715354967387304200000000000000000000000000,9.0693460000000000000000000000000000000000000000000000000000000000,0.0035825437507734922101310661688243996801786234226536033567892973841,same_tx_swap_flow_allocation
0x16d1ff31d9302109a64f3bd66526e063f468eb87,0xa268bdfaa63efdabb194d4a9a0d082d8ce7ed6c05a21205a610b3e199e5ee67b,51210527,225,0xb300000b72deaeb607a12d5f54773d1c19c7028d,199878.571792357052710596,100168.19078738601610774900000000000000000000000,1259.9706890000000000000000000000000000000000000000000000000000000,0.49750000000000000000000000000000000000000000000000000000000000000,same_tx_swap_flow_allocation
0x16d1ff31d9302109a64f3bd66526e063f468eb87,0x37e70189eb2db34f3bb1370bb764529b9de14de07550fef79754f92c5f3fa869,51210546,79,0x1231deb6f5749ef6ce6943a275a1d3e7486f4eae,99788.598857822900275348,51184.970783720517292261946943586916201804699487766433730711532541,647.51960384937465661924306452337026690363845214350252176429352915,0.25567341028443868162719888843412349236368635075557103263513777720,same_tx_swap_flow_allocation
0x16d1ff31d9302109a64f3bd66526e063f468eb87,0x53347e589422e4381e5a2f7b9ff1b7e8a44a68f73245f8b42ed4cc6ea28343ee,51210551,235,0x1231deb6f5749ef6ce6943a275a1d3e7486f4eae,99032.506161390030578603,72417.225280937370297198346547633410240829651505109490970636325321,921.39603722594643484282721879409493803211176595785845942879595605,0.36381364465210059448796156983463147186829169449356498765807875721,same_tx_swap_flow_allocation
0x16d1ff31d9302109a64f3bd66526e063f468eb87,0x650a828fc61d542541167102cf42946781b80595be6b1d3868f5d7c023d2ce6c,51210580,359,0xb300000b72deaeb607a12d5f54773d1c19c7028d,97805.247036124836565918,0E-67,0E-67,0E-67,unknown_transfer_or_unpriced_swap
0x16d1ff31d9302109a64f3bd66526e063f468eb87,0x4bc039c1da5326aeea3e7f7ae6a3a253643f23952b2d300ffec064baa0f8abca,51210586,326,0x7692acc1cdd771d09ebcae3663e1843b2911bec7,70175.607601746953027818,70175.607601746953027818,898.6866208082972521568380,0.354846821243893145,same_tx_swap_flow_allocation
0x16d1ff31d9302109a64f3bd66526e063f468eb87,0x4bc039c1da5326aeea3e7f7ae6a3a253643f23952b2d300ffec064baa0f8abca,51210586,338,0x498581ff718922c3f8e6a244956af099b2652b2b,16934.548590049547443768,0E-66,0E-66,0E-66,unknown_transfer_or_unpriced_swap
0x16d1ff31d9302109a64f3bd66526e063f468eb87,0x4bc039c1da5326aeea3e7f7ae6a3a253643f23952b2d300ffec064baa0f8abca,51210586,348,0x498581ff718922c3f8e6a244956af099b2652b2b,11283.576850684511087839,0E-133,0E-133,0E-133,unknown_transfer_or_unpriced_swap
0x16d1ff31d9302109a64f3bd66526e063f468eb87,0xe96961bac6459753c14d9496ca0ecbc54df2beb153ced8461ec48a59ee11e0ed,51210626,99,0xb300000b72deaeb607a12d5f54773d1c19c7028d,578497.340053079024463094,359235.25712836564831334600000000000000000000000,4687.1727977400000000000000000000000000000000000000000000000000000,1.8507323124527462717825176328367746656366860927825917067821567395,same_tx_swap_flow_allocation
0x8da2e73785a202263be1b04d3dcc8137181c89c3,0x65fb79553f822bebbafa92fc80161c5e424b6a4139bd026d2bd402f7ae3149c5,51210924,24,0xb92fe925dc43a0ecde6c8b1a2709c170ec4fff4f,30173.878411249398708956,30173.878411249398708956,397.7578561382430912489123564,0.157056088084803028,same_tx_swap_flow_allocation
0x8b87ba04b378efc94d42f6d82ef7e6f52e48e4fd,0x82dbdfd1807a11412bc7a1adfd3f8d300fe06132222bc70faa591ae87a5ce9ad,51212143,277,0xb92fe925dc43a0ecde6c8b1a2709c170ec4fff4f,140055.896185177455389437,136550.85461606037413847600000000000000000000000,1975.5084663648753521368424262700000000000000000000000000000000000,0.77903773970218816700000000000000000000000000000000000000000000000,same_tx_swap_flow_allocation
0x8b87ba04b378efc94d42f6d82ef7e6f52e48e4fd,0xb2bc64360b00e40f479eab79852aeab7345fe5d1d72283d2c67f9119d71e29cd,51212147,204,0xb92fe925dc43a0ecde6c8b1a2709c170ec4fff4f,139243.717321136019528932,132281.17143513409715969700000000000000000000000,1924.5347351355599823016952608000000000000000000000000000000000000,0.75893635262276768000000000000000000000000000000000000000000000000,same_tx_swap_flow_allocation
0x8b87ba04b378efc94d42f6d82ef7e6f52e48e4fd,0xa47fee2be52c267f0de845393f995248398b27ba10496531907c0b9ca12f96eb,51212155,30,0xb92fe925dc43a0ecde6c8b1a2709c170ec4fff4f,136695.692399358748110652,133275.07779963415275298060529448742486637209981000758009749836028,1975.2834800968557482894595244576626937528724744275665371652545888,0.77894901682568005382582277434703161195045241546323971855114178705,same_tx_swap_flow_allocation
0x8b87ba04b378efc94d42f6d82ef7e6f52e48e4fd,0xd2e96f5b6f8675e84feab8b3845fb4e54adc4275af59a4a2a1f042d9f95c4f9f,51212159,286,0xb92fe925dc43a0ecde6c8b1a2709c170ec4fff4f,68119.30800433990763629,61294.51515249301033187404855137550957415165594549393446091095468,911.82697444010772578993448549729224999838912904115652131255488763,0.35957711002596412096469641444272085021816204395485181692829943838,same_tx_swap_flow_allocation
0x8b87ba04b378efc94d42f6d82ef7e6f52e48e4fd,0x2de13df077c6af6b2efc2476fc3143bb66527d2a1267b43770fdf6d4df81ddbf,51212165,30,0xb92fe925dc43a0ecde6c8b1a2709c170ec4fff4f,67921.608480543101021499,52355.231544279115112170167188930383945885838231299891149694024222,780.82930018179166058519561997751121975422725527648519447457562433,0.30791844401769954681404262948651356244103904740711478725618191398,same_tx_swap_flow_allocation
0x4e3ae00e8323558fa5cac04b152238924aa31b60,0x48a5c8cd36bfc44d853d0a23fb272748c473c9361fe5ff37946372e8ed3a1f86,51213104,173,0xef1313c5fc72844a18c3fcbf5b26b6459e935cb6,35189.19488766798777952,0,0,0,unknown_transfer_or_unpriced_swap
0x4e3ae00e8323558fa5cac04b152238924aa31b60,0xefda33311739c46273129384f51d6254e912f0c3b3a8515471007fbc53c54d5d,51214590,547,0xef1313c5fc72844a18c3fcbf5b26b6459e935cb6,10879.585215322943494624,0,0,0,unknown_transfer_or_unpriced_swap
0xc41ff324a9e61417833041c2ccb508683a079bb1,0xefdeb59523d381c26c19a16bef4a9ff539de0a0c8d94afb79fc43606249836bd,51215633,404,0xb92fe925dc43a0ecde6c8b1a2709c170ec4fff4f,92080.20431612520371989,92080.20431612520371989,1217.3657093598260702090400,0.479288688369845408,same_tx_swap_flow_allocation
0x4e3ae00e8323558fa5cac04b152238924aa31b60,0x40336b9e256dd6d956b5ae3d62597c0d689715cc527962e321f76c9a6f11f8b6,51216184,188,0xef1313c5fc72844a18c3fcbf5b26b6459e935cb6,6591.785235035530843888,0,0,0,unknown_transfer_or_unpriced_swap
0x0ca6cadb6a8ca4199788b9a060c3285fe7b897fd,0xd1e1ffc8d8490065f3f0c3f2d91612e54b9e94afa18f047acee75ecc796bca2a,51218017,297,0xf01a4dabfd54d1a6a1812a95f7151e8da851de2e,63.151742639380669438,0E-810,0E-810,0E-810,unknown_transfer_or_unpriced_swap
0x25eded2339466d3b7daf552b24d9b6e09b409b4b,0xd1e1ffc8d8490065f3f0c3f2d91612e54b9e94afa18f047acee75ecc796bca2a,51218017,319,0xf01a4dabfd54d1a6a1812a95f7151e8da851de2e,5.696528527485927964,0E-2300,0E-2300,0E-2300,unknown_transfer_or_unpriced_swap
0x3fa87fac3430294f5461f9599ed2c9bd7b7eda6d,0xd1e1ffc8d8490065f3f0c3f2d91612e54b9e94afa18f047acee75ecc796bca2a,51218017,337,0xf01a4dabfd54d1a6a1812a95f7151e8da851de2e,82.451449312198082281,0E-3513,0E-3513,0E-3513,unknown_transfer_or_unpriced_swap
0x4552df0be3b02bfb80c3444b3f1465ee0bdb224c,0xd1e1ffc8d8490065f3f0c3f2d91612e54b9e94afa18f047acee75ecc796bca2a,51218017,345,0xf01a4dabfd54d1a6a1812a95f7151e8da851de2e,20.000427917933992518,0E-4048,0E-4048,0E-4048,unknown_transfer_or_unpriced_swap
0x461d5072f3eef08dedc4a7d74fb6d79f99e25e73,0xd1e1ffc8d8490065f3f0c3f2d91612e54b9e94afa18f047acee75ecc796bca2a,51218017,346,0xf01a4dabfd54d1a6a1812a95f7151e8da851de2e,16.860160447247055211,0E-4114,0E-4114,0E-4114,unknown_transfer_or_unpriced_swap
0x68ccd83694d6b664a62982310fcefc9f792f39d6,0xd1e1ffc8d8490065f3f0c3f2d91612e54b9e94afa18f047acee75ecc796bca2a,51218017,369,0xf01a4dabfd54d1a6a1812a95f7151e8da851de2e,15.380001598300609857,0E-5668,0E-5668,0E-5668,unknown_transfer_or_unpriced_swap
0x8da2e73785a202263be1b04d3dcc8137181c89c3,0xd1e1ffc8d8490065f3f0c3f2d91612e54b9e94afa18f047acee75ecc796bca2a,51218017,402,0xf01a4dabfd54d1a6a1812a95f7151e8da851de2e,81.123060256003149599,0E-7888,0E-7888,0E-7888,unknown_transfer_or_unpriced_swap
0xd8b7f8ee88f4a19933e21724a3227b04cc31e9fe,0x9d539dcd996086c9319665dce855607117ae91304aef3a418daf9157699c276c,51218018,244,0xf01a4dabfd54d1a6a1812a95f7151e8da851de2e,17.385164582392756801,0E-1876,0E-1876,0E-1876,unknown_transfer_or_unpriced_swap
0xfc90fd5e560471fab35e3703bf5ea4c54acee766,0x9d539dcd996086c9319665dce855607117ae91304aef3a418daf9157699c276c,51218018,269,0xf01a4dabfd54d1a6a1812a95f7151e8da851de2e,10.6781729105706925,0E-3536,0E-3536,0E-3536,unknown_transfer_or_unpriced_swap
0x211c8e97a504d2d142bc945334d4a88bd3270b4d,0xefd8d38f5c28944fd7364824984bde660393cf71b34f4bbfdc5ab03eb9c37a8c,51218045,425,0x7273a102a1a20dd0eb01c23ce4b57daf6160bf77,173.65197320561046902,0E-1825,0E-1825,0E-1825,unknown_transfer_or_unpriced_swap
0x25eded2339466d3b7daf552b24d9b6e09b409b4b,0xefd8d38f5c28944fd7364824984bde660393cf71b34f4bbfdc5ab03eb9c37a8c,51218045,431,0x7273a102a1a20dd0eb01c23ce4b57daf6160bf77,32.948432620795751058,0E-2227,0E-2227,0E-2227,unknown_transfer_or_unpriced_swap
0x461d5072f3eef08dedc4a7d74fb6d79f99e25e73,0xefd8d38f5c28944fd7364824984bde660393cf71b34f4bbfdc5ab03eb9c37a8c,51218045,459,0x7273a102a1a20dd0eb01c23ce4b57daf6160bf77,162.416696629135098122,0E-4113,0E-4113,0E-4113,unknown_transfer_or_unpriced_swap
0x5c3e5b6780dc15b705f606f19b6a9206fea39cdf,0xefd8d38f5c28944fd7364824984bde660393cf71b34f4bbfdc5ab03eb9c37a8c,51218045,476,0x7273a102a1a20dd0eb01c23ce4b57daf6160bf77,64.510736134625304324,0E-5259,0E-5259,0E-5259,unknown_transfer_or_unpriced_swap
0x9622a7905307abe9686999c400b85a7b30775345,0xefd8d38f5c28944fd7364824984bde660393cf71b34f4bbfdc5ab03eb9c37a8c,51218045,531,0x7273a102a1a20dd0eb01c23ce4b57daf6160bf77,224.636624789173780986,0E-8965,0E-8965,0E-8965,unknown_transfer_or_unpriced_swap
0xa122c3ef0ced83be89922d99e8dde8f4e272eaca,0xefd8d38f5c28944fd7364824984bde660393cf71b34f4bbfdc5ab03eb9c37a8c,51218045,539,0x7273a102a1a20dd0eb01c23ce4b57daf6160bf77,160.868165861395761584,0E-9503,0E-9503,0E-9503,unknown_transfer_or_unpriced_swap
0xd8b7f8ee88f4a19933e21724a3227b04cc31e9fe,0x41d5fe60fc39153d4c15268bad7abe38f52a000a83ba449b1e601d338e7b1195,51218046,377,0x7273a102a1a20dd0eb01c23ce4b57daf6160bf77,53.591103356877595762,0E-2015,0E-2015,0E-2015,unknown_transfer_or_unpriced_swap
0xfc90fd5e560471fab35e3703bf5ea4c54acee766,0x41d5fe60fc39153d4c15268bad7abe38f52a000a83ba449b1e601d338e7b1195,51218046,410,0x7273a102a1a20dd0eb01c23ce4b57daf6160bf77,194.335749867479860158,0E-4208,0E-4208,0E-4208,unknown_transfer_or_unpriced_swap
0x10b321e762b85df47782ac8dff9075b6428d98e6,0xde7029e7f844c0ef70033b14e4180d437b7b6a62f47c06f920316875ce8686fd,51218124,364,0xb92fe925dc43a0ecde6c8b1a2709c170ec4fff4f,1285.094607947819822177,1285.0946079478198221760000000000000000000007781528253370464323034,16.911727999999999999986840091075468362413513927351776965688653260,0.0066611382111515517605731475759185694118597399512174760976574541472,same_tx_swap_flow_allocation
0x4e3ae00e8323558fa5cac04b152238924aa31b60,0xd97c13b42ee93f4b346f01ca143708cc11c1fd27b43a4079f7cccbb85ca0db1c,51219018,2,0xef1313c5fc72844a18c3fcbf5b26b6459e935cb6,18657.896517466945283458,0,0,0,unknown_transfer_or_unpriced_swap
0x4e3ae00e8323558fa5cac04b152238924aa31b60,0xecda38a6f62b14b253e013a0e257d887e652b44a61c95cf3d8250188c21823e2,51219871,325,0x6f10424b4f5ce3b80a999c6937226c59ddaf9def,20000,0,0,0,unknown_transfer_or_unpriced_swap
0x4e3ae00e8323558fa5cac04b152238924aa31b60,0x67ab5c3eb44dc1459fd33d2131aef5722572c1663e2ac21190a8a90078cee49e,51219871,374,0xef1313c5fc72844a18c3fcbf5b26b6459e935cb6,12467.332942314256199406,0,0,0,unknown_transfer_or_unpriced_swap
0x4e3ae00e8323558fa5cac04b152238924aa31b60,0x06061e9ef13d549953ec8bb3c44e3b677642d88c8a7d599322f97663625898e6,51219872,2,0x52dd4b87423b0a2e409f89a1571103475344f34b,12226.550000001002162688,0,0,0,unknown_transfer_or_unpriced_swap
0x4e3ae00e8323558fa5cac04b152238924aa31b60,0x4693beb704c25c075ed4789f843f9b16ce158f79b7e38c32674ed10a2d340546,51221691,8,0xef1313c5fc72844a18c3fcbf5b26b6459e935cb6,44300.050043287131054234,0,0,0,unknown_transfer_or_unpriced_swap
0xf0f349d0ed0673a77e0afcdffe00e8c023645a4e,0xbcd92600ec02fb0f5acec806966d81d02dd41ec2d6ec6bbbce8599d93cb2667a,51222067,458,0x7692acc1cdd771d09ebcae3663e1843b2911bec7,434543.226275478809075249,434543.226275478809075249,5061.47340032,2,same_tx_swap_flow_allocation
0x67505fc71782403718939b4bb3f6ab39be613f4f,0x7fbb122b3d3da09971e7b32549a899ea431e8d56eb73e256a305ef2190ceff68,51222739,246,0x063494f54f94c76125819bb942a5c5c159f66fc5,835480.764112255620892334,0E-65,0E-65,0E-65,unknown_transfer_or_unpriced_swap
0x67505fc71782403718939b4bb3f6ab39be613f4f,0x9d12e3810a81db649e0a4b2722d4fbebbef99a50e90644d24421b0ea9ed80a0b,51222772,291,0x9a44d4974cad27175458ee071c189c2619f417c0,395714.3443342131834361,0E-66,0E-66,0E-66,unknown_transfer_or_unpriced_swap
0x67505fc71782403718939b4bb3f6ab39be613f4f,0x90fe8aadbddd7afdb19249c37c1f6b749c8a7a5922cfe94dd4b3f6290a7bb792,51222885,293,0xb92fe925dc43a0ecde6c8b1a2709c170ec4fff4f,861.332249280124285074,861.332249280124285074,9.868159,0.0039061242988841521099777147086880969627879176512965447902688880708,same_tx_swap_flow_allocation
0x67505fc71782403718939b4bb3f6ab39be613f4f,0x5ecd8cb4aa9a2ffa69de0a1292d45174938be866dbe8d86cc002709d3e2ae4da,51222888,207,0xb92fe925dc43a0ecde6c8b1a2709c170ec4fff4f,855.914499173230603887,855.91449917323060388600000000000000000000116834099780521136306057,9.8672623637416592442184716728443402614105773734449775910238174817,0.0039057693823616309999954367295026145679347422440635141058467490319,same_tx_swap_flow_allocation
0x67505fc71782403718939b4bb3f6ab39be613f4f,0x169c45610387b2dccaa08c1a36f46f4e13c9e310f959617777fc24b7e26d0994,51222891,282,0xb92fe925dc43a0ecde6c8b1a2709c170ec4fff4f,855.926246493391878092,855.92624649339187809100000000000000000000116832496269025258098619,9.8681361054747471630484708102527488816124313464332500254318338231,0.0039061152365188819999954363880620302500514308686645252304456796314,same_tx_swap_flow_allocation
0x67505fc71782403718939b4bb3f6ab39be613f4f,0x90bc5505d2e35aeecda7ead20ec9fe100753370fca1965e0c30e636c63e38c78,51222894,262,0xb92fe925dc43a0ecde6c8b1a2709c170ec4fff4f,856.880447413918878521,856.880447413918878521,9.8798769069284377506,0.00391076261095282,same_tx_swap_flow_allocation
0x67505fc71782403718939b4bb3f6ab39be613f4f,0xf53106bd9f64e4b8bd06e752291f7f82974ae478b57786bc7da8033ac14cd715,51222896,366,0xb92fe925dc43a0ecde6c8b1a2709c170ec4fff4f,856.438145917966130494,856.438145917966130494,9.87551670746082086181,0.003909036708371757,same_tx_swap_flow_allocation
0x67505fc71782403718939b4bb3f6ab39be613f4f,0xa13f7d9c639814f9e880606ec5453949beb7cb7a6aeb96a6018d7aec35adbb09,51222899,284,0xb92fe925dc43a0ecde6c8b1a2709c170ec4fff4f,850.040356944896410339,850.040356944896410339,9.82325797748974647462,0.003888351077448214,same_tx_swap_flow_allocation
0x4e3ae00e8323558fa5cac04b152238924aa31b60,0x6283848953d1c0677871b72764df918eb4dd5f60b7f92f0febb0ce803568ffb2,51223155,722,0xef1313c5fc72844a18c3fcbf5b26b6459e935cb6,44372.641087294428357495,0,0,0,unknown_transfer_or_unpriced_swap
0x4e3ae00e8323558fa5cac04b152238924aa31b60,0x98d6e09e3e4b00346b8139b234b6aa2effe69ba02c9bf51bb1f21feded957b48,51223155,757,0x5f1c5951c5b1cc112ba9e89b9467edca33063453,39293.517904576342252278,0,0,0,unknown_transfer_or_unpriced_swap
0x4e3ae00e8323558fa5cac04b152238924aa31b60,0x1625e47f325e8d539e395508d568766bf262735d2812ffc6e6442544e6ddf867,51223156,23,0x52dd4b87423b0a2e409f89a1571103475344f34b,11183.640000001000262144,0,0,0,unknown_transfer_or_unpriced_swap
0x4e3ae00e8323558fa5cac04b152238924aa31b60,0x7de4a15494e41ef5e344ef4cc4a62ff1d7dfaeb0d3674996ae1345d7e1b3d0d1,51224844,285,0x6f10424b4f5ce3b80a999c6937226c59ddaf9def,25000,0,0,0,unknown_transfer_or_unpriced_swap
0x4e3ae00e8323558fa5cac04b152238924aa31b60,0xf917ce09f2f7bdb9edf2fd7de1b78b1b2a25a59d2ae37f041f7b7abd28f5cee8,51224844,313,0x52dd4b87423b0a2e409f89a1571103475344f34b,11546.480000001000524288,0,0,0,unknown_transfer_or_unpriced_swap
0x5c3e5b6780dc15b705f606f19b6a9206fea39cdf,0xf4842430eaa079b7878d03c77aefd2643f97a3a6c0fe3cb94a86c9939037f8a2,51225083,523,0x7692acc1cdd771d09ebcae3663e1843b2911bec7,193047.456354649832235924,193047.456354649832235924,1997.27172734760,0.792,same_tx_swap_flow_allocation
0x4e3ae00e8323558fa5cac04b152238924aa31b60,0x645903cdea602bf2f02986b3ccfd904d26c0df47a0e0cc3cbf8f2d2ac23ccf22,51225755,303,0xef1313c5fc72844a18c3fcbf5b26b6459e935cb6,14415.221971500148340729,0,0,0,unknown_transfer_or_unpriced_swap
0x4e3ae00e8323558fa5cac04b152238924aa31b60,0xfa1a59b9583ad656c54510c0c6ba8f0d9b6d7e58661188447a9a667d4f4c2aae,51225755,361,0x52dd4b87423b0a2e409f89a1571103475344f34b,12565.430000001002162688,0,0,0,unknown_transfer_or_unpriced_swap
0xf0f349d0ed0673a77e0afcdffe00e8c023645a4e,0x9c1eb3209a9d2b285e90069db5b615b9aa314039d8818935a7914dd3c5e33823,51225818,172,0x7692acc1cdd771d09ebcae3663e1843b2911bec7,122288.75980344397101475,122288.75980344397101475,1260.192349095,0.5,same_tx_swap_flow_allocation
0x67df1d22c03ce81dcd7c50a65d476b17f4934fd4,0xb8cbe2bb549de7176529cff3180668b38b471b92cfa0d9817eb03444350bb998,51226434,369,0x7692acc1cdd771d09ebcae3663e1843b2911bec7,196252.359648793536099843,196252.359648793536099843,2068.01939124,0.8217,same_tx_swap_flow_allocation
0x4e3ae00e8323558fa5cac04b152238924aa31b60,0x2c1170c81a22cf24968fe942f9516b254a7313e0a0db7a6deec8c48b3ede401e,51226661,2,0xef1313c5fc72844a18c3fcbf5b26b6459e935cb6,7363.958863724360366727,0,0,0,unknown_transfer_or_unpriced_swap
0x977b15009c23651c5357e0e4aa45efa890447f75,0xf1c5cad07b27f05a3c8f007f7b473f14f31b862303b5985e417aca8b71147350,51226964,714,0xb92fe925dc43a0ecde6c8b1a2709c170ec4fff4f,233003.239322612276907424,174929.04338372217180945324924201100260916298864748466322759181106,1866.0843850561657970795632985654855904494142627144442396582798938,0.74078693136063639599999682070114769968689452324354821134518111342,same_tx_swap_flow_allocation
0x67505fc71782403718939b4bb3f6ab39be613f4f,0x8073d7fe847b43e6ad0c462d64250db77292b70c8090392498cf57c96a4722dc,51227958,220,0xb92fe925dc43a0ecde6c8b1a2709c170ec4fff4f,62316.927277287074805971,37047.189748838396014562405503586786424423464779831744370080582372,391.14627636128516818565156034402118480293225401719786833130495630,0.15513864461609528299999751048950270307456743213793132521384111260,same_tx_swap_flow_allocation
0xff3014e22c63aae2a9159d1c4658dff86d01959f,0xd510b7373c7554e4f192744bc079a7a3a173fe0e64050dcc8f6cb14d2e6cf643,51230010,557,0xb92fe925dc43a0ecde6c8b1a2709c170ec4fff4f,721478.427152975445681412,333430.67162906764216013300000000000000000000000,3656.1425615242259373756784000000000000000000000000000000000000000,1.4487119929118213131680480801471035171342741193811007673832518782,same_tx_swap_flow_allocation
0x4e3ae00e8323558fa5cac04b152238924aa31b60,0x251e64a2751a699c98b0abb5a946abbf93565e3252bf37e26cab857649da59bf,51230643,2,0x5f1c5951c5b1cc112ba9e89b9467edca33063453,4468.137909210183331697,0,0,0,unknown_transfer_or_unpriced_swap
0x16d1ff31d9302109a64f3bd66526e063f468eb87,0x4487e429a85d92b9ac91999dae077a978d33cda093382660065841435774093e,51230708,52,0xb300000b72deaeb607a12d5f54773d1c19c7028d,218692.633402504568379046,0E-66,0E-66,0E-66,unknown_transfer_or_unpriced_swap
0x16d1ff31d9302109a64f3bd66526e063f468eb87,0x769a88ec1dc297a33e44d39e2c9ec0a88c5e3c191965c2206c0b2660496668cc,51230711,669,0xb300000b72deaeb607a12d5f54773d1c19c7028d,437122.232009602749399932,266933.98289170825593965800000000000000000000000,3062.8751182000000000000000000000000000000000000000000000000000000,1.2139918596208298739628477977793150262132654886488718511768412752,same_tx_swap_flow_allocation
0x16d1ff31d9302109a64f3bd66526e063f468eb87,0x8854e9603ada3c5e8946cc314468635f0e10f142da56d7a7cb841e0f189bc309,51230742,257,0x1231deb6f5749ef6ce6943a275a1d3e7486f4eae,43209.340638433473159647,26087.931573430208369631418936087674191637383616921668727107535238,303.00550287817815400491641823293827234820418716733186119825756602,0.12009833888709155921195058167283415491453263278853086496949163852,same_tx_swap_flow_allocation
0x16d1ff31d9302109a64f3bd66526e063f468eb87,0xf7e9ccb75c5da72d173ff325da378b935c9d70e6d899838921ef5fc39e40fac7,51230747,58,0x1231deb6f5749ef6ce6943a275a1d3e7486f4eae,43115.132970059032737565,29798.96958094693059749173326930648040176924030981226479300634688,346.96905467827128372212097413234210884655772074009427758329715424,0.13752359847021723639958416373709679106100822220313756863596375531,same_tx_swap_flow_allocation
0x16d1ff31d9302109a64f3bd66526e063f468eb87,0x3886e9c52d9fac8832e6ca2ac2d842223530ac189b0a635956a532687fab7f71,51230750,339,0xb300000b72deaeb607a12d5f54773d1c19c7028d,42579.994945150950557029,0E-67,0E-67,0E-67,unknown_transfer_or_unpriced_swap
0x16d1ff31d9302109a64f3bd66526e063f468eb87,0x88515a15f154a6936ee275cebb89f1735ba5abf009f2d857a35fe8168bf06f79,51230772,83,0x1231deb6f5749ef6ce6943a275a1d3e7486f4eae,43014.954741294946809751,26376.171697800493331914317191024858949081782762908920094915941031,307.85566792134158607510625635740583912928918798975544801775503810,0.12202073554153897640542776620686980903850389358868264860532293841,same_tx_swap_flow_allocation
0x16d1ff31d9302109a64f3bd66526e063f468eb87,0x59247f5a098ba753d8cda1618aac2ebb1d66373a615c0a39783f72ede0aea3f8,51230808,94,0x1231deb6f5749ef6ce6943a275a1d3e7486f4eae,213702.457523727648715693,138187.69717320594350877762176489880245054379991197067309961985091,1621.8128801859482820962488948292422143049738161286435860855589751,0.64319802282464259409888898510489351477086056742347403733658286615,same_tx_swap_flow_allocation
0x211c8e97a504d2d142bc945334d4a88bd3270b4d,0x49c24f45be60bb8de33169549c258d1b4869028825b28595a5668662d02f31c9,51231115,393,0x7273a102a1a20dd0eb01c23ce4b57daf6160bf77,84.772614254694684206,0E-1824,0E-1824,0E-1824,unknown_transfer_or_unpriced_swap
0x25eded2339466d3b7daf552b24d9b6e09b409b4b,0x49c24f45be60bb8de33169549c258d1b4869028825b28595a5668662d02f31c9,51231115,399,0x7273a102a1a20dd0eb01c23ce4b57daf6160bf77,16.084612903029627056,0E-2226,0E-2226,0E-2226,unknown_transfer_or_unpriced_swap
0x461d5072f3eef08dedc4a7d74fb6d79f99e25e73,0x49c24f45be60bb8de33169549c258d1b4869028825b28595a5668662d02f31c9,51231115,425,0x7273a102a1a20dd0eb01c23ce4b57daf6160bf77,79.287829085368539746,0E-3975,0E-3975,0E-3975,unknown_transfer_or_unpriced_swap
0x5c3e5b6780dc15b705f606f19b6a9206fea39cdf,0x49c24f45be60bb8de33169549c258d1b4869028825b28595a5668662d02f31c9,51231115,441,0x7273a102a1a20dd0eb01c23ce4b57daf6160bf77,31.49255173249189742,0E-5052,0E-5052,0E-5052,unknown_transfer_or_unpriced_swap
0x9622a7905307abe9686999c400b85a7b30775345,0x49c24f45be60bb8de33169549c258d1b4869028825b28595a5668662d02f31c9,51231115,490,0x7273a102a1a20dd0eb01c23ce4b57daf6160bf77,109.662064813865063003,0E-8353,0E-8353,0E-8353,unknown_transfer_or_unpriced_swap
0xa122c3ef0ced83be89922d99e8dde8f4e272eaca,0x49c24f45be60bb8de33169549c258d1b4869028825b28595a5668662d02f31c9,51231115,499,0x7273a102a1a20dd0eb01c23ce4b57daf6160bf77,78.531874522850204225,0E-8959,0E-8959,0E-8959,unknown_transfer_or_unpriced_swap
0xd8b7f8ee88f4a19933e21724a3227b04cc31e9fe,0xd494b4b3187d0f6b284ab26140b49ab18b0374e93552f3145c514d892dfcb809,51231116,174,0x7273a102a1a20dd0eb01c23ce4b57daf6160bf77,26.161856087733056254,0E-1615,0E-1615,0E-1615,unknown_transfer_or_unpriced_swap
0xfc90fd5e560471fab35e3703bf5ea4c54acee766,0xd494b4b3187d0f6b284ab26140b49ab18b0374e93552f3145c514d892dfcb809,51231116,206,0x7273a102a1a20dd0eb01c23ce4b57daf6160bf77,94.869924339451381535,0E-3740,0E-3740,0E-3740,unknown_transfer_or_unpriced_swap
0x4e3ae00e8323558fa5cac04b152238924aa31b60,0xe9ef7e2231547345e3619aca61ccefcf47f9bfdc2afc963c80ce73ed14ae707b,51231741,14,0x52dd4b87423b0a2e409f89a1571103475344f34b,6118.640000001000524288,0,0,0,unknown_transfer_or_unpriced_swap
0x4e3ae00e8323558fa5cac04b152238924aa31b60,0x0d72c5ff508654c672a5c87107b9cb9684980c362455786c43fdcf7e9bc3246e,51231772,1136,0xef1313c5fc72844a18c3fcbf5b26b6459e935cb6,8787.85425374157693411,0,0,0,unknown_transfer_or_unpriced_swap
0x67df1d22c03ce81dcd7c50a65d476b17f4934fd4,0xb5a570139dac56c3ef263ecc9c13e78872b57eb6e56204ed8f1224d171a0dc39,51232695,6,0x7692acc1cdd771d09ebcae3663e1843b2911bec7,351983.86966842058089319,351983.86966842058089319,4247.5063232151,1.683,same_tx_swap_flow_allocation
0x4e3ae00e8323558fa5cac04b152238924aa31b60,0x24250342275cd57800f1e7647def8b58cc2e5f23b28aec4ea20d14e1388681d0,51234795,211,0xef1313c5fc72844a18c3fcbf5b26b6459e935cb6,28655.46213514108761197,0,0,0,unknown_transfer_or_unpriced_swap
0x4e3ae00e8323558fa5cac04b152238924aa31b60,0xb4df28cc6a19639b3665ed4356294a15c5e21141a2cdd22b53bb1f5ee94704c2,51235111,5,0xef1313c5fc72844a18c3fcbf5b26b6459e935cb6,17620.482730658030385963,0,0,0,unknown_transfer_or_unpriced_swap
0x33dcea75de7cde9aabbc76482b35964e600ae359,0x8b64c9fcac8e478e8dc51d2f2e0130bbf27db22a4933a34fb3dfa8e61322c854,51236190,631,0xb92fe925dc43a0ecde6c8b1a2709c170ec4fff4f,180272.318312358191466814,135255.53322521527029976400000000000000000000000,1491.8544936211009862342406361200000000000000000000000000000000000,0.59093508278803320700000000000000000000000000000000000000000000000,same_tx_swap_flow_allocation
0x33dcea75de7cde9aabbc76482b35964e600ae359,0x0ea5c399266d004787cb07f3834265fbf11cef36d0aa5776440c0abd5dc8620c,51236193,243,0xb92fe925dc43a0ecde6c8b1a2709c170ec4fff4f,178473.079563208658274387,125503.20078202237602609700000000000000000000000,1398.6197156606976303146920274400000000000000000000000000000000000,0.55400406741868313400000000000000000000000000000000000000000000000,same_tx_swap_flow_allocation
0x33dcea75de7cde9aabbc76482b35964e600ae359,0x3db072791db5eca082e0022849f34326adf9c214414e3f0a5fd64892f560936e,51236195,640,0xb92fe925dc43a0ecde6c8b1a2709c170ec4fff4f,176659.43313742132391585,119307.21292574229172574600000000000000000000000,1343.0735683716183090900407907600000000000000000000000000000000000,0.53200180963337058812876969420874808857144039585516602144812374171,same_tx_swap_flow_allocation
0x33dcea75de7cde9aabbc76482b35964e600ae359,0x73e4d0900ce57694ba8627825bc449a299b2350a4f62bd7be7886dd99da04dbe,51236197,640,0xb92fe925dc43a0ecde6c8b1a2709c170ec4fff4f,175003.657887994542113752,120315.71061889633970133700000000000000000000000,1367.4097509492046664894889110400000000000000000000000000000000000,0.54164155943988434400000000000000000000000000000000000000000000000,same_tx_swap_flow_allocation
0x33dcea75de7cde9aabbc76482b35964e600ae359,0x2eb8430a15914647cebdc3abe25270299e543c732a4f9a1f59ff59e0b18139e0,51236199,465,0xb92fe925dc43a0ecde6c8b1a2709c170ec4fff4f,173283.165400414620096581,116553.07583301002508143700000000000000000000000,1337.7362849214792055977230588000000000000000000000000000000000000,0.52988767045226610980006450575885138047340614545745752269908732268,same_tx_swap_flow_allocation
0x33dcea75de7cde9aabbc76482b35964e600ae359,0xe726835e7cad0d72d1d067358178c784646f852487e91d51ef6c0dd6ede0c841,51236201,200,0xb92fe925dc43a0ecde6c8b1a2709c170ec4fff4f,171771.423604808596099138,101981.53969867590127051100000000000000000000000,1180.7997805764450152000359914000000000000000000000000000000000000,0.46772390945269566500000000000000000000000000000000000000000000000,same_tx_swap_flow_allocation
0x4e3ae00e8323558fa5cac04b152238924aa31b60,0xa33f9578f5a44d4111c798622ee4b3f91a8f0437efae294d9c6dd95d9ba5d705,51237155,330,0xef1313c5fc72844a18c3fcbf5b26b6459e935cb6,39346.981059981809686605,0,0,0,unknown_transfer_or_unpriced_swap
0x4e3ae00e8323558fa5cac04b152238924aa31b60,0x81d928b9be8a51fa8543826b381abac5777174fee87b7c35f41027f9d1a4400c,51237155,389,0x5f1c5951c5b1cc112ba9e89b9467edca33063453,6798.614923191851500857,0,0,0,unknown_transfer_or_unpriced_swap
0x4e3ae00e8323558fa5cac04b152238924aa31b60,0x3c0174419bc95f9aad508dddf1dbc01b58f059c1ee82079b1b152a69006f6bff,51239533,8,0x457d56fa065caa21c89670359f2b1edce6bb3b2a,6848.941219811965536446,0,0,0,unknown_transfer_or_unpriced_swap
0x4e3ae00e8323558fa5cac04b152238924aa31b60,0x1f8bebd9a6a9ceffa9572b544ed20d16064e9fcebaff703451a64ba84ec5fe08,51240617,2,0xef1313c5fc72844a18c3fcbf5b26b6459e935cb6,39916.660734418839592805,0,0,0,unknown_transfer_or_unpriced_swap
0x977b15009c23651c5357e0e4aa45efa890447f75,0x9da58b4d061faff0f5075e8460fdf6eb70e2c51edb7f8eba94308da6be3be81b,51241010,627,0xb92fe925dc43a0ecde6c8b1a2709c170ec4fff4f,4709.391435439502672068,4709.3914354395026720670000000000000000000002123416610636179306193,49.700517506360386380629446509556978013416870032953334720564487820,0.019721801492952757999995812239911819471372682626326678010445893710,same_tx_swap_flow_allocation
0x977b15009c23651c5357e0e4aa45efa890447f75,0xc3a60ad38210ae6be6cb23fbc2be77571a177d40075dbc08a01e1c4b4ef06dc2,51241014,223,0xb92fe925dc43a0ecde6c8b1a2709c170ec4fff4f,6181.792709948217655553,0E-200,0E-200,0E-200,unknown_transfer_or_unpriced_swap
0x4e3ae00e8323558fa5cac04b152238924aa31b60,0x4d7af8ff18f49681a6239b1b491bb830eff85d10d5f8999fde737c1ff1585fc7,51241095,302,0x457d56fa065caa21c89670359f2b1edce6bb3b2a,4765.818210353512053261,0,0,0,unknown_transfer_or_unpriced_swap
0x4e3ae00e8323558fa5cac04b152238924aa31b60,0x76325387f64c6528ccc69ccf59cbf23cf4d4e83905731877d4e476f13a103863,51241192,126,0xef1313c5fc72844a18c3fcbf5b26b6459e935cb6,48949.643003980187622549,0,0,0,unknown_transfer_or_unpriced_swap
0x8da2e73785a202263be1b04d3dcc8137181c89c3,0x849ff022bd45ca225ca9d0409451d1c50672bf89c518af1d4026e1ef014b9099,51245753,199,0xb92fe925dc43a0ecde6c8b1a2709c170ec4fff4f,133051.320499872222664712,93554.907674703194388628000000000000000000000000,1030.8943313398456711380901543000000000000000000000000000000000000,0.40882275229607191000000000000000000000000000000000000000000000000,same_tx_swap_flow_allocation
0x4e3ae00e8323558fa5cac04b152238924aa31b60,0x9bb15ce0911320c86d7c38d042b3ca609497c22bda80503f53785c5549c678ac,51246113,173,0xef1313c5fc72844a18c3fcbf5b26b6459e935cb6,44769.685568593128197808,0,0,0,unknown_transfer_or_unpriced_swap
0x4e3ae00e8323558fa5cac04b152238924aa31b60,0x0adddd27575c0b2943398b2c41af1b429e67f0a12a86c8bada0f5e1ce7e8804d,51246113,230,0x6f10424b4f5ce3b80a999c6937226c59ddaf9def,24999.999999999996362021,0,0,0,unknown_transfer_or_unpriced_swap
0x4e3ae00e8323558fa5cac04b152238924aa31b60,0x4ac4c5c3af423e58889e8272d631b07433f77472d394769df158da0d635641d2,51246113,232,0x52dd4b87423b0a2e409f89a1571103475344f34b,22535.890000000998623744,0,0,0,unknown_transfer_or_unpriced_swap
0x8da2e73785a202263be1b04d3dcc8137181c89c3,0x5907fa826b9082f310d377c7936393f64edb758846f2f895d5879224882c3fdc,51247764,23,0xb92fe925dc43a0ecde6c8b1a2709c170ec4fff4f,27453.605920250954179423,18874.205768891908020041000000000000000000000000,205.03252304700566152993573816000000000000000000000000000000000000,0.081535503106510136000000000000000000000000000000000000000000000000,same_tx_swap_flow_allocation
0x4e3ae00e8323558fa5cac04b152238924aa31b60,0xc07b162f01cb74815d7596b52279cfc03ed6e2184c2e5b3a1532786c1c5ba942,51248814,367,0xef1313c5fc72844a18c3fcbf5b26b6459e935cb6,9049.82957891567180204,0,0,0,unknown_transfer_or_unpriced_swap
0xf99d7a743d1b5b2ff28c22b2005cd98def3591de,0x37fc0bf790331f59925016942b13ff19be329377913982f1eb062e4cb8c3efb6,51249524,240,0xb92fe925dc43a0ecde6c8b1a2709c170ec4fff4f,48165.636660502470943431,42903.114861636043107909000000000000000000000000,443.85927661733519109096440658000000000000000000000000000000000000,0.17691364043138772100000000000000000000000000000000000000000000000,same_tx_swap_flow_allocation
0x67505fc71782403718939b4bb3f6ab39be613f4f,0xeb7ef0bd01a87641ef45e32b70a99de17dce420e2305eab7778f8745bac185cf,51250001,24,0xb92fe925dc43a0ecde6c8b1a2709c170ec4fff4f,225530.128022881993894868,225530.128022881993894868,2317.83485540614677788934547446,0.929025248370290742,same_tx_swap_flow_allocation
0x4e3ae00e8323558fa5cac04b152238924aa31b60,0x158b5b6e6375d233b2f9f48b0a5f8ff4265c7a76d8c6a5c81cb0bd84d6d2e86d,51250799,374,0x39176583a78443a64cd12ee18f8318dd8ed1268a,6717.989999999999803392,0,0,0,unknown_transfer_or_unpriced_swap
0x4e3ae00e8323558fa5cac04b152238924aa31b60,0xaa9040e9d818f0dc12c6034f393f57ac5c50e479f91c8835cacd6f87d5daadd6,51251250,2,0xef1313c5fc72844a18c3fcbf5b26b6459e935cb6,23863.70488076702759083,0,0,0,unknown_transfer_or_unpriced_swap
0xd929fce80152e986088af291b582890a6c6bc619,0x93b195f9ac92da99b81ae306d7d65cb96a8a1f8f939e654e5f4178ebbc5246e5,51252864,62,0x8f10b468b06c6fd214b65f87778827f7d113f996,213107.125854560394934161,96319.905845652491760948548021186718138595408634728350826979502977,982.36508249107354292586181231576599428207303550877412891904050105,0.39610016855551106099999814130960207384966369428405457646511460956,same_tx_swap_flow_allocation
0x977b15009c23651c5357e0e4aa45efa890447f75,0x0bff876cbb886bf56a0ab993aff35f0e3f9faef1f507c56f5508625144363663,51253345,489,0xb92fe925dc43a0ecde6c8b1a2709c170ec4fff4f,47262.404348496301810253,27183.322492036358374132000000000000000000000000,284.25468317143381626863909088000000000000000000000000000000000000,0.11460548468308808100000000000000000000000000000000000000000000000,same_tx_swap_flow_allocation
0x977b15009c23651c5357e0e4aa45efa890447f75,0x887e21dc8428f68d3ace555be44152be11766b67964f41869207c4c2cc80902b,51253356,27,0xb92fe925dc43a0ecde6c8b1a2709c170ec4fff4f,12251.477684734225914061,4174.9256061823040451060000000000000000000000000,43.714424877583724306119227840000000000000000000000000000000000000,0.017624732844652733000000000000000000000000000000000000000000000000,same_tx_swap_flow_allocation
0x1045162ce57c1075c1bc545e9a9affdb39287cb6,0xe756d84b29be9119665b6a6d826f24fe0183eb823d8383ebb09e54274b88a4cd,51254953,417,0xb92fe925dc43a0ecde6c8b1a2709c170ec4fff4f,340364.017262299142210979,245668.00184023271281025400000000000000000000000,2511.9387118213535183742044000000000000000000000000000000000000000,1.0155500236373230040000000000000000000000000000000000000000000000,same_tx_swap_flow_allocation
0x4e3ae00e8323558fa5cac04b152238924aa31b60,0x566a49652272219bd9bbc166004b9fd64161ce083d4d72f4c6db883850ff0743,51255206,3,0xb2e6cf3e1ff4ce3f4ecb0baebbc06e3f351f027e,12630.153697199999999999,0,0,0,unknown_transfer_or_unpriced_swap
0x4e3ae00e8323558fa5cac04b152238924aa31b60,0x4c01864bb1afa050695e0e9ff574f135a1ab57e7931b464653f57b162c604814,51255248,11,0xef1313c5fc72844a18c3fcbf5b26b6459e935cb6,48379.592141704941697276,0,0,0,unknown_transfer_or_unpriced_swap
0xfc90fd5e560471fab35e3703bf5ea4c54acee766,0x5f78ecff348ed4b20d6c74bcb93a3fb9baa77d8d9c8ac72d52e2d565959cd5ab,51255714,996,0xb92fe925dc43a0ecde6c8b1a2709c170ec4fff4f,107701.427112797957864158,78088.084081228441974930000000000000000000000000,775.06433700459410720000000000000000000000000000000000000000000000,0.31252594234056214000000000000000000000000000000000000000000000000,same_tx_swap_flow_allocation
0x4e3ae00e8323558fa5cac04b152238924aa31b60,0x9f79c650e69c5e79079571872d48a74a2d10ad732b75b7ef07be8ff7410084a5,51256259,154,0xef1313c5fc72844a18c3fcbf5b26b6459e935cb6,30714.216081649985512162,0,0,0,unknown_transfer_or_unpriced_swap
0x4e3ae00e8323558fa5cac04b152238924aa31b60,0x94614c6349f14f52e7387b8bbf97be42c99286882594efe8844e6c3f761788a9,51256259,407,0x5f1c5951c5b1cc112ba9e89b9467edca33063453,13179.021395437525372928,0,0,0,unknown_transfer_or_unpriced_swap
0x1045162ce57c1075c1bc545e9a9affdb39287cb6,0x988a92e30258ccc4f5980661baca2cd099657a4e52a5b7e42ccacec1eb59a15e,51256682,438,0xb92fe925dc43a0ecde6c8b1a2709c170ec4fff4f,103842.193103438278615356,89175.295518772051343333141242178601297253512567865674524560423706,845.88778054189928900956060440327669696118443275390872208934681331,0.34080833715200045099999671801676210249378663038965797023183294129,same_tx_swap_flow_allocation
0xf99d7a743d1b5b2ff28c22b2005cd98def3591de,0xf10fba507fc670d41d6920fd8a581fddf3feb99e2630af434319c265ba95c9fa,51256840,35,0xb92fe925dc43a0ecde6c8b1a2709c170ec4fff4f,97314.53069438320976231,75433.428796194911057786000000000000000000000000,719.49185521133165136239598289000000000000000000000000000000000000,0.29032223626205684300000000000000000000000000000000000000000000000,same_tx_swap_flow_allocation
0x16d1ff31d9302109a64f3bd66526e063f468eb87,0x4d10fd26d2637571f4b5dc5a5a661e5e92f78f261abed573ef0867ab097097ea,51257197,388,0xb300000b72deaeb607a12d5f54773d1c19c7028d,261840.321810745944423212,157369.63669782711687510300000000000000000000000,1479.5168399483100000000000000000000000000000000000000000000000000,0.59700000000000000000000000000000000000000000000000000000000000000,same_tx_swap_flow_allocation
0x16d1ff31d9302109a64f3bd66526e063f468eb87,0xdcf8d37bda2e1413c81b49f0b968a7eabb0a4fe73569391c5a1e82180b818fa0,51257201,425,0xb300000b72deaeb607a12d5f54773d1c19c7028d,258366.896205243041253259,181122.86105214844258633500000000000000000000000,1726.1029799396950000000000000000000000000000000000000000000000000,0.69650000000000000000000000000000000000000000000000000000000000000,same_tx_swap_flow_allocation
0x16d1ff31d9302109a64f3bd66526e063f468eb87,0x28be8381b85b525a9227398777d6a7321d9d686db415e4baff5f90fa379695a1,51257218,420,0xb300000b72deaeb607a12d5f54773d1c19c7028d,127767.930853716657148672,76946.649987131421006241000000000000000000000000,739.75841997415500000000000000000000000000000000000000000000000000,0.29850000000000000000000000000000000000000000000000000000000000000,same_tx_swap_flow_allocation
0x16d1ff31d9302109a64f3bd66526e063f468eb87,0x2b320266b02019a2fc493f63797ed7acacbf5544e3034782a3dcef5f3d66e09d,51257222,542,0xb300000b72deaeb607a12d5f54773d1c19c7028d,203745.317882065776066774,81553.952501852605076528000000000000000000000000,789.07564797243200000000000000000000000000000000000000000000000000,0.31840000000000000000000000000000000000000000000000000000000000000,same_tx_swap_flow_allocation
0x16d1ff31d9302109a64f3bd66526e063f468eb87,0x377f32db608f3b09863c9b0985bd681c9e90322d2734b2c47ca68625178fb32a,51257247,221,0xb300000b72deaeb607a12d5f54773d1c19c7028d,472560.883171385713498814,246675.91890858989708899300000000000000000000000,2410.6261045557797600000000000000000000000000000000000000000000000,0.97271200000000000000000000000000000000000000000000000000000000000,same_tx_swap_flow_allocation
0x977b15009c23651c5357e0e4aa45efa890447f75,0xa7217f1b00010bd0163426301ffeb70f3e887e67e5efa4bc2cff8afe1d26f74d,51257266,30,0xb92fe925dc43a0ecde6c8b1a2709c170ec4fff4f,50563.895256576350720509,38717.934708922349583634000000000000000000000000,381.27000062309753822826434921000000000000000000000000000000000000,0.15384629916070542700000000000000000000000000000000000000000000000,same_tx_swap_flow_allocation
0x977b15009c23651c5357e0e4aa45efa890447f75,0x03bc5dab33b6c698e7e638d2bbf5f9a5baabed31be18c20a1da21a43148d43d0,51257347,203,0xb92fe925dc43a0ecde6c8b1a2709c170ec4fff4f,4026.078318031531737138,302.26019876649825861600000000000000000000000000,2.9816670000000000000000000000000000000000000000000000000000000000,0.0012031327734412201303901188907994215499875095033854797936804798048,same_tx_swap_flow_allocation
0x2bb2173427bb17b78adaa3d5fad9716328c3d262,0x1e5bb5d6e0de7b88da80671dd51b930773241f6601e29291dd08c96a0731fe54,51258706,904,0xb92fe925dc43a0ecde6c8b1a2709c170ec4fff4f,40732.642903486821477496,33608.551966805672569154000000000000000000000000,328.16185623730625707108126966000000000000000000000000000000000000,0.13278942439497786100000000000000000000000000000000000000000000000,same_tx_swap_flow_allocation
0xf0f349d0ed0673a77e0afcdffe00e8c023645a4e,0x9e6856b99ac021ae6e705512098bec205cf31eeda13a7bfc065ac1fae6147da3,51259489,163,0x7692acc1cdd771d09ebcae3663e1843b2911bec7,51679.445749828836635216,51679.445749828836635216,490.92839644950494850678949933,0.198019801980198019,same_tx_swap_flow_allocation
0xf0f349d0ed0673a77e0afcdffe00e8c023645a4e,0xc77502391a2b0141e5ce2942f2d66da2f34b779039bdac65cd68f32e66f7f097,51259808,7,0x7692acc1cdd771d09ebcae3663e1843b2911bec7,54661.7717003613779511,54661.7717003613779511,491.67524752475247325624,0.198019801980198019,same_tx_swap_flow_allocation
0xf0f349d0ed0673a77e0afcdffe00e8c023645a4e,0x315be32021f7adecdbe4ed798a99a7555fb985ca1839beb9d2a946d3873f3ee9,51259814,970,0x7692acc1cdd771d09ebcae3663e1843b2911bec7,54428.747431392178974819,54428.747431392178974819,491.67524752475247325624,0.198019801980198019,same_tx_swap_flow_allocation
0xf0f349d0ed0673a77e0afcdffe00e8c023645a4e,0xbea995ed50b7ad05e8d592dae2c2e141878db76959e9ea41807655347cff9584,51259872,341,0x7692acc1cdd771d09ebcae3663e1843b2911bec7,53488.053074148322474993,53488.053074148322474993,492.67440871485148315318349619,0.198019801980198019,same_tx_swap_flow_allocation
0xf0f349d0ed0673a77e0afcdffe00e8c023645a4e,0x3bd72984916f51eef7cfe45dfa86311e043196c015f98554ebab0b55fd5e62e3,51259881,313,0x7692acc1cdd771d09ebcae3663e1843b2911bec7,53262.728965196413360334,53262.728965196413360334,492.67440871485148315318349619,0.198019801980198019,same_tx_swap_flow_allocation
0x4e3ae00e8323558fa5cac04b152238924aa31b60,0x89ad491d63fea727fd2b586a8ea4d538f7794a9da8897e079d47d15f06746dbc,51259882,8,0xef1313c5fc72844a18c3fcbf5b26b6459e935cb6,49947.810463048038703935,0,0,0,unknown_transfer_or_unpriced_swap
0x4e3ae00e8323558fa5cac04b152238924aa31b60,0xc620243d8c820c419293a067426069e65ef7ac9db0ceb1a60021d12ae0fac290,51259882,183,0xb2e6cf3e1ff4ce3f4ecb0baebbc06e3f351f027e,8417.099787746818399998,0,0,0,unknown_transfer_or_unpriced_swap
0x4e3ae00e8323558fa5cac04b152238924aa31b60,0xf479e72736f00e18f50671bc743d58010d5a1ca11933470c85dde9b83eece068,51259882,241,0x6c3cb7ba347a2c93cf73f03e71030666871f6bfd,7765.745500888742792308,0,0,0,unknown_transfer_or_unpriced_swap
0xc41ff324a9e61417833041c2ccb508683a079bb1,0x51c33ca267e3aa822b06b39d41d1772ca729740e3e2251fca082a6eacbd88adb,51261060,364,0xb92fe925dc43a0ecde6c8b1a2709c170ec4fff4f,106537.974082115259138018,90571.222009296510158767000000000000000000000000,846.05387721408706301004000000000000000000000000000000000000000000,0.33963336272383346300000000000000000000000000000000000000000000000,same_tx_swap_flow_allocation
0xc41ff324a9e61417833041c2ccb508683a079bb1,0x9e1d84691b5fa51695f565d7aa0ef843e914ab1151136f8783fc6585555c179d,51261419,348,0xb92fe925dc43a0ecde6c8b1a2709c170ec4fff4f,19319.16416151891984691,9435.3259030006530256015116079648106875100811971283591395440895266,90.159615235407060286596245711347458787200153580195938507810324260,0.036264244594147377999998122887497049137628716999727008096670022273,same_tx_swap_flow_allocation
0x67505fc71782403718939b4bb3f6ab39be613f4f,0xe3a219f33916519edae363a4b8a17f81d22d57793c33c9aa2b7c5944425287fc,51262157,141,0xb92fe925dc43a0ecde6c8b1a2709c170ec4fff4f,381586.264699416032429531,381586.264699416032429531,3541.27955165330278255422,1.422989267808384881,same_tx_swap_flow_allocation
0x4e3ae00e8323558fa5cac04b152238924aa31b60,0x04df949274f28fbca523fed0176dcd51a1b28ebfe80abd5f922e62d0cc836d77,51262227,373,0xb2e6cf3e1ff4ce3f4ecb0baebbc06e3f351f027e,23528.711120423802999997,0,0,0,unknown_transfer_or_unpriced_swap
0xf0f349d0ed0673a77e0afcdffe00e8c023645a4e,0x4d11f5814834ea5908a6a2af4fa70a69730789fb719370eafc05aac0f5a94b07,51262231,137,0x7692acc1cdd771d09ebcae3663e1843b2911bec7,56826.549070865382535521,56826.549070865382535521,492.79603960396039404378,0.198019801980198019,same_tx_swap_flow_allocation
0x4e3ae00e8323558fa5cac04b152238924aa31b60,0x4632c633403116f09bb836e4002f3cff2fcaf0dc84cb47be71edca953be44c0f,51262268,9,0x5f1c5951c5b1cc112ba9e89b9467edca33063453,18179.042525514528489327,0,0,0,unknown_transfer_or_unpriced_swap
0x67505fc71782403718939b4bb3f6ab39be613f4f,0xbb9c7b3dbb47ddde2360c6fcc9bfca2f0c2942f97ff4bfd165895fea4be45d63,51262321,446,0xb92fe925dc43a0ecde6c8b1a2709c170ec4fff4f,56986.947145817894214679,51289.532390100717449770000000000000000000000000,447.67655710858583687802000000000000000000000000000000000000000000,0.17988947975528037100000000000000000000000000000000000000000000000,same_tx_swap_flow_allocation
0x67505fc71782403718939b4bb3f6ab39be613f4f,0x901a5868ff01257c7562ff91d1acdf144b899cb93023525207a4409241fa24e1,51262373,316,0xb92fe925dc43a0ecde6c8b1a2709c170ec4fff4f,5756.237291333338135943,5756.2372913333381359420000000000000000000001737245963618651257025,49.692087164427883288731367262214981147036353390639920195180300628,0.019967727963460826999996531114519284240678108104346955419140045740,same_tx_swap_flow_allocation
0xfc90fd5e560471fab35e3703bf5ea4c54acee766,0x6acaf231960ea6e4487bdd04b7528561f4f1c0c6c8ab864bd85510a0615f7dcf,51264523,161,0xb92fe925dc43a0ecde6c8b1a2709c170ec4fff4f,46527.647000238473285327,41623.926680983840782174105393688170594548314083528615588367864801,375.02245638627397045627169659320758791377388866912405768523243551,0.14977089425849087999999678103441900418384143642223216564905961518,same_tx_swap_flow_allocation
0x2bb2173427bb17b78adaa3d5fad9716328c3d262,0xa1843c4b152acb21f1b4587c286bffbfed3e19c52a8a1e462c431100eac696d0,51265025,422,0xb92fe925dc43a0ecde6c8b1a2709c170ec4fff4f,113448.52282453494715132,103348.9812351256970054360890231211298334558281078678791135743368,906.55900954551700460926708576171838944383743034732489933118166793,0.36178772914055731299999681099656361223874637488697917165058490157,same_tx_swap_flow_allocation
0x67505fc71782403718939b4bb3f6ab39be613f4f,0x30497903296c1aab39c035b398ebc50022daadc31a8b64bdba798d7c42bddea5,51265042,244,0xb92fe925dc43a0ecde6c8b1a2709c170ec4fff4f,73915.819396213114409678,67999.468303791665554246080041743983217722163900002625333940720103,600.49905916894124085052752312607701893033385100965368175779570191,0.23964594547098199399999675785308979122764867877047349642453561473,same_tx_swap_flow_allocation
0x67df1d22c03ce81dcd7c50a65d476b17f4934fd4,0xaac4733f9be565230326581cb6ddb1838ef7965f8170ddc8dfa6c9896660cb24,51265056,502,0x7692acc1cdd771d09ebcae3663e1843b2911bec7,103124.191619076360096636,103124.191619076360096636,917.865749580219,0.3663,same_tx_swap_flow_allocation
0x368ef27439a75ff818ba4b1eeaf3c231c979ef05,0xf631c50402529c5fb0ddd509a303ec4d412c5170191b559f59c18c696f26f0f8,51265143,199,0x8f10b468b06c6fd214b65f87778827f7d113f996,3001407.450158955872678827,2307798.2202406587727427702310946585681205151976102435606316957493,22899.888433919685653621529421303337336656046743773469406229126506,9.1173173998448910339999969623193280998773252600184596113008962061,same_tx_swap_flow_allocation
0x4e3ae00e8323558fa5cac04b152238924aa31b60,0x1082b3330b4d678ec676f3fc014d13b89ea72b78c7f2db18d5e1bc5f58aee00a,51265217,280,0xb2e6cf3e1ff4ce3f4ecb0baebbc06e3f351f027e,23704.069356,0,0,0,unknown_transfer_or_unpriced_swap
0x7e3ba68c49561aae7c23c1d20fef0f1d7615a3ad,0x74db09449c012375b39feb14909a6b4b3ae349a1076b09d49f28963ab56e8cb4,51265458,365,0xfdf682f51fe81aa4898f0ae2163d8a55c127fbc7,888593.941163355259145656,756572.10276657010155739800000000000000000000000,8100.4489455473000000000000000000000000000000000000000000000000000,3.2300000000000000000000000000000000000000000000000000000000000000,same_tx_swap_flow_allocation
0x67df1d22c03ce81dcd7c50a65d476b17f4934fd4,0x64fc4ad533159674b509bd27f03419cb625bd7bf104fa574f9233df26c6745c3,51269570,772,0x7692acc1cdd771d09ebcae3663e1843b2911bec7,179048.581172609240269631,179048.581172609240269631,1918.4311909224,0.765864,same_tx_swap_flow_allocation
0xf055acd3193f0bc2a46c06e2b3398c6c9b3c0f97,0xc504533da4f65310d56b1758ae4187293be7f31be1037c2221ac3f711b163b00,51270357,209,0xb92fe925dc43a0ecde6c8b1a2709c170ec4fff4f,10959.090888270487175179,10408.795078927400963480000000000000000000000000,114.20749940392868576577686141000000000000000000000000000000000000,0.045619997856764195264074050499080384664642249848812231587484480520,same_tx_swap_flow_allocation
0x8b87ba04b378efc94d42f6d82ef7e6f52e48e4fd,0xc4ce398a32c2ea334ecc6411e17bff5066af75a77eda4e6992d56fa55c430281,51271068,121,0xb92fe925dc43a0ecde6c8b1a2709c170ec4fff4f,357093.983118450922597629,258770.33008671077995499900000000000000000000000,2910.9813669143789108102723747500000000000000000000000000000000000,1.1615449831155947090000000000000000000000000000000000000000000000,same_tx_swap_flow_allocation
0x4e3ae00e8323558fa5cac04b152238924aa31b60,0x78a7c9e502fb8b062804dff1169695b08356e0a099435e83f2ac500d9a24e612,51271302,22,0xaa5e5c97be235c3b7035bb1492fef2b4167edf05,4481.537386603395270299,0,0,0,unknown_transfer_or_unpriced_swap
0x4e3ae00e8323558fa5cac04b152238924aa31b60,0x3a9160fae9409888d309ae338b04b88b6e3f7a355ed9bf0944124a84d1e4fe69,51271972,282,0xb2e6cf3e1ff4ce3f4ecb0baebbc06e3f351f027e,57313.696130298399999998,0,0,0,unknown_transfer_or_unpriced_swap
0x4e3ae00e8323558fa5cac04b152238924aa31b60,0xb5baff312a950d47341344e84a151a3c4b6f5b55094a0a0da5c965494ef5779a,51271972,307,0xef1313c5fc72844a18c3fcbf5b26b6459e935cb6,45580.466768252472596039,0,0,0,unknown_transfer_or_unpriced_swap
0x4e3ae00e8323558fa5cac04b152238924aa31b60,0xc9b2d4a3129374f43b4c82279caed1cc77d01ab70eb2eeeaf9a32b8b6e9520d7,51271972,401,0x52dd4b87423b0a2e409f89a1571103475344f34b,22793.7400000010032768,0,0,0,unknown_transfer_or_unpriced_swap
0xfc90fd5e560471fab35e3703bf5ea4c54acee766,0x52b217ac27cf363a8eed7a358d521afe7430d3edd5bda9258f5c90a427b6c3e8,51273465,342,0xb92fe925dc43a0ecde6c8b1a2709c170ec4fff4f,9129.461735742202765174,9129.4617357422027651730000000000000000000001095354829173510372016,100.54859830190201633533271246072833842018252606997287974531935569,0.040020946755902144999995616286270282665186276923309748289454461842,same_tx_swap_flow_allocation
0x4e3ae00e8323558fa5cac04b152238924aa31b60,0x6faf38a857eef06fd9263bd7a5fe43ab791c376b0dce558e68817b62a8ee7bff,51274008,181,0xb2e6cf3e1ff4ce3f4ecb0baebbc06e3f351f027e,7376.219399837883999999,0,0,0,unknown_transfer_or_unpriced_swap
0x4e3ae00e8323558fa5cac04b152238924aa31b60,0x53d331e8146bf23d1c4f24a4ddac63c6a343ecfcb25b21809571692b15e12c55,51274464,438,0xb2e6cf3e1ff4ce3f4ecb0baebbc06e3f351f027e,72801.293150753949999999,0,0,0,unknown_transfer_or_unpriced_swap
0x4e3ae00e8323558fa5cac04b152238924aa31b60,0x6a675991edb56cdcbf33576b51459aef1917f258ca793d3f604d81d947df6443,51274464,690,0x6f10424b4f5ce3b80a999c6937226c59ddaf9def,35000,0,0,0,unknown_transfer_or_unpriced_swap
0x4e3ae00e8323558fa5cac04b152238924aa31b60,0xad60a2be85c177284176c686222c94de8609928ddb615c1d6a6cf7d6fea9377a,51274464,704,0x52dd4b87423b0a2e409f89a1571103475344f34b,26156.070000001004784128,0,0,0,unknown_transfer_or_unpriced_swap
0x4e3ae00e8323558fa5cac04b152238924aa31b60,0x603446aab51161ad1a67d49ac24613b5611d57d17547665d5c32a1328818cc0a,51274465,10,0x39176583a78443a64cd12ee18f8318dd8ed1268a,8292.470000000000589824,0,0,0,unknown_transfer_or_unpriced_swap
0xf055acd3193f0bc2a46c06e2b3398c6c9b3c0f97,0xca2715344b4f5b6f9a5221fe56a6fcb60696faab291375944a8021d6e068c634,51274801,200,0xb92fe925dc43a0ecde6c8b1a2709c170ec4fff4f,38203.523835477413808385,33706.827485876915343439117703706311632838679333207147119170111623,327.09293338091833005317328314757011587636761801511182544418387580,0.13203066185316968999999654401875539657906448976416520834234698740,same_tx_swap_flow_allocation
0xf055acd3193f0bc2a46c06e2b3398c6c9b3c0f97,0xc0d7943019794691cc48f581f51753340076c5b9cd546c09176814146c3c2622,51274813,614,0xb92fe925dc43a0ecde6c8b1a2709c170ec4fff4f,26354.230168407576613745,0E-67,0E-67,0E-67,unknown_transfer_or_unpriced_swap
0x9a44d4974cad27175458ee071c189c2619f417c0,0x09fcb461d2d6e45943dd335d6a2739503a45ac6b8ca30d3a81aeeec16c08990a,51274830,506,0xbc6d645cd3cf98fecc6f48b1b3fe16f7e8927d4a,206937.083364533899434004,206937.083364533899434004,2035.68064862085,0.8217,same_tx_swap_flow_allocation
0xf055acd3193f0bc2a46c06e2b3398c6c9b3c0f97,0x262c23c642f6e8acf0150853e832e1bdd13509dd3857d07a29af80d160432e6b,51275827,222,0xb92fe925dc43a0ecde6c8b1a2709c170ec4fff4f,44221.553492670024667289,0E-67,0E-67,0E-67,unknown_transfer_or_unpriced_swap
0x6f43d67ee1a636dae48b3afec63f2d20489482ec,0x6090ec9ea108b4e69cc6c1c6f482532e5d7b303368f1783bf47ef88fae9c923a,51276510,308,0x7692acc1cdd771d09ebcae3663e1843b2911bec7,190661.360927958457790307,190661.360927958457790307,1918.5232596,0.77411,same_tx_swap_flow_allocation
0x6f43d67ee1a636dae48b3afec63f2d20489482ec,0x6090ec9ea108b4e69cc6c1c6f482532e5d7b303368f1783bf47ef88fae9c923a,51276510,334,0x498581ff718922c3f8e6a244956af099b2652b2b,16815.239796213390908862,0E-67,0E-67,0E-67,unknown_transfer_or_unpriced_swap
0x6f43d67ee1a636dae48b3afec63f2d20489482ec,0x6090ec9ea108b4e69cc6c1c6f482532e5d7b303368f1783bf47ef88fae9c923a,51276510,336,0x3d3b216a8b176f0cc6cc29f185f6e0708b7482b0,1869.202813692336095076,1869.202813692336095076,18.800983,0.0075860581190787456221049403637889572136412789102470988879743055892,same_tx_swap_flow_allocation
0x6f43d67ee1a636dae48b3afec63f2d20489482ec,0x6090ec9ea108b4e69cc6c1c6f482532e5d7b303368f1783bf47ef88fae9c923a,51276510,341,0xba72e99bc76de8d342da78c0e4fc04d605936e71,34915.295319545357449899,0E-67,0E-67,0E-67,unknown_transfer_or_unpriced_swap
0x6f43d67ee1a636dae48b3afec63f2d20489482ec,0x4a08839a240afc591489a864a3b2c5d0e951014d3b8f3e915e9d46d1e0d4261c,51276524,24,0x7692acc1cdd771d09ebcae3663e1843b2911bec7,141202.652900715598250233,141202.652900715598250233,1439.878831980,0.5809805,same_tx_swap_flow_allocation
0x6f43d67ee1a636dae48b3afec63f2d20489482ec,0x4a08839a240afc591489a864a3b2c5d0e951014d3b8f3e915e9d46d1e0d4261c,51276524,50,0x498581ff718922c3f8e6a244956af099b2652b2b,16438.998405153012069196,0E-67,0E-67,0E-67,unknown_transfer_or_unpriced_swap
0x6f43d67ee1a636dae48b3afec63f2d20489482ec,0x4a08839a240afc591489a864a3b2c5d0e951014d3b8f3e915e9d46d1e0d4261c,51276524,52,0x3d3b216a8b176f0cc6cc29f185f6e0708b7482b0,1830.508641263104895289,1830.508641263104895289,18.675544,0.0075354444067851321034877903129488855533497958327280943849965299634,same_tx_swap_flow_allocation
0x6f43d67ee1a636dae48b3afec63f2d20489482ec,0x4a08839a240afc591489a864a3b2c5d0e951014d3b8f3e915e9d46d1e0d4261c,51276524,57,0xba72e99bc76de8d342da78c0e4fc04d605936e71,80691.533095118334930852,0E-67,0E-67,0E-67,unknown_transfer_or_unpriced_swap
0x6f43d67ee1a636dae48b3afec63f2d20489482ec,0xaffcbd9d445687365c45338ea198770a1f18ad51366b8bf024dda94d1c0330a2,51276622,341,0x7692acc1cdd771d09ebcae3663e1843b2911bec7,276883.35230615967140178,276883.35230615967140178,2882.22363216,1.162956,same_tx_swap_flow_allocation
0x6f43d67ee1a636dae48b3afec63f2d20489482ec,0xaffcbd9d445687365c45338ea198770a1f18ad51366b8bf024dda94d1c0330a2,51276622,367,0x498581ff718922c3f8e6a244956af099b2652b2b,23005.837144690834348087,0E-67,0E-67,0E-67,unknown_transfer_or_unpriced_swap
0x6f43d67ee1a636dae48b3afec63f2d20489482ec,0xaffcbd9d445687365c45338ea198770a1f18ad51366b8bf024dda94d1c0330a2,51276622,369,0x3d3b216a8b176f0cc6cc29f185f6e0708b7482b0,4594.198701652864917207,4594.198701652864917207,48.058896,0.019391410448845204086573379170096354040575219096499297922819929308,same_tx_swap_flow_allocation
0x6f43d67ee1a636dae48b3afec63f2d20489482ec,0xaffcbd9d445687365c45338ea198770a1f18ad51366b8bf024dda94d1c0330a2,51276622,375,0x498581ff718922c3f8e6a244956af099b2652b2b,18476.043535433436967431,0E-134,0E-134,0E-134,unknown_transfer_or_unpriced_swap
0x6f43d67ee1a636dae48b3afec63f2d20489482ec,0xaffcbd9d445687365c45338ea198770a1f18ad51366b8bf024dda94d1c0330a2,51276622,378,0xba72e99bc76de8d342da78c0e4fc04d605936e71,147812.007470108240099499,0E-66,0E-66,0E-66,unknown_transfer_or_unpriced_swap
0x5c3e5b6780dc15b705f606f19b6a9206fea39cdf,0xbe46ae8c47def7eba405695476fd65a4344382aaed367a94448d6f1872194fb1,51276888,760,0x240cb9f5abf5b0a6ccc8be4afe28fc2f9d447d7a,3216531.716782315565208316,0,0,0,unknown_transfer_or_unpriced_swap
0x6f43d67ee1a636dae48b3afec63f2d20489482ec,0x815140e36edb088e5c02f8e1a9cf49aa968d5fc28a9f3eda5a1d76c467fd2f7f,51277177,261,0x7692acc1cdd771d09ebcae3663e1843b2911bec7,598871.506991676550666517,598871.506991676550666517,6117.38588827669848,2.472177,same_tx_swap_flow_allocation
0x6f43d67ee1a636dae48b3afec63f2d20489482ec,0x815140e36edb088e5c02f8e1a9cf49aa968d5fc28a9f3eda5a1d76c467fd2f7f,51277177,278,0xba72e99bc76de8d342da78c0e4fc04d605936e71,68107.234363503995953176,0E-67,0E-67,0E-67,unknown_transfer_or_unpriced_swap
0x6f43d67ee1a636dae48b3afec63f2d20489482ec,0x815140e36edb088e5c02f8e1a9cf49aa968d5fc28a9f3eda5a1d76c467fd2f7f,51277177,286,0x498581ff718922c3f8e6a244956af099b2652b2b,46989.358065368558910936,0E-66,0E-66,0E-66,unknown_transfer_or_unpriced_swap
0x6f43d67ee1a636dae48b3afec63f2d20489482ec,0x815140e36edb088e5c02f8e1a9cf49aa968d5fc28a9f3eda5a1d76c467fd2f7f,51277177,288,0x3d3b216a8b176f0cc6cc29f185f6e0708b7482b0,6900.702403101508395873,6900.702403101508395873,70.754556,0.028593551098946172589908597317925912700441012820274658537769440253,same_tx_swap_flow_allocation
0x10b321e762b85df47782ac8dff9075b6428d98e6,0x4ec0a93714eebdf7b8e5cc2cf2bb5b9dd36e0396df235ab645beb4ab5149d744,51280088,1270,0xb92fe925dc43a0ecde6c8b1a2709c170ec4fff4f,305665.835631400112877142,305665.835631400112877142,2914.4523757114627510152107307,1.173139188089441953,same_tx_swap_flow_allocation
0x4e3ae00e8323558fa5cac04b152238924aa31b60,0x40a86955dd110183c0016df5229b236cdf8ab41218ef98ce71221d4ea19d2535,51280107,470,0x5f1c5951c5b1cc112ba9e89b9467edca33063453,12689.105964028977970676,0,0,0,unknown_transfer_or_unpriced_swap
0x4e3ae00e8323558fa5cac04b152238924aa31b60,0x18b59a10d1b36bccfa54715ce4f85670cecac175dc910e786d55f73362bbdb4c,51280148,11,0x39176583a78443a64cd12ee18f8318dd8ed1268a,14746.389999999999279104,0,0,0,unknown_transfer_or_unpriced_swap
0xc41ff324a9e61417833041c2ccb508683a079bb1,0x3003cb7256fa4e75c61fabb1bcce089d49e6d1e757323a92d0442b3e7edb128b,51280494,380,0xb92fe925dc43a0ecde6c8b1a2709c170ec4fff4f,103265.466496596565168034,95115.387196911371934644078923570252343792602242915044814380668562,916.78004014221797137031632750430800277931438947633496259008617026,0.36962736755472470899999642061010234329470389921235346677768822665,same_tx_swap_flow_allocation
0x4e3ae00e8323558fa5cac04b152238924aa31b60,0xe66c495c4a36c21e8986e0d2386cdade9efb90ff56fe8bd8d08e7d13421a3e96,51280869,68,0xb2e6cf3e1ff4ce3f4ecb0baebbc06e3f351f027e,20440.697124864141399998,0,0,0,unknown_transfer_or_unpriced_swap
0x4e3ae00e8323558fa5cac04b152238924aa31b60,0xa79c381feefe9e210aa825113ebd0dfaf501b0c3bd3323359fada38e4ccc6765,51280869,69,0x52dd4b87423b0a2e409f89a1571103475344f34b,10502.330000001000458752,0,0,0,unknown_transfer_or_unpriced_swap
0x4e3ae00e8323558fa5cac04b152238924aa31b60,0x4040a6a82fb8b8057d579ac74eef236ee674c38ebae24cc3c557ada46ea5a48d,51280869,436,0x5f1c5951c5b1cc112ba9e89b9467edca33063453,7584.5951736972166931,0,0,0,unknown_transfer_or_unpriced_swap
0x4e3ae00e8323558fa5cac04b152238924aa31b60,0xc1537006c814049d7f10592a619707c1e3d6e242270172b7f09ebf4cc59bb655,51280913,5,0x6f10424b4f5ce3b80a999c6937226c59ddaf9def,23534.69869956432012259,0,0,0,unknown_transfer_or_unpriced_swap
0x4e3ae00e8323558fa5cac04b152238924aa31b60,0x4d7b1e17db8cb9d16242899a6859f523d9021f7802dbc6581c16cae2a9c5ac06,51281387,731,0x52dd4b87423b0a2e409f89a1571103475344f34b,15941.060000001000393216,0,0,0,unknown_transfer_or_unpriced_swap
0xac5fdc54868c317f84aed49d8448594991f62c55,0x1a329d000143ccbbd8fd6189f5218c0682bcc645f758a656e9ec2e360ba3314d,51281485,336,0xb92fe925dc43a0ecde6c8b1a2709c170ec4fff4f,169269.312678733770164654,169269.312678733770164654,1507.82220753300491457342,0.603001046791282214,same_tx_swap_flow_allocation
0xf99d7a743d1b5b2ff28c22b2005cd98def3591de,0x51db0ef114367d0281be1ccd4ca863c22f1c6d0f3f62ff3026719b2d48f5ea8a,51287571,213,0xb92fe925dc43a0ecde6c8b1a2709c170ec4fff4f,96125.133833600985616735,80272.799223846379735954164913524460689478045461324879308919857176,746.69752162252248645762127486619498969258793067411017915472877052,0.29702070151486873199999691006202364273046660962833446879280622633,same_tx_swap_flow_allocation
0x4e3ae00e8323558fa5cac04b152238924aa31b60,0x885049bd2d1f308dc7811a0034355dc4064013cd7e01ff6034a1ebb374c4f6d0,51287776,5,0x5f1c5951c5b1cc112ba9e89b9467edca33063453,17678.074948751080534255,0,0,0,unknown_transfer_or_unpriced_swap
0x4e3ae00e8323558fa5cac04b152238924aa31b60,0x49637517b7098744263885d771e577e0aaebe8df04c86e5b8113e61c833f0402,51287776,123,0xb2e6cf3e1ff4ce3f4ecb0baebbc06e3f351f027e,7508.713930973569999999,0,0,0,unknown_transfer_or_unpriced_swap
0x979e5a4f228bca19add8a306acb4ded5287c452f,0x1caa5b5e99e5493183ba943fc96980b529dc75a1d778fd7e15733c52157a72fc,51288295,775,0xb92fe925dc43a0ecde6c8b1a2709c170ec4fff4f,194734.23147758790048293,175223.71086437704365317800000000000000000000000,1539.9103756837906285741000000000000000000000000000000000000000000,0.61026428188075004600000000000000000000000000000000000000000000000,same_tx_swap_flow_allocation
0x4e3ae00e8323558fa5cac04b152238924aa31b60,0xbebc0330adce49becac7b2ecb5cd774bbfb8f46f511ab390172e68173aeb5f1c,51288767,223,0x6f10424b4f5ce3b80a999c6937226c59ddaf9def,39977.290000000000873115,0,0,0,unknown_transfer_or_unpriced_swap
0x4e3ae00e8323558fa5cac04b152238924aa31b60,0x3694f7cd0b694d583ccb0ecf25f7bdc533a06dda4810b53b30dd6db61310c61e,51288767,259,0x52dd4b87423b0a2e409f89a1571103475344f34b,19186.3100000010016384,0,0,0,unknown_transfer_or_unpriced_swap
0x4e3ae00e8323558fa5cac04b152238924aa31b60,0xd051a465b7e953d7de96525d02ed67f7ff7a7d1bc9ad93fd09f4d26caca1c605,51288767,321,0xb2e6cf3e1ff4ce3f4ecb0baebbc06e3f351f027e,17854.150078775859999999,0,0,0,unknown_transfer_or_unpriced_swap
0x4e3ae00e8323558fa5cac04b152238924aa31b60,0x44deb4cd6fa99212aeba75ef5fe017957a8a6b1454efa3846b03fe86ea7d762d,51288767,346,0x6c3cb7ba347a2c93cf73f03e71030666871f6bfd,7091.586593379046592643,0,0,0,unknown_transfer_or_unpriced_swap
0xfc90fd5e560471fab35e3703bf5ea4c54acee766,0xcc639c7b6dd6f3a2de61e5c2456755835adcc75433c247c6658a9ca463b2b69f,51289876,54,0xb92fe925dc43a0ecde6c8b1a2709c170ec4fff4f,178847.618629761333713008,154906.30084461935179095113386433640306799552820433544776028377672,1331.1522947059682553152944747788811605434433710470808777640903560,0.52877779494382773899999704341718947642788839536769270452144652200,same_tx_swap_flow_allocation
0x67df1d22c03ce81dcd7c50a65d476b17f4934fd4,0xd6d5e52d75bf74f7fe5e960b276ae1c3d7d7ccf2d9ff2ed267c424d298f83a35,51289902,469,0x7692acc1cdd771d09ebcae3663e1843b2911bec7,72106.139323469418840162,72106.139323469418840162,625.05360232126416,0.248292,same_tx_swap_flow_allocation
0x979e5a4f228bca19add8a306acb4ded5287c452f,0x9d2c2dc5213467cee7761b7e8a3eb942901ccb7735adc0893e0e8019eb37e544,51291770,38,0xb92fe925dc43a0ecde6c8b1a2709c170ec4fff4f,174461.622816935266517564,174461.622816935266517564,1568.6372501963710676103132884,0.62204625799721467,same_tx_swap_flow_allocation
0x402b8bb4f40499882669472c8c2a8709bd0da061,0xd0a5e5e467ec0435cb5c059efb6465b96f2b3d8e80a415f71e54af77da8fbc83,51291825,466,0x111111125421ca6dc452d289314280a0f8842a65,274281.002549642981205826,221658.8898354595194396017488762322312735089963284994595593664482,2015.6437943507076196445984881183605912321668845421602580496296054,0.79978247879198315225716538429608314733206634469025182444911183276,same_tx_swap_flow_allocation
0x402b8bb4f40499882669472c8c2a8709bd0da061,0xedbb4cdd2b11341c79959e2076bc0da9cc118c1ced96e4390f013a9c42b58d43,51291950,492,0x111111125421ca6dc452d289314280a0f8842a65,275041.167104789238070131,248136.08824045892900774209782200660194121240068821430185536639918,2248.4469043058971883377944781732166726490669338489373225526965884,0.89221115422530972799999675608141276763136013605896700627103569294,same_tx_swap_flow_allocation
0xfc90fd5e560471fab35e3703bf5ea4c54acee766,0x6a09377e9c3847cca2f3545fb2e4d2c05036e698cd6185596a1123235988f561,51295291,381,0xb92fe925dc43a0ecde6c8b1a2709c170ec4fff4f,12108.921096480382845042,12108.921096480382845041000000000000000000000082583740700950074775,110.39265118541272260972206436191921344682026198072863387397523863,0.043683753928592165999996392432192717035414312532709513656847023923,same_tx_swap_flow_allocation
0x4e3ae00e8323558fa5cac04b152238924aa31b60,0x952faf4b21a8801e90d4a8c6053feebdc7cc2046d61079476c6f853be2b28760,51296808,377,0x5f1c5951c5b1cc112ba9e89b9467edca33063453,5979.131427687170684941,0,0,0,unknown_transfer_or_unpriced_swap
0x211c8e97a504d2d142bc945334d4a88bd3270b4d,0x057c21af9070e2d53ca5a7c9e6f4a283933b588ca2b40887a3f6b923fb958830,51297448,731,0x7273a102a1a20dd0eb01c23ce4b57daf6160bf77,118.665721467573560821,0E-1417,0E-1417,0E-1417,unknown_transfer_or_unpriced_swap
0x25eded2339466d3b7daf552b24d9b6e09b409b4b,0x057c21af9070e2d53ca5a7c9e6f4a283933b588ca2b40887a3f6b923fb958830,51297448,735,0x7273a102a1a20dd0eb01c23ce4b57daf6160bf77,22.515433922210917972,0E-1683,0E-1683,0E-1683,unknown_transfer_or_unpriced_swap
0x461d5072f3eef08dedc4a7d74fb6d79f99e25e73,0x057c21af9070e2d53ca5a7c9e6f4a283933b588ca2b40887a3f6b923fb958830,51297448,758,0x7273a102a1a20dd0eb01c23ce4b57daf6160bf77,110.988053450196235198,0E-3230,0E-3230,0E-3230,unknown_transfer_or_unpriced_swap
0x5c3e5b6780dc15b705f606f19b6a9206fea39cdf,0x057c21af9070e2d53ca5a7c9e6f4a283933b588ca2b40887a3f6b923fb958830,51297448,774,0x7273a102a1a20dd0eb01c23ce4b57daf6160bf77,87.870978962993491752,0E-4306,0E-4306,0E-4306,unknown_transfer_or_unpriced_swap
0x9622a7905307abe9686999c400b85a7b30775345,0x057c21af9070e2d53ca5a7c9e6f4a283933b588ca2b40887a3f6b923fb958830,51297448,821,0x7273a102a1a20dd0eb01c23ce4b57daf6160bf77,153.506272670368274694,0E-7467,0E-7467,0E-7467,unknown_transfer_or_unpriced_swap
0xa122c3ef0ced83be89922d99e8dde8f4e272eaca,0x057c21af9070e2d53ca5a7c9e6f4a283933b588ca2b40887a3f6b923fb958830,51297448,827,0x7273a102a1a20dd0eb01c23ce4b57daf6160bf77,109.929859193163819343,0E-7868,0E-7868,0E-7868,unknown_transfer_or_unpriced_swap
0xd8b7f8ee88f4a19933e21724a3227b04cc31e9fe,0x88cf47e0578f8d966d33f1c3de6a3dee3b32f75574edb4dbef1aec52aeb551a1,51297449,273,0x7273a102a1a20dd0eb01c23ce4b57daf6160bf77,36.621679711968389169,0E-133,0E-133,0E-133,unknown_transfer_or_unpriced_swap
0xfc90fd5e560471fab35e3703bf5ea4c54acee766,0x88cf47e0578f8d966d33f1c3de6a3dee3b32f75574edb4dbef1aec52aeb551a1,51297449,299,0x7273a102a1a20dd0eb01c23ce4b57daf6160bf77,132.800057144535458769,0E-1855,0E-1855,0E-1855,unknown_transfer_or_unpriced_swap
0x0ca6cadb6a8ca4199788b9a060c3285fe7b897fd,0x91844a5615049ee1a4be93edd0a66b1514f0ab135d93573653241fdc9b2db5db,51298817,350,0xf01a4dabfd54d1a6a1812a95f7151e8da851de2e,121.242919908604289071,0E-810,0E-810,0E-810,unknown_transfer_or_unpriced_swap
0x25eded2339466d3b7daf552b24d9b6e09b409b4b,0x91844a5615049ee1a4be93edd0a66b1514f0ab135d93573653241fdc9b2db5db,51298817,371,0xf01a4dabfd54d1a6a1812a95f7151e8da851de2e,10.936574719069846489,0E-2235,0E-2235,0E-2235,unknown_transfer_or_unpriced_swap
0x3fa87fac3430294f5461f9599ed2c9bd7b7eda6d,0x91844a5615049ee1a4be93edd0a66b1514f0ab135d93573653241fdc9b2db5db,51298817,389,0xf01a4dabfd54d1a6a1812a95f7151e8da851de2e,158.295781676076574894,0E-3447,0E-3447,0E-3447,unknown_transfer_or_unpriced_swap
0x4552df0be3b02bfb80c3444b3f1465ee0bdb224c,0x91844a5615049ee1a4be93edd0a66b1514f0ab135d93573653241fdc9b2db5db,51298817,396,0xf01a4dabfd54d1a6a1812a95f7151e8da851de2e,38.398153065054760957,0E-3916,0E-3916,0E-3916,unknown_transfer_or_unpriced_swap
0x461d5072f3eef08dedc4a7d74fb6d79f99e25e73,0x91844a5615049ee1a4be93edd0a66b1514f0ab135d93573653241fdc9b2db5db,51298817,397,0xf01a4dabfd54d1a6a1812a95f7151e8da851de2e,32.36925850842743832,0E-3982,0E-3982,0E-3982,unknown_transfer_or_unpriced_swap
0x68ccd83694d6b664a62982310fcefc9f792f39d6,0x91844a5615049ee1a4be93edd0a66b1514f0ab135d93573653241fdc9b2db5db,51298817,420,0xf01a4dabfd54d1a6a1812a95f7151e8da851de2e,29.527551007185541563,0E-5532,0E-5532,0E-5532,unknown_transfer_or_unpriced_swap
0x8da2e73785a202263be1b04d3dcc8137181c89c3,0x91844a5615049ee1a4be93edd0a66b1514f0ab135d93573653241fdc9b2db5db,51298817,446,0xf01a4dabfd54d1a6a1812a95f7151e8da851de2e,150.827465874474485966,0E-7278,0E-7278,0E-7278,unknown_transfer_or_unpriced_swap
0xd8b7f8ee88f4a19933e21724a3227b04cc31e9fe,0x935437c4c22d91a5853f81919dac79984b75a96099b23ca995731619a2b13b20,51298818,250,0xf01a4dabfd54d1a6a1812a95f7151e8da851de2e,33.377196399748003259,0E-936,0E-936,0E-936,unknown_transfer_or_unpriced_swap
0xfc90fd5e560471fab35e3703bf5ea4c54acee766,0x935437c4c22d91a5853f81919dac79984b75a96099b23ca995731619a2b13b20,51298818,271,0xf01a4dabfd54d1a6a1812a95f7151e8da851de2e,6.776914576897806398,0E-2325,0E-2325,0E-2325,unknown_transfer_or_unpriced_swap
0x977b15009c23651c5357e0e4aa45efa890447f75,0x8afd20a6a13f9c87de20b0cdc720a7e8222ed66bd6247c7a16dab733c09566cd,51299699,306,0xb92fe925dc43a0ecde6c8b1a2709c170ec4fff4f,22010.343212217897597425,20359.770421731086031863000000000000000000000000,183.90528981150090859583400000000000000000000000000000000000000000,0.073239140105432220000000000000000000000000000000000000000000000000,same_tx_swap_flow_allocation
0x4e3ae00e8323558fa5cac04b152238924aa31b60,0x534dd20e3194baa3ac97b35e92e196537af88353638c08c4b55b55fe1d3c13a0,51300549,158,0x5f1c5951c5b1cc112ba9e89b9467edca33063453,6275.618826378023074561,0,0,0,unknown_transfer_or_unpriced_swap
0x977b15009c23651c5357e0e4aa45efa890447f75,0xf08c799083a258ce5bfab016f6371fbaa987dca567854f618927670d11e06d09,51302200,444,0xb92fe925dc43a0ecde6c8b1a2709c170ec4fff4f,28489.416039568795394926,28489.416039568795394925000000000000000000000035100754561311661305,248.60809933511995833624747366812328376553039057817035706428047196,0.098980698968540036999996525702779198201846997139754185924718542049,same_tx_swap_flow_allocation
0xac5fdc54868c317f84aed49d8448594991f62c55,0x2933ae8f089242e8ba010e4bc4a873541bebdd4136855a5acd642077988cec1e,51302207,24,0xb92fe925dc43a0ecde6c8b1a2709c170ec4fff4f,171522.224678083325259151,162928.91558734043023612600000000000000000000000,1431.9691945987043472082562000000000000000000000000000000000000000,0.57012346806826003700000000000000000000000000000000000000000000000,same_tx_swap_flow_allocation
0x977b15009c23651c5357e0e4aa45efa890447f75,0xdc3498c651d860ba70631bbd6e70c08eb61eb41bcc4be8cbe3bb7c089740b3a6,51303048,501,0xb92fe925dc43a0ecde6c8b1a2709c170ec4fff4f,280477.080270046366370886,280477.080270046366370886,2484.6947499676208818543758,0.988927644654752949,same_tx_swap_flow_allocation
0x10b321e762b85df47782ac8dff9075b6428d98e6,0x6d33deabdb58a6ca392c3a0ef13b9216bf50dd1ab1379e97f63c9ade542a814a,51303705,582,0xb92fe925dc43a0ecde6c8b1a2709c170ec4fff4f,791022.456629125375575653,687113.31736885926902082700000000000000000000000,6282.0152521596373403192000000000000000000000000000000000000000000,2.5112892821374439200000000000000000000000000000000000000000000000,same_tx_swap_flow_allocation
0x977b15009c23651c5357e0e4aa45efa890447f75,0xb5c8f3368c0627f4061d14f6f6138e3b974e380befa7ee4577f619dd8cfad6cc,51304083,560,0xb92fe925dc43a0ecde6c8b1a2709c170ec4fff4f,106168.708029067921311841,100490.79633819669334441905348008651773998248875583896726321907725,942.19265046827051726248961451458938063300475009181901597925440346,0.37582042463258472999999646015825557857510409955727110603319667317,same_tx_swap_flow_allocation
0x8b87ba04b378efc94d42f6d82ef7e6f52e48e4fd,0x123e3f4e10554586977dcaeb0a7d38e83ceb1d99d2315477849835ac0264917d,51304220,375,0xb92fe925dc43a0ecde6c8b1a2709c170ec4fff4f,520093.391480666877344458,441963.33483237441486021200000000000000000000000,4236.4172150080051968680287335900000000000000000000000000000000000,1.6940112727954188390000000000000000000000000000000000000000000000,same_tx_swap_flow_allocation
0x4e3ae00e8323558fa5cac04b152238924aa31b60,0x8908ffaebd8128cfa16a38c646c1eeab62970032e6a96620fb15e4a164847163,51304394,735,0xaa5e5c97be235c3b7035bb1492fef2b4167edf05,5400.601186469787159231,0,0,0,unknown_transfer_or_unpriced_swap
0x4e3ae00e8323558fa5cac04b152238924aa31b60,0x68bdae31bb5dea696b225f58c4a4dbc3dae7d28bf3ef77d58fce484833bef611,51306084,9,0x5f1c5951c5b1cc112ba9e89b9467edca33063453,42578.255182562531345075,0,0,0,unknown_transfer_or_unpriced_swap
0x8b87ba04b378efc94d42f6d82ef7e6f52e48e4fd,0x53208aff9da81ffdbf8830ca719c33f009207076d0472df352bfebfc4bf42145,51306338,45,0xb92fe925dc43a0ecde6c8b1a2709c170ec4fff4f,1203849.658541948929458447,1023062.3890508666424764320000000000000000000000,8395.6803767916467142115200000000000000000000000000000000000000000,3.3520507445348020930000000000000000000000000000000000000000000000,same_tx_swap_flow_allocation
0x67df1d22c03ce81dcd7c50a65d476b17f4934fd4,0xd2907411c175d8d21e55b483582fbb70ed75b2a2c06cb1867102f627d6b9cd3d,51306347,2,0x7692acc1cdd771d09ebcae3663e1843b2911bec7,128598.536267287881964129,128598.536267287881964129,1091.021184,0.4356,same_tx_swap_flow_allocation
0x4e3ae00e8323558fa5cac04b152238924aa31b60,0x6a6047dbb99e39e27ef9608f4069fe12be10ca873dd7ac34ad67bec4d2b68194,51306349,268,0xef1313c5fc72844a18c3fcbf5b26b6459e935cb6,63642.412698483870717499,0,0,0,unknown_transfer_or_unpriced_swap
0x4e3ae00e8323558fa5cac04b152238924aa31b60,0x62ef3ee05f81ef53f54856f6b30b19a54e2335f5b2df2437af05ee0ff8fcf7f0,51306476,96,0xb2e6cf3e1ff4ce3f4ecb0baebbc06e3f351f027e,17552.594472300002999998,0,0,0,unknown_transfer_or_unpriced_swap
0x67505fc71782403718939b4bb3f6ab39be613f4f,0x9630047abdb870fe98aa058dc6fa290a6e1ef8060cd015de194c251dedf6c0db,51306589,695,0xb92fe925dc43a0ecde6c8b1a2709c170ec4fff4f,11757.530095906948755582,11757.530095906948755581000000000000000000000085051876698841850276,98.563374601204109175849207650016396627579912122467813322117575274,0.039292939750730444999996658061733185852564243196082824802138046952,same_tx_swap_flow_allocation
0xc41ff324a9e61417833041c2ccb508683a079bb1,0x6099b15e7dc014116a4f181a27190456e05d2932dbb6f2a201cb990531bd96d8,51307520,816,0xb92fe925dc43a0ecde6c8b1a2709c170ec4fff4f,42684.551727183887269128,42684.551727183887269127000000000000000000000023427679559374278256,349.55775162636189616124392120300740225053401604148974716742746529,0.13864235587115464299999675193131329385591325790357648884945980691,same_tx_swap_flow_allocation
0x67505fc71782403718939b4bb3f6ab39be613f4f,0x98e27ec364b8e87274aa2ff58957663087f6b2013ba81c69eb1a806d32c5cdb5,51307924,246,0xb92fe925dc43a0ecde6c8b1a2709c170ec4fff4f,59093.302247309528543019,59093.302247309528543019,497.30691071494787649372813855,0.196640213934706185,same_tx_swap_flow_allocation
0x67505fc71782403718939b4bb3f6ab39be613f4f,0x84f3cea9d60e33db58fdc2a05f7ca878d0a7076e201e19378a9e51763d7a8c9b,51308475,29,0xb92fe925dc43a0ecde6c8b1a2709c170ec4fff4f,60523.873641223715461728,54463.259624618194762951000000000000000000000000,447.90231509290647484156129050000000000000000000000000000000000000,0.17676081459063185500000000000000000000000000000000000000000000000,same_tx_swap_flow_allocation
0x9a44d4974cad27175458ee071c189c2619f417c0,0x394ea2f4fce27e7eb594e52713b6fd09b493695ec8f2010d0e5dd4eb2dc7bd73,51309019,272,0xbc6d645cd3cf98fecc6f48b1b3fe16f7e8927d4a,6018.404228858144252626,6018.404228858144252626,50.042124,0.0198,same_tx_swap_flow_allocation
0x1045162ce57c1075c1bc545e9a9affdb39287cb6,0x059064be4d692e2a72cb48f58b29f0b257d0a0f221e3bf114580e7653cadc8ac,51310138,350,0xb92fe925dc43a0ecde6c8b1a2709c170ec4fff4f,223025.289817247433556069,200261.42927378886811970510206851681310154932242763691099508394544,1785.0497868883381700662807962001244295965779020504006269845729333,0.70532821162967965599999683745187728421542718880667075165484663066,same_tx_swap_flow_allocation
0x211c8e97a504d2d142bc945334d4a88bd3270b4d,0x47e9d2c76ccd462e90422bf8f7e8f9a8b138ba59b7863e0a95406531c95fa94f,51310208,379,0x7273a102a1a20dd0eb01c23ce4b57daf6160bf77,98.130265904573328008,0E-1484,0E-1484,0E-1484,unknown_transfer_or_unpriced_swap
0x25eded2339466d3b7daf552b24d9b6e09b409b4b,0x47e9d2c76ccd462e90422bf8f7e8f9a8b138ba59b7863e0a95406531c95fa94f,51310208,385,0x7273a102a1a20dd0eb01c23ce4b57daf6160bf77,18.61907120622999744,0E-1884,0E-1884,0E-1884,unknown_transfer_or_unpriced_swap
0x461d5072f3eef08dedc4a7d74fb6d79f99e25e73,0x47e9d2c76ccd462e90422bf8f7e8f9a8b138ba59b7863e0a95406531c95fa94f,51310208,408,0x7273a102a1a20dd0eb01c23ce4b57daf6160bf77,91.781241141949257639,0E-3429,0E-3429,0E-3429,unknown_transfer_or_unpriced_swap
0x5c3e5b6780dc15b705f606f19b6a9206fea39cdf,0x47e9d2c76ccd462e90422bf8f7e8f9a8b138ba59b7863e0a95406531c95fa94f,51310208,423,0x7273a102a1a20dd0eb01c23ce4b57daf6160bf77,65.398180551752499961,0E-4436,0E-4436,0E-4436,unknown_transfer_or_unpriced_swap
0x9622a7905307abe9686999c400b85a7b30775345,0x47e9d2c76ccd462e90422bf8f7e8f9a8b138ba59b7863e0a95406531c95fa94f,51310208,465,0x7273a102a1a20dd0eb01c23ce4b57daf6160bf77,126.941556237699519953,0E-7259,0E-7259,0E-7259,unknown_transfer_or_unpriced_swap
0xa122c3ef0ced83be89922d99e8dde8f4e272eaca,0x47e9d2c76ccd462e90422bf8f7e8f9a8b138ba59b7863e0a95406531c95fa94f,51310208,470,0x7273a102a1a20dd0eb01c23ce4b57daf6160bf77,90.906170544163705848,0E-7593,0E-7593,0E-7593,unknown_transfer_or_unpriced_swap
0xd8b7f8ee88f4a19933e21724a3227b04cc31e9fe,0x47e9d2c76ccd462e90422bf8f7e8f9a8b138ba59b7863e0a95406531c95fa94f,51310208,506,0x7273a102a1a20dd0eb01c23ce4b57daf6160bf77,30.284189263447783582,0E-10010,0E-10010,0E-10010,unknown_transfer_or_unpriced_swap
0xfc90fd5e560471fab35e3703bf5ea4c54acee766,0xfb8a32e9b09873a76a8463dd62fdcb44c72c5d584d6283e7c7cac7122479601e,51310209,556,0x7273a102a1a20dd0eb01c23ce4b57daf6160bf77,109.818612810581732238,0E-1654,0E-1654,0E-1654,unknown_transfer_or_unpriced_swap
0x4e3ae00e8323558fa5cac04b152238924aa31b60,0x1ea5a98dc01204c9f94aa8820a2a2a12d801c6725f264604f4d74585a58cfd36,51310927,702,0x52dd4b87423b0a2e409f89a1571103475344f34b,5687.500000001000131072,0,0,0,unknown_transfer_or_unpriced_swap
0xfc90fd5e560471fab35e3703bf5ea4c54acee766,0x562826723c176c38c62a863188d14aba8326b83f01526f42286ac789628f0fdb,51311074,285,0xb92fe925dc43a0ecde6c8b1a2709c170ec4fff4f,19711.705911875796853184,19711.705911875796853184,178.93585773543050426778195773,0.070479746508109391,same_tx_swap_flow_allocation
0x5c3e5b6780dc15b705f606f19b6a9206fea39cdf,0x22fa77f69e3f60407dd48f5feffbda5c6f6b38293eca9e056d3732e15da91e43,51311644,2,0x7692acc1cdd771d09ebcae3663e1843b2911bec7,27476.761268437956854976,27476.761268437956854976,251.20557,0.099,same_tx_swap_flow_allocation
0x67505fc71782403718939b4bb3f6ab39be613f4f,0xb56fb03cf9d7f0557d11d673871c631f4c0b0ae06075a797cb7a5361f0364577,51312039,30,0xb92fe925dc43a0ecde6c8b1a2709c170ec4fff4f,134177.723222584313612694,134177.723222584313612694,1183.99934155666994038488,0.466156155137433439,same_tx_swap_flow_allocation
0x67505fc71782403718939b4bb3f6ab39be613f4f,0xb680520028ac5b1a66f21cdda9ce4e699fc24187445a5927846b52c58a0b11ee,51312048,19,0xb92fe925dc43a0ecde6c8b1a2709c170ec4fff4f,5632.932391135855566259,987.83602598272622524000000000000000000000000000,8.6942720000000000000000000000000000000000000000000000000000000000,0.0034230495448675548836183816813127972534568017890327254401713439793,same_tx_swap_flow_allocation
0x00532b2e10626ed952d6664b9c6848646b227b57,0x1344a15c5c9619a2609f23cb485021d03ac7896a1a5e43858d82f0525ad94100,51314332,396,0x1e7d48e3bb3858d62c54db6c78c996a5eba77db9,891366.99764123306398367,780308.40488348917549483500000000000000000000000,7474.0777571648449098874474232400000000000000000000000000000000000,2.8840414743365374410000000000000000000000000000000000000000000000,same_tx_swap_flow_allocation
0x00532b2e10626ed952d6664b9c6848646b227b57,0x27d83001d6f18605bfa3c484d0aaae09f7a0667d15b3cd568c053b89d760e586,51314570,390,0x1c11e6c34ab842cd60bbdf0244ea963fc93eee3a,3789.855477193140447166,676.57388042924741050023016144054083849221758555632783198275527394,5.9328746807766127177291636387300554055202158935355850723846423596,0.0022874190764143654586737455009723950057804412618559206205110477136,same_tx_swap_flow_allocation
0x00532b2e10626ed952d6664b9c6848646b227b57,0xf98e55d220995375e0ad50edc87510bc9ee71ae7accd2b7b79cbc945e65aecfa,51314573,239,0x1c11e6c34ab842cd60bbdf0244ea963fc93eee3a,938582.812037814534340782,750085.59330535931446235500000000000000000000000,6775.3846064919376331442895681800000000000000000000000000000000000,2.6122486708088011380000000000000000000000000000000000000000000000,same_tx_swap_flow_allocation
0x4e3ae00e8323558fa5cac04b152238924aa31b60,0x6e0a1c66163b1b70148f18072bcb2d621a4d4f48576b4b804842048b0b59ed7f,51314812,1005,0x6c3cb7ba347a2c93cf73f03e71030666871f6bfd,6119.722953244991887643,0,0,0,unknown_transfer_or_unpriced_swap
0x4e3ae00e8323558fa5cac04b152238924aa31b60,0x4c03ef69af1b7020943b3d42843878fce6fe1f0275c387ce4e2def56a65ad1b1,51314813,19,0xef1313c5fc72844a18c3fcbf5b26b6459e935cb6,46311.362867644462802765,0,0,0,unknown_transfer_or_unpriced_swap
0x4e3ae00e8323558fa5cac04b152238924aa31b60,0x94ada783bdf4e63f4b2b642405848ef95ccde2f0b7f023d1f5bb0ea2e5f996ac,51314868,65,0x6f10424b4f5ce3b80a999c6937226c59ddaf9def,19896.370000000002619345,0,0,0,unknown_transfer_or_unpriced_swap
0x4e3ae00e8323558fa5cac04b152238924aa31b60,0x7ed83542e04a6dcd0e72f31bd4e757a6097c2b3c0b69726e11de6d968c0b701d,51314868,66,0xb2e6cf3e1ff4ce3f4ecb0baebbc06e3f351f027e,17698.133016899998999998,0,0,0,unknown_transfer_or_unpriced_swap
0x4e3ae00e8323558fa5cac04b152238924aa31b60,0x0afa1f486cdfc8b955143e2fb7a09b3d1cc78f0f7e9a8affb8ea3ca972ba79ee,51315494,200,0x5f1c5951c5b1cc112ba9e89b9467edca33063453,61326.376766900705806424,0,0,0,unknown_transfer_or_unpriced_swap
0x4e3ae00e8323558fa5cac04b152238924aa31b60,0xcb4b1c6ac37ce452f9240273c3a2288afa007fc50e90c66a2334b8cc9c024cda,51315494,254,0xb2e6cf3e1ff4ce3f4ecb0baebbc06e3f351f027e,23789.503720685693599998,0,0,0,unknown_transfer_or_unpriced_swap
0xf0f349d0ed0673a77e0afcdffe00e8c023645a4e,0x06c9c8e37ec42ccd0811dbd72f65669f3e24e7a9ae4a65b6cdf7452f795429e3,51315535,222,0x7692acc1cdd771d09ebcae3663e1843b2911bec7,29561.104181369494612266,29561.104181369494612266,253.1145346534653442313112,0.099009900990099009,same_tx_swap_flow_allocation
0xacf022d57bd37b7aafaa39b92be73ebf8540d4ec,0x6371f4f8ccb84ac35b44a00bec24396a0a64bff3667eee5bb2d60a1de1f06d6f,51316261,462,0xb92fe925dc43a0ecde6c8b1a2709c170ec4fff4f,27574.876535724245190367,27574.876535724245190367,239.35508731328061176081057124,0.093919917902620572,same_tx_swap_flow_allocation
0x0ca6cadb6a8ca4199788b9a060c3285fe7b897fd,0xceb17109eb3a11e5812184bb89976aff73767f9277bdd5af03e095ae3ec5a216,51321031,253,0xf01a4dabfd54d1a6a1812a95f7151e8da851de2e,77.09644011777367062,0E-808,0E-808,0E-808,unknown_transfer_or_unpriced_swap
0x25eded2339466d3b7daf552b24d9b6e09b409b4b,0xceb17109eb3a11e5812184bb89976aff73767f9277bdd5af03e095ae3ec5a216,51321031,274,0xf01a4dabfd54d1a6a1812a95f7151e8da851de2e,6.954393531250546961,0E-2232,0E-2232,0E-2232,unknown_transfer_or_unpriced_swap
0x3fa87fac3430294f5461f9599ed2c9bd7b7eda6d,0xceb17109eb3a11e5812184bb89976aff73767f9277bdd5af03e095ae3ec5a216,51321031,291,0xf01a4dabfd54d1a6a1812a95f7151e8da851de2e,100.657764280879248621,0E-3377,0E-3377,0E-3377,unknown_transfer_or_unpriced_swap
0x4552df0be3b02bfb80c3444b3f1465ee0bdb224c,0xceb17109eb3a11e5812184bb89976aff73767f9277bdd5af03e095ae3ec5a216,51321031,298,0xf01a4dabfd54d1a6a1812a95f7151e8da851de2e,24.416773454851551536,0E-3847,0E-3847,0E-3847,unknown_transfer_or_unpriced_swap
0x461d5072f3eef08dedc4a7d74fb6d79f99e25e73,0xceb17109eb3a11e5812184bb89976aff73767f9277bdd5af03e095ae3ec5a216,51321031,299,0xf01a4dabfd54d1a6a1812a95f7151e8da851de2e,16.45803222542993132,0E-3913,0E-3913,0E-3913,unknown_transfer_or_unpriced_swap
0x68ccd83694d6b664a62982310fcefc9f792f39d6,0xceb17109eb3a11e5812184bb89976aff73767f9277bdd5af03e095ae3ec5a216,51321031,320,0xf01a4dabfd54d1a6a1812a95f7151e8da851de2e,18.776099006573271723,0E-5330,0E-5330,0E-5330,unknown_transfer_or_unpriced_swap
0x8da2e73785a202263be1b04d3dcc8137181c89c3,0xceb17109eb3a11e5812184bb89976aff73767f9277bdd5af03e095ae3ec5a216,51321031,344,0xf01a4dabfd54d1a6a1812a95f7151e8da851de2e,95.908781310056086386,0E-6944,0E-6944,0E-6944,unknown_transfer_or_unpriced_swap
0xd8b7f8ee88f4a19933e21724a3227b04cc31e9fe,0x00f8f7718e295f5b76d82810056546f4376dfa313c1521b3cec32f426a041b70,51321032,320,0xf01a4dabfd54d1a6a1812a95f7151e8da851de2e,21.224027147087252049,0E-668,0E-668,0E-668,unknown_transfer_or_unpriced_swap
0xfc90fd5e560471fab35e3703bf5ea4c54acee766,0x00f8f7718e295f5b76d82810056546f4376dfa313c1521b3cec32f426a041b70,51321032,340,0xf01a4dabfd54d1a6a1812a95f7151e8da851de2e,4.309331953197132498,0E-1991,0E-1991,0E-1991,unknown_transfer_or_unpriced_swap
0x4e3ae00e8323558fa5cac04b152238924aa31b60,0xb51e0e0e2107574b93b78678e80fb88aa9f5faca343d8da9cebf007da72f4b34,51322149,5,0x5f1c5951c5b1cc112ba9e89b9467edca33063453,5810.480712843223356182,0,0,0,unknown_transfer_or_unpriced_swap
0xf0f349d0ed0673a77e0afcdffe00e8c023645a4e,0xfc3cae300e8aaa3d134c7984a0fe6d03dc3cf85964966f2049e0a2f7e7ea388e,51322878,423,0x7692acc1cdd771d09ebcae3663e1843b2911bec7,29475.5672654779860256,29475.5672654779860256,248.88219164158415615101364022,0.099009900990099009,same_tx_swap_flow_allocation
0x10b321e762b85df47782ac8dff9075b6428d98e6,0xfee19ea7aad6dd532eb80f44e486232654284a4a1e8fc57613f2a7bef3529a5c,51323499,698,0xb92fe925dc43a0ecde6c8b1a2709c170ec4fff4f,347455.94160485544893777,347455.94160485544893777,2882.3063006539085711927718,1.147175720545973961,same_tx_swap_flow_allocation
0x4e3ae00e8323558fa5cac04b152238924aa31b60,0xdc002d316dd80f76f5a5ef1e61bdc9fe5d0d3170645ae7a2ac9ddb2c9fbf6484,51323751,153,0xb2e6cf3e1ff4ce3f4ecb0baebbc06e3f351f027e,17623.063767600002999998,0,0,0,unknown_transfer_or_unpriced_swap
0xf0f349d0ed0673a77e0afcdffe00e8c023645a4e,0x72a704e0221f9be2894d1e5337cf2dd6e456e0061ae08717f756424432b6c9cc,51323850,10,0xba72e99bc76de8d342da78c0e4fc04d605936e71,62872.739100742640749483,0E-67,0E-67,0E-67,unknown_transfer_or_unpriced_swap
0x4e3ae00e8323558fa5cac04b152238924aa31b60,0xc6ec585cba8ac2c1705f0ad3a8caafbc648a321617e17e4b9c77d9b8e6eb153f,51325103,18,0x5f1c5951c5b1cc112ba9e89b9467edca33063453,7982.380766743778150852,0,0,0,unknown_transfer_or_unpriced_swap
0x4e3ae00e8323558fa5cac04b152238924aa31b60,0x35675588eefe0a84ea76340d578138199680a6d7ce7f5eca9b0f399831a60416,51325103,19,0xb2e6cf3e1ff4ce3f4ecb0baebbc06e3f351f027e,7757.492424300000999999,0,0,0,unknown_transfer_or_unpriced_swap
0x4e3ae00e8323558fa5cac04b152238924aa31b60,0xa5e31a73107e75b4a2f235695a3b0f326c1705515169302fe370208d30634801,51325189,314,0xb2e6cf3e1ff4ce3f4ecb0baebbc06e3f351f027e,14409.508165946782999998,0,0,0,unknown_transfer_or_unpriced_swap
0xf0f349d0ed0673a77e0afcdffe00e8c023645a4e,0xa514800040de323e0716dc11ab80510417272ee5cfcda88f75a01f7ef732f984,51325795,568,0xba72e99bc76de8d342da78c0e4fc04d605936e71,160333.301311591787150845,0E-66,0E-66,0E-66,unknown_transfer_or_unpriced_swap
0xf0f349d0ed0673a77e0afcdffe00e8c023645a4e,0x46e03821b1b57aced88760f9cea9c724be1c06a546aeebeceb5dc26b289f5f7c,51326112,115,0x7692acc1cdd771d09ebcae3663e1843b2911bec7,96057.157927463453800384,96057.157927463453800384,744.86435643564356259359,0.297029702970297029,same_tx_swap_flow_allocation
0xf0f349d0ed0673a77e0afcdffe00e8c023645a4e,0xd1f74827f2f07dd3e260bf1bbfb4c6a59dfc76cd51c401358a52afea0eccd5e0,51326335,1,0x7692acc1cdd771d09ebcae3663e1843b2911bec7,33231.93142676817155149,33231.93142676817155149,247.50198019801979972793,0.099009900990099009,same_tx_swap_flow_allocation
0x4e3ae00e8323558fa5cac04b152238924aa31b60,0x99365ff5414829c1b6930ce8d141a248a1278c1349e6cfedb33938760bb57f96,51326355,259,0x5f1c5951c5b1cc112ba9e89b9467edca33063453,17016.429055435608637205,0,0,0,unknown_transfer_or_unpriced_swap
0x4e3ae00e8323558fa5cac04b152238924aa31b60,0xefdc89c5717ac200cd3119a091a07e66b59143c947f9d0e82a6dc5d9cc8c5f50,51326742,5,0xb2e6cf3e1ff4ce3f4ecb0baebbc06e3f351f027e,30631.937805181665999998,0,0,0,unknown_transfer_or_unpriced_swap
0x4e3ae00e8323558fa5cac04b152238924aa31b60,0xb957f4692f604cf947389b4fdbeb030d2c27c2cdaa47d82a9fb887cdb486e683,51327232,557,0xb2e6cf3e1ff4ce3f4ecb0baebbc06e3f351f027e,21952.325982219501999997,0,0,0,unknown_transfer_or_unpriced_swap
0x4e3ae00e8323558fa5cac04b152238924aa31b60,0xc5dc9d6b5131bb6cd9f8be4df9307b9949d2f7b83761f27c321e1a7a7bfa7738,51327597,116,0xb2e6cf3e1ff4ce3f4ecb0baebbc06e3f351f027e,61366.042315019057999996,0,0,0,unknown_transfer_or_unpriced_swap
0x4e3ae00e8323558fa5cac04b152238924aa31b60,0x24fc05c07081c9f944f02e2503e7af48e662fbfeb3133e4a795e9b787b1224e5,51327597,283,0xef1313c5fc72844a18c3fcbf5b26b6459e935cb6,47929.152068641786509695,0,0,0,unknown_transfer_or_unpriced_swap
0x4e3ae00e8323558fa5cac04b152238924aa31b60,0x255e765f18fe8d7de85e75f5fec2157c5e9676ce40f9726537ff0ac6c749fa88,51327683,757,0x6f10424b4f5ce3b80a999c6937226c59ddaf9def,39999.999999999996362021,0,0,0,unknown_transfer_or_unpriced_swap
0x4e3ae00e8323558fa5cac04b152238924aa31b60,0xbd76de6d9e4f7c9335ff1e4da624344b1a46116c2d4e8daa57a0029a8895b2a9,51327684,372,0xb2e6cf3e1ff4ce3f4ecb0baebbc06e3f351f027e,10721.802780899999999999,0,0,0,unknown_transfer_or_unpriced_swap
0xf0f349d0ed0673a77e0afcdffe00e8c023645a4e,0x5840e1618078e6790a0c4746d8ee3c3a563be6c17239e94b80558e2b3110352a,51327744,1,0x7692acc1cdd771d09ebcae3663e1843b2911bec7,205717.028611616581213049,205717.028611616581213049,1238.06435643564356309361,0.495049504950495049,same_tx_swap_flow_allocation
0x4e3ae00e8323558fa5cac04b152238924aa31b60,0xd2136f5474e385e4f1b9badb131cb231c9b21d7aaa239aabe14357c837105263,51327839,5,0xb2e6cf3e1ff4ce3f4ecb0baebbc06e3f351f027e,8646.073701967786999999,0,0,0,unknown_transfer_or_unpriced_swap
0xfc90fd5e560471fab35e3703bf5ea4c54acee766,0x0c6bad437b706d5f7deccae105a550f449a3703c708bea4a11a4e7806cb26096,51328605,327,0xb92fe925dc43a0ecde6c8b1a2709c170ec4fff4f,437451.57272350153292171,349841.03523605652251415500000000000000000000000,2023.0765038761765749076433955400000000000000000000000000000000000,0.81084547433306659300000000000000000000000000000000000000000000000,same_tx_swap_flow_allocation
0x4e3ae00e8323558fa5cac04b152238924aa31b60,0xb0ba87c2a47837ea2b72e73486080e1c9b03523361238674f0f96b4158059860,51328613,10,0xef1313c5fc72844a18c3fcbf5b26b6459e935cb6,90156.443936862022630075,0,0,0,unknown_transfer_or_unpriced_swap
0x4e3ae00e8323558fa5cac04b152238924aa31b60,0x9899e08f68eb620f5d58d7cceca0de458003be6daeabc9bd9d1d863aa1c63b7c,51328613,266,0xb2e6cf3e1ff4ce3f4ecb0baebbc06e3f351f027e,62133.708656699998999997,0,0,0,unknown_transfer_or_unpriced_swap
0x4e3ae00e8323558fa5cac04b152238924aa31b60,0x73a274701d6fb5095646396a164bbb9b9c4be2f8e9b9010e0d5a9e7c5076ae8a,51328613,301,0x6f10424b4f5ce3b80a999c6937226c59ddaf9def,20000,0,0,0,unknown_transfer_or_unpriced_swap
0x4e3ae00e8323558fa5cac04b152238924aa31b60,0x4499c1b0cc26306620a3895a46acd8b0343a47fb56a3c2c2c8ce70048c5b3467,51328613,408,0x371f41fbf424fa514fad1cd3879b2309829e7529,17907.193477042478243944,0,0,0,unknown_transfer_or_unpriced_swap
0x4e3ae00e8323558fa5cac04b152238924aa31b60,0x3f52d7371a17510a0241fdca9ed6792cae4b9aecb7370be3bf42d44d343fa060,51328613,450,0x23e829647939359507c491bef51419698fe3a981,15830.440014327558584029,0,0,0,unknown_transfer_or_unpriced_swap
0x4e3ae00e8323558fa5cac04b152238924aa31b60,0xbb2596128840009fdbc0924810d4f3511f1dd5b972f6f633bfdf4c29360200a1,51328613,521,0x6c3cb7ba347a2c93cf73f03e71030666871f6bfd,11380.509139179584266398,0,0,0,unknown_transfer_or_unpriced_swap
0xf0f349d0ed0673a77e0afcdffe00e8c023645a4e,0xc2c0b66a03656245b36cd9ee60b0dafe343a9db39a0b76bab2758842b07cdc2c,51328644,10,0xba72e99bc76de8d342da78c0e4fc04d605936e71,82461.277696101983740245,0E-67,0E-67,0E-67,unknown_transfer_or_unpriced_swap
0x4e3ae00e8323558fa5cac04b152238924aa31b60,0x3fa17eb6c2d612752943ac9297193fa55a85cac660cd2357b447d3a9ef53604f,51328689,14,0xaa5e5c97be235c3b7035bb1492fef2b4167edf05,8794.819766540432620234,0,0,0,unknown_transfer_or_unpriced_swap
0xf0f349d0ed0673a77e0afcdffe00e8c023645a4e,0x76a2a926ea8249ceef2c14bba5544278b7df14e4a5841b4f1f86429d9d907163,51328751,354,0xba72e99bc76de8d342da78c0e4fc04d605936e71,40468.104202129504486591,0E-67,0E-67,0E-67,unknown_transfer_or_unpriced_swap
0x211c8e97a504d2d142bc945334d4a88bd3270b4d,0x71de027edf036e5b1dcaba8e67f4d483deabdfa2221b68d7bf56e7a5decf895b,51328823,370,0xb92fe925dc43a0ecde6c8b1a2709c170ec4fff4f,216607.175833753162950557,216607.175833753162950557,1352.16744389067914357286500895,0.542809692152598741,same_tx_swap_flow_allocation
0x4e3ae00e8323558fa5cac04b152238924aa31b60,0xe20a9fe9298371530a2b0c5a85bb4cb0a96aa4ba505683df2a270a6a5f758509,51329292,249,0x5f1c5951c5b1cc112ba9e89b9467edca33063453,14820.601287690182219719,0,0,0,unknown_transfer_or_unpriced_swap
0xf0f349d0ed0673a77e0afcdffe00e8c023645a4e,0xa8c05139f8771a62c209bd457a946a8ed6f9d06eb1468fe57a54f1be3d67442b,51329378,294,0x7692acc1cdd771d09ebcae3663e1843b2911bec7,210567.341329014240804409,210567.341329014240804409,1233.6023267326732660684583,0.495049504950495049,same_tx_swap_flow_allocation
0xf0f349d0ed0673a77e0afcdffe00e8c023645a4e,0x3ebbca37532e36fb35247cc970e8229aadc76ba74d568fbd2b36f982521e4677,51329387,245,0x7692acc1cdd771d09ebcae3663e1843b2911bec7,83321.33311559676811778,83321.33311559676811778,493.4409306930693049322573,0.198019801980198019,same_tx_swap_flow_allocation
0xf0f349d0ed0673a77e0afcdffe00e8c023645a4e,0x5c439465d951ba70263d4c436c89353a75d5053207c8e6cc5aa373dc1625d33d,51329393,1,0x7692acc1cdd771d09ebcae3663e1843b2911bec7,41498.154319214340973753,41498.154319214340973753,246.7204653465346512201903,0.099009900990099009,same_tx_swap_flow_allocation
0xf0f349d0ed0673a77e0afcdffe00e8c023645a4e,0xa7f83c2b948c19466d84b834b8637ff1e40e6f0f11ba31ca6898d36824d4b994,51329400,378,0x7692acc1cdd771d09ebcae3663e1843b2911bec7,41161.916636873002547604,41161.916636873002547604,246.7204653465346512201903,0.099009900990099009,same_tx_swap_flow_allocation
0x211c8e97a504d2d142bc945334d4a88bd3270b4d,0x52a7751c5a3f3e15f0adc9b0db5297457dda84fb2a1350dff0f00d613fa817ce,51329431,68,0xb92fe925dc43a0ecde6c8b1a2709c170ec4fff4f,1674791.49745286354622169,1674791.49745286354622169,10957.7962481762687059422081,4.397407082050355343,same_tx_swap_flow_allocation
0xf0f349d0ed0673a77e0afcdffe00e8c023645a4e,0x367fdd619e631979a224ee8585dc6f06d68fc02432a4157725a7ad17a3b037c6,51329446,197,0xba72e99bc76de8d342da78c0e4fc04d605936e71,37484.989977935886222435,0E-67,0E-67,0E-67,unknown_transfer_or_unpriced_swap
0x211c8e97a504d2d142bc945334d4a88bd3270b4d,0x9e66daf591861d8c9657a726262501e6c24736581e7cd1d817032dc6afe337d6,51329501,436,0xb92fe925dc43a0ecde6c8b1a2709c170ec4fff4f,649398.612080431883689207,565474.63995950360473776800000000000000000000000,3754.3661198133186876488730000000000000000000000000000000000000000,1.5066420099410691900000000000000000000000000000000000000000000000,same_tx_swap_flow_allocation
0xf0f349d0ed0673a77e0afcdffe00e8c023645a4e,0x9cb39bb4bab8515ede6debe8b38fb9c72721a81bb48baf08ba9714d494c1b75b,51329783,263,0x7692acc1cdd771d09ebcae3663e1843b2911bec7,80523.531142525111307913,80523.531142525111307913,493.4409306930693049322573,0.198019801980198019,same_tx_swap_flow_allocation
0x4e3ae00e8323558fa5cac04b152238924aa31b60,0x51c9d29043d5ab1e66318acd2b7353f1d92d703653c93c7a5ed46d49e585359c,51329871,234,0xef1313c5fc72844a18c3fcbf5b26b6459e935cb6,56203.932394547253932979,0,0,0,unknown_transfer_or_unpriced_swap
0x4e3ae00e8323558fa5cac04b152238924aa31b60,0xb73f52e3af13d43156b5ec46f1c2b4f24dd7cc56d1ccced6f379b8c6fc510594,51329871,922,0xb2e6cf3e1ff4ce3f4ecb0baebbc06e3f351f027e,43878.782919480644999998,0,0,0,unknown_transfer_or_unpriced_swap
0x5c3e5b6780dc15b705f606f19b6a9206fea39cdf,0xd26a072404fc8dc608771b8c007bb8ea923fdda71f106114a851f3102641b358,51330299,335,0x7692acc1cdd771d09ebcae3663e1843b2911bec7,117042.557871227194139422,117042.557871227194139422,737.45034518628,0.297,same_tx_swap_flow_allocation
0x67505fc71782403718939b4bb3f6ab39be613f4f,0xd092aaf4d540853bcfaa05a027b88ee6d2db6a0990a38eb352bcddfb5ddb7e88,51330426,33,0xb92fe925dc43a0ecde6c8b1a2709c170ec4fff4f,199396.944252577504798567,194405.78560876228189382600000000000000000000000,1211.4867141730300805833755420000000000000000000000000000000000000,0.48717676929596342000000000000000000000000000000000000000000000000,same_tx_swap_flow_allocation
0x67505fc71782403718939b4bb3f6ab39be613f4f,0x6a0b0e888a645e83fb1886d379cfbab0cd9ed4a973326c514abfabc250814699,51330674,523,0xb92fe925dc43a0ecde6c8b1a2709c170ec4fff4f,323948.567067357870683693,323948.567067357870683693,1989.3500760711519458040311298,0.799980001200906498,same_tx_swap_flow_allocation
0x67505fc71782403718939b4bb3f6ab39be613f4f,0xa13926fe1df5d96d3cc37fd95dedd42806a76556b85d31693d86df0d201c0127,51330735,46,0xb92fe925dc43a0ecde6c8b1a2709c170ec4fff4f,218753.918598346669572868,207836.77698888098617994200000000000000000000000,1307.5953523206225368870891547000000000000000000000000000000000000,0.52582506422682434700000000000000000000000000000000000000000000000,same_tx_swap_flow_allocation
0x211c8e97a504d2d142bc945334d4a88bd3270b4d,0x2fdb7ba0b81dff95aeb05773a419367f6c93e00a9f374b550afeb1343b269158,51331022,198,0xb92fe925dc43a0ecde6c8b1a2709c170ec4fff4f,51581.712650148340034523,51581.712650148340034523,312.74031880710611617671083848,0.125561497410552719,same_tx_swap_flow_allocation
0x67505fc71782403718939b4bb3f6ab39be613f4f,0x7bbd2e3fa4f88e18f4c87d73ac7cc61f2adc2908b4506fdfaaa9affefe1279d6,51331083,294,0xb92fe925dc43a0ecde6c8b1a2709c170ec4fff4f,178364.593944673434848641,178364.593944673434848641,1092.34684982348585713526,0.437830162139510386,same_tx_swap_flow_allocation
0x2bb2173427bb17b78adaa3d5fad9716328c3d262,0x8b09a3057f6d26d2fcd4b516bd548b2dfe58e41762f445264e426e1acef71185,51332090,575,0xb92fe925dc43a0ecde6c8b1a2709c170ec4fff4f,313319.772389737055916487,272112.86750241290593077613151709058458993867316759570219331710385,1728.6344370625109874290916543228034466002847215443158987617976619,0.69395847126028340399999778514306337146325306855305909375168241622,same_tx_swap_flow_allocation
0x9a44d4974cad27175458ee071c189c2619f417c0,0x25d2cb177fb94f7b57e320699b98da372a32eec44b2d79c397f69ffa57c37beb,51332153,165,0xbc6d645cd3cf98fecc6f48b1b3fe16f7e8927d4a,88816.478113962040487916,88816.478113962040487916,574.5936134666079,0.23067,same_tx_swap_flow_allocation
0xfc90fd5e560471fab35e3703bf5ea4c54acee766,0x5a3ed00412e9db36add782b528d093912da642d4feb36bf2168273f2aa63be92,51332200,335,0xb92fe925dc43a0ecde6c8b1a2709c170ec4fff4f,46552.671889816053730812,0E-67,0E-67,0E-67,unknown_transfer_or_unpriced_swap
0x211c8e97a504d2d142bc945334d4a88bd3270b4d,0x247ceb178ca4cd2d27f3ac6bd37d9b75bd291765d1cb61bc0a6aa236cdac0618,51332338,423,0x7273a102a1a20dd0eb01c23ce4b57daf6160bf77,138.962210911885177023,0E-1417,0E-1417,0E-1417,unknown_transfer_or_unpriced_swap
0x25eded2339466d3b7daf552b24d9b6e09b409b4b,0x247ceb178ca4cd2d27f3ac6bd37d9b75bd291765d1cb61bc0a6aa236cdac0618,51332338,428,0x7273a102a1a20dd0eb01c23ce4b57daf6160bf77,26.366455609725997955,0E-1751,0E-1751,0E-1751,unknown_transfer_or_unpriced_swap
0x461d5072f3eef08dedc4a7d74fb6d79f99e25e73,0x247ceb178ca4cd2d27f3ac6bd37d9b75bd291765d1cb61bc0a6aa236cdac0618,51332338,450,0x7273a102a1a20dd0eb01c23ce4b57daf6160bf77,129.971360739253272637,0E-3229,0E-3229,0E-3229,unknown_transfer_or_unpriced_swap
0x5c3e5b6780dc15b705f606f19b6a9206fea39cdf,0x247ceb178ca4cd2d27f3ac6bd37d9b75bd291765d1cb61bc0a6aa236cdac0618,51332338,464,0x7273a102a1a20dd0eb01c23ce4b57daf6160bf77,92.610324402092961482,0E-4170,0E-4170,0E-4170,unknown_transfer_or_unpriced_swap
0x9622a7905307abe9686999c400b85a7b30775345,0x247ceb178ca4cd2d27f3ac6bd37d9b75bd291765d1cb61bc0a6aa236cdac0618,51332338,506,0x7273a102a1a20dd0eb01c23ce4b57daf6160bf77,179.761861937072608423,0E-6991,0E-6991,0E-6991,unknown_transfer_or_unpriced_swap
0xa122c3ef0ced83be89922d99e8dde8f4e272eaca,0x247ceb178ca4cd2d27f3ac6bd37d9b75bd291765d1cb61bc0a6aa236cdac0618,51332338,510,0x7273a102a1a20dd0eb01c23ce4b57daf6160bf77,128.732173788608333218,0E-7257,0E-7257,0E-7257,unknown_transfer_or_unpriced_swap
0xd8b7f8ee88f4a19933e21724a3227b04cc31e9fe,0x247ceb178ca4cd2d27f3ac6bd37d9b75bd291765d1cb61bc0a6aa236cdac0618,51332338,547,0x7273a102a1a20dd0eb01c23ce4b57daf6160bf77,42.885422320317491472,0E-9742,0E-9742,0E-9742,unknown_transfer_or_unpriced_swap
0xfc90fd5e560471fab35e3703bf5ea4c54acee766,0x0eccd3587c55260d09340fa36cdf423551538bc693ddb6b286383d92ddb00961,51332339,272,0x7273a102a1a20dd0eb01c23ce4b57daf6160bf77,155.514071981369177353,0E-1390,0E-1390,0E-1390,unknown_transfer_or_unpriced_swap
0x9a44d4974cad27175458ee071c189c2619f417c0,0x8060e792e6c3e538f1a453317c1a94fcf01c58de6e5d1cea1f9e077cacc2ba00,51332759,167,0xbc6d645cd3cf98fecc6f48b1b3fe16f7e8927d4a,286617.995253451756440109,286617.995253451756440109,1897.082245179198,0.7623,same_tx_swap_flow_allocation
0x2bb2173427bb17b78adaa3d5fad9716328c3d262,0x98b53b4e5b91728a61d1bacdf1f34f21ef02b1c3ae527709e8f2293547dd70bc,51332850,504,0xb92fe925dc43a0ecde6c8b1a2709c170ec4fff4f,36962.256406062901485717,36962.256406062901485717,248.16403626429907852789214088,0.099719158368068388,same_tx_swap_flow_allocation
0x8da2e73785a202263be1b04d3dcc8137181c89c3,0x8e0bab43a6689d2f128c86c335a39c7066d36149b1df3418395c3987201303dc,51333725,524,0xb92fe925dc43a0ecde6c8b1a2709c170ec4fff4f,14257.593877411290150839,14257.593877411290150838000000000000000000000070138061765409682948,99.215246847742201216448363044888522689145461364356310649649492804,0.039995470826251616999997194795196851723041025426967794865365987325,same_tx_swap_flow_allocation
0x25eded2339466d3b7daf552b24d9b6e09b409b4b,0xb01f00ef5658a5a5135642ed19073e306034bac4faf93744457fa1a57f5f4b02,51334381,37,0x7692acc1cdd771d09ebcae3663e1843b2911bec7,342563.810092765193533191,342563.810092765193533191,2354.7756452345,0.95,same_tx_swap_flow_allocation
0x25eded2339466d3b7daf552b24d9b6e09b409b4b,0xb01f00ef5658a5a5135642ed19073e306034bac4faf93744457fa1a57f5f4b02,51334381,45,0x498581ff718922c3f8e6a244956af099b2652b2b,17976.602697214797223209,0E-67,0E-67,0E-67,unknown_transfer_or_unpriced_swap
0xc41ff324a9e61417833041c2ccb508683a079bb1,0xdc9f12d1f1cd5dc80ad282fd8d4eb78fa116203992cc2ea99ab7086760a6afbf,51334758,446,0xb92fe925dc43a0ecde6c8b1a2709c170ec4fff4f,7127.354912099898755942,7127.354912099898755941000000000000000000000140304504592907208735,49.851805846504799859836119767077644348867192623010094768749793463,0.020153400769419843999997172387089184233823107090426078950246552884,same_tx_swap_flow_allocation
0xfc90fd5e560471fab35e3703bf5ea4c54acee766,0x2939873d7c8e2ec1245d793045705b5a4b3465c6ff38e78709eb9230501314a3,51336564,354,0xb92fe925dc43a0ecde6c8b1a2709c170ec4fff4f,30837.504853895783818627,30837.504853895783818626000000000000000000000032428045159226536657,211.66687709375443563871083013695089127817758524649095489785417814,0.085608029043844995999997223898968173817522031615866429972041636637,same_tx_swap_flow_allocation
0xac5fdc54868c317f84aed49d8448594991f62c55,0x8f82699157567da3fd9ed511b266e9332c737d3a49f426917357647e5b9a41a4,51337224,25,0xb92fe925dc43a0ecde6c8b1a2709c170ec4fff4f,214861.762383098008168579,214861.762383098008168579,1482.63749265412253105489428850,0.599134725859065182,same_tx_swap_flow_allocation
0x8da2e73785a202263be1b04d3dcc8137181c89c3,0x76cc386be6bb7d7c366a40151b1a7d0acd3db6e64e23d7c1e67abcd43674787e,51337336,248,0xb92fe925dc43a0ecde6c8b1a2709c170ec4fff4f,15595.490201636402733227,15595.490201636402733227,109.38330463635540242875677475,0.044201860914460117,same_tx_swap_flow_allocation
0x33dcea75de7cde9aabbc76482b35964e600ae359,0x36b8a9b5ed88c2acd7009ce50030d8f03ceafcbe337b4658154c9abddadd18dc,51337405,328,0xb92fe925dc43a0ecde6c8b1a2709c170ec4fff4f,140398.229572327079182118,140398.229572327079182118,994.89100468706698494313717050,0.402036069036526806,same_tx_swap_flow_allocation
0x33dcea75de7cde9aabbc76482b35964e600ae359,0xbee594ec5c538958de78d1934328bf12cb82c15055288979c9640f3c8edbedbf,51337407,337,0xb92fe925dc43a0ecde6c8b1a2709c170ec4fff4f,139126.414919226177214135,139126.414919226177214135,994.77303855550882867819695350,0.401988398849955962,same_tx_swap_flow_allocation
0x33dcea75de7cde9aabbc76482b35964e600ae359,0xecd6ff124fe294c4d1eecd198ee082aeb8e1082d917504023fd8fa1cce54d48b,51337408,780,0xb92fe925dc43a0ecde6c8b1a2709c170ec4fff4f,138942.011256573082318867,100477.95379311818678705300000000000000000000000,721.19413326315703449440942975000000000000000000000000000000000000,0.29143499436958357700000000000000000000000000000000000000000000000,same_tx_swap_flow_allocation
0x33dcea75de7cde9aabbc76482b35964e600ae359,0x470e7797537ae6ba7c6f496df2dd0e6f07b4260a3b0fb7168d40e2dce8b824aa,51337410,438,0xb92fe925dc43a0ecde6c8b1a2709c170ec4fff4f,137823.461907778913283172,83903.925124002698836366391221755987054728977839104975497367807419,604.82598218294269324867084333910238630694687834621304705469857629,0.24441055269614264099999822664044776582534222873228215155873864981,same_tx_swap_flow_allocation
0x33dcea75de7cde9aabbc76482b35964e600ae359,0x31202627fed57b1df065a4c960a5da5c8d22b639bad2e8de0979238d2094f465,51337411,271,0xb92fe925dc43a0ecde6c8b1a2709c170ec4fff4f,137104.365939503441259871,137104.365939503441259871,994.65481967240479311521801425,0.401940626526329431,same_tx_swap_flow_allocation
0x33dcea75de7cde9aabbc76482b35964e600ae359,0x2e751096f45d2eb39e8fe471ecdbbbdd0ecb5ba46395417007e0a52a8160e8b1,51337412,393,0xb92fe925dc43a0ecde6c8b1a2709c170ec4fff4f,136545.930006951447520578,105396.18674590123193855522812648651969638555266537709181120395013,767.06416080006318636117136137257777648484912421245040921640404812,0.30997110080803262799999772991329150380213179019863722496605419619,same_tx_swap_flow_allocation
0x33dcea75de7cde9aabbc76482b35964e600ae359,0xcfdf457ea0b8c8e1106795b07574ca0a524ca97ba3714bba8c21ac5981878272,51337413,350,0xb92fe925dc43a0ecde6c8b1a2709c170ec4fff4f,135801.16826284841553146,115485.67406983862607386400000000000000000000000,845.60508498653626968702729300000000000000000000000000000000000000,0.34170953674690968614266177555012000870517186468603102956882439798,same_tx_swap_flow_allocation
0x33dcea75de7cde9aabbc76482b35964e600ae359,0x4b149534832c4cb3b868ba101af40ea272992adcd4d2df6d8d559b36925e9f54,51337414,200,0xb92fe925dc43a0ecde6c8b1a2709c170ec4fff4f,135047.08569261429982189,135047.08569261429982189,994.7489107344540061222134100,0.40197864878257612,same_tx_swap_flow_allocation
0x33dcea75de7cde9aabbc76482b35964e600ae359,0x5f564b2ca6d48d065cfff3276c5dacf2583df4e528ca8d5b34d6a7e93a03ee6c,51337415,38,0xb92fe925dc43a0ecde6c8b1a2709c170ec4fff4f,134221.617512729331811838,126569.33993247282026839705701225869618791909697273952132866264176,938.35847675437253052598355663713648991500827089363564714861856303,0.37919123960728995299999717488697697054535999828404962618714071629,same_tx_swap_flow_allocation
0x33dcea75de7cde9aabbc76482b35964e600ae359,0x2c0094c9ef1bd20e763a559a9e536ee01dea6dfe88b201a8cee98459a12ca8b4,51337415,584,0xb92fe925dc43a0ecde6c8b1a2709c170ec4fff4f,133536.205918120712193468,133536.20591812071219346700000000000000000000000748860575395680858,994.85056398355806549520745845634222555091672029406313048809199202,0.40201972692327902199999698943275975818780170620470358677399074554,same_tx_swap_flow_allocation
0x33dcea75de7cde9aabbc76482b35964e600ae359,0x3761b9241795ce3827cf1386fc76643e48e25da10adfcac8fb1f4b064dd64539,51337416,326,0xb92fe925dc43a0ecde6c8b1a2709c170ec4fff4f,132696.520969612919856958,132696.520969612919856958,994.71061505859115964970638800,0.401963173476324016,same_tx_swap_flow_allocation
0x33dcea75de7cde9aabbc76482b35964e600ae359,0x6bc7380e5a7aa423dcb2624e9a66c1d030bdff0c6e4105dcc9d5d72adafa3fb7,51337426,42,0xb92fe925dc43a0ecde6c8b1a2709c170ec4fff4f,132100.204895106701774451,103541.5722585273632169202161891623049043173877794406510534136163,780.00811610808444809663786583000552539067785312045900844878435341,0.31520176113695800599999761391921089568415278560767510631830789742,same_tx_swap_flow_allocation
0x33dcea75de7cde9aabbc76482b35964e600ae359,0x84e3982e36b9949748e3532a22d71d726d60b127ebc4d7a46d8f08dab814e3ea,51337427,391,0xb92fe925dc43a0ecde6c8b1a2709c170ec4fff4f,131316.378298725527867583,103009.83515263691812448721555988303070139428971352874096555560174,780.03099122022465693565162041087078438611648102326249146238203361,0.31521100498389228599999759960631668630537569272346445076812849409,same_tx_swap_flow_allocation
0x33dcea75de7cde9aabbc76482b35964e600ae359,0x8b6f8f657d43854bcd4c1e0dd400b18ab6e338d2f6b852a2416bde7ab6bb0402,51337428,337,0xb92fe925dc43a0ecde6c8b1a2709c170ec4fff4f,130648.531229022941898621,130648.531229022941898621,994.74579861308395423066670450,0.401977391172409694,same_tx_swap_flow_allocation
0x979e5a4f228bca19add8a306acb4ded5287c452f,0xefebcdc2a1b0fc0754ae9e78118447af7c39e8e63d666df8b38ee4361c4a3bef,51338601,319,0xb92fe925dc43a0ecde6c8b1a2709c170ec4fff4f,805939.902456025607317808,644257.05035099589743522200000000000000000000000,5156.9757334490789371023619964400000000000000000000000000000000000,2.0835158022493362140000000000000000000000000000000000000000000000,same_tx_swap_flow_allocation
0x979e5a4f228bca19add8a306acb4ded5287c452f,0xc74b4004de7093b5ff345f945e57067f4774d4ee326fae383669615bf2de5bf8,51338616,608,0xb92fe925dc43a0ecde6c8b1a2709c170ec4fff4f,591052.925578496851976199,591052.925578496851976199,4838.10316090889741728346563446,1.954685247650813951,same_tx_swap_flow_allocation
0x979e5a4f228bca19add8a306acb4ded5287c452f,0xecda1654f45e62051bc965540396614c194ccac6f2bd39afd6559f6dc7acdcd7,51338629,31,0xb92fe925dc43a0ecde6c8b1a2709c170ec4fff4f,433764.434759538922752513,368374.99232371378231699200000000000000000000000,3082.4895681720743992842468462600000000000000000000000000000000000,1.2453841277356217810000000000000000000000000000000000000000000000,same_tx_swap_flow_allocation
0x4e3ae00e8323558fa5cac04b152238924aa31b60,0x1a6240f118444c5ecf2e15b992093d513ffd11e88dbacb89131b625be8af7110,51339487,521,0x5f1c5951c5b1cc112ba9e89b9467edca33063453,11948.739692648354601055,0,0,0,unknown_transfer_or_unpriced_swap
0x4e3ae00e8323558fa5cac04b152238924aa31b60,0x8b232fe61de81f8d60f12df732d318770b91e9e4af4fe90d54485ec9ace0da4b,51339488,22,0xb2e6cf3e1ff4ce3f4ecb0baebbc06e3f351f027e,16644.213556200000999998,0,0,0,unknown_transfer_or_unpriced_swap
0x33dcea75de7cde9aabbc76482b35964e600ae359,0xf4ca0f7793738c2850419ef20b2f7f5de3f15b646c6cae2a4e73855830ca006a,51340227,499,0xb92fe925dc43a0ecde6c8b1a2709c170ec4fff4f,126044.135466862578675253,120798.397726019256299560041618261106820350469958959306647467315,953.00070659685714789763831789075408324574583259810109635383850114,0.38392543608372250899999695403967299487900653315365180116484573007,same_tx_swap_flow_allocation
0x33dcea75de7cde9aabbc76482b35964e600ae359,0xffab3753d342837c692acc361923cc3423f5062780bc1aa3f98a75a224ee9d85,51340227,718,0xb92fe925dc43a0ecde6c8b1a2709c170ec4fff4f,124928.783201773450158725,119723.04674954719868518104166963224014137726456033574448106227036,952.99464081398632786030096805676683076896981547992375307231541408,0.38392299242516302599999692686519002521610581520637387589292268577,same_tx_swap_flow_allocation
0x33dcea75de7cde9aabbc76482b35964e600ae359,0x18c52cc3b0c59d4e74154de484ca1f7566687ad3db85353e9388969c96210347,51340228,587,0xb92fe925dc43a0ecde6c8b1a2709c170ec4fff4f,124046.407521390844010834,118879.45227888626057243704165340492922845791431507900771838504551,953.10365956709563467054373311572610806744450228680988437343052699,0.38396691167101359599999690465109515725821872431121682843968660273,same_tx_swap_flow_allocation
0x33dcea75de7cde9aabbc76482b35964e600ae359,0xcff31209859f8f3b21647877daeaa7d9f49cc29dc4c03afa8bb8f49cd9fc8c64,51340230,461,0xb92fe925dc43a0ecde6c8b1a2709c170ec4fff4f,122992.17391747351220071,115536.07152343136120866606062257586442141643484280411231019090212,934.18299780499306460563176757300360541412160501023841582102954808,0.37634454238238226399999694009358160539878167688816065379197052316,same_tx_swap_flow_allocation
0x33dcea75de7cde9aabbc76482b35964e600ae359,0xb0b71e188213a27b78f9b7d69d6a025d3ea3c343aa0325058dd905188608ed78,51340231,285,0xb92fe925dc43a0ecde6c8b1a2709c170ec4fff4f,121909.88146314950027655,121909.88146314950027655,994.2559111377009890788043196,0.40054548923208486,same_tx_swap_flow_allocation
0x33dcea75de7cde9aabbc76482b35964e600ae359,0x6a45cdff8f989679e6e9acd92995b6b450e40c90f2aae1ad63984f3d6b4eab38,51340232,517,0xb92fe925dc43a0ecde6c8b1a2709c170ec4fff4f,120879.481543602881579061,120879.481543602881579061,994.20346649301650836788914388,0.400524361406112258,same_tx_swap_flow_allocation
0x33dcea75de7cde9aabbc76482b35964e600ae359,0xd13402e497cf5c995481e7e2622b294bd9dfb1f305ee21b47ba5c2f9700dc6e0,51340233,597,0xb92fe925dc43a0ecde6c8b1a2709c170ec4fff4f,120635.665126675724814309,78462.832360745098691772000000000000000000000000,648.16126754990638108533876030000000000000000000000000000000000000,0.26111795675923248239135402969542587834364296833737451103968813625,same_tx_swap_flow_allocation
0x33dcea75de7cde9aabbc76482b35964e600ae359,0xb63cf42f3eddd4062e179f090a87f9d704d99578f5e3fe46435fb1fcb0362730,51340234,333,0xb92fe925dc43a0ecde6c8b1a2709c170ec4fff4f,119478.779709086521742344,119478.779709086521742344,994.12686062844920889187599430,0.400493500001963255,same_tx_swap_flow_allocation
0x33dcea75de7cde9aabbc76482b35964e600ae359,0x9a6ed16c8384adc1ea923fb9db295df9ea5ea203d81bc4e48bf732d937d2357c,51340235,330,0xb92fe925dc43a0ecde6c8b1a2709c170ec4fff4f,118832.813934398467797797,0E-67,0E-67,0E-67,unknown_transfer_or_unpriced_swap
0x33dcea75de7cde9aabbc76482b35964e600ae359,0x5940262461c7d73aa277b7d8800747c10fb5368462ae01f6c55207cf94cfce38,51340244,200,0xb92fe925dc43a0ecde6c8b1a2709c170ec4fff4f,119023.121428263102653954,97089.025799194599968603184284325313115640416329854015905587247037,811.50537261468371548203303779185207111766455892922777440657759457,0.32692268946781874399999725328418928367952312429101443157213180507,same_tx_swap_flow_allocation
0x33dcea75de7cde9aabbc76482b35964e600ae359,0xba424d8b0f179612a0ed2025a165e253d2930c38c154754b45e5b0780d0cffd6,51340245,307,0xb92fe925dc43a0ecde6c8b1a2709c170ec4fff4f,117982.851431713491787795,117982.851431713491787795,993.96523404853228687061427212,0.400428387190663342,same_tx_swap_flow_allocation
0x33dcea75de7cde9aabbc76482b35964e600ae359,0x6ee7f07180736d9cdcf0078ea2400caa65bc06973765b002d701f88ac3119160,51340246,71,0xb92fe925dc43a0ecde6c8b1a2709c170ec4fff4f,117035.695328601115278537,95540.199297745904509582183666153907167447983627276480743490928565,811.28745362520656888487234981406134038995224069130363418231282163,0.32683489872171877299999720739131934010007802636355380806805385313,same_tx_swap_flow_allocation
0x977b15009c23651c5357e0e4aa45efa890447f75,0xd5392190e7b638b4888208d6db63421eca4c3c09a42da21f80cbf2ec4660007a,51342515,450,0xb92fe925dc43a0ecde6c8b1a2709c170ec4fff4f,28911.554423073245225059,27466.143459385712952035000000000000000000000000,226.77638779771732823644159792000000000000000000000000000000000000,0.091450949393147348000000000000000000000000000000000000000000000000,same_tx_swap_flow_allocation
0x977b15009c23651c5357e0e4aa45efa890447f75,0x24605de41760a90457626c515fe6b2970ac9c5bfe114dbb714a039fd387016ca,51342846,742,0xb92fe925dc43a0ecde6c8b1a2709c170ec4fff4f,60581.808528623171605922,60581.808528623171605922,497.61782555975681403174360888,0.200671785208016322,same_tx_swap_flow_allocation
0x977b15009c23651c5357e0e4aa45efa890447f75,0x179036c66f108a891b6a5df594f92d15826215eac33c25ec2655e646ac620876,51343570,311,0xb92fe925dc43a0ecde6c8b1a2709c170ec4fff4f,25588.250882730561262653,21329.841456613164069662166420496877001693321955900431952620310389,181.70917413300671610472568362625660233275368335166847248476324291,0.073357014561342582999997133175890078089458742844002351565674560557,same_tx_swap_flow_allocation
0x977b15009c23651c5357e0e4aa45efa890447f75,0xd7525ab34b63b07f42eb7ed4e06fb1c494655670d0685ede875965747a36fe33,51343875,65,0xb92fe925dc43a0ecde6c8b1a2709c170ec4fff4f,56907.105823077794917712,56907.105823077794917711000000000000000000000017572497942681623712,498.19079818750200349453797783322378720505239391459517287069396930,0.20076184924748790099999647211281712956057412275322589772167222011,same_tx_swap_flow_allocation
0x4e3ae00e8323558fa5cac04b152238924aa31b60,0xe5ae21b116178b95df64dbf37819d1d92e76eb4b607105e25c439ebbffe61f28,51345218,961,0x457d56fa065caa21c89670359f2b1edce6bb3b2a,7428.001047520832644592,0,0,0,unknown_transfer_or_unpriced_swap
0x4e3ae00e8323558fa5cac04b152238924aa31b60,0xe2b45c5b2a8ecb47e413ef7f8eab64d4d9b8157972a22346c0b52e109f7780b2,51345353,793,0xb2e6cf3e1ff4ce3f4ecb0baebbc06e3f351f027e,7689.820859252853999999,0,0,0,unknown_transfer_or_unpriced_swap
0x211c8e97a504d2d142bc945334d4a88bd3270b4d,0x2a924b67a007443f86e4bd60423034e19b3a6e679daab5f13534d4d310743063,51346329,32,0xb92fe925dc43a0ecde6c8b1a2709c170ec4fff4f,370284.726036554913243406,349604.19478947287785174305585034918518467521823891640711578839652,2835.1229339805149440758047770775677932000186601436157062569105763,1.1610213708917404719999968645172504978691124414611622878021238382,same_tx_swap_flow_allocation
0x979e5a4f228bca19add8a306acb4ded5287c452f,0x3ad54ebd39edea6aa07c236bad12508887f588ae6a26dd0f4c7bbb67c356e944,51346338,372,0xb92fe925dc43a0ecde6c8b1a2709c170ec4fff4f,341712.302001602971444946,315540.25755214544089881307659087570495122987826899556516366328908,2644.5998555281374144894563291914481796104489506084216595224126245,1.0829995810497292549999968306684462163469109762536528086149345239,same_tx_swap_flow_allocation
0x211c8e97a504d2d142bc945334d4a88bd3270b4d,0xd843fc9c2c40351f2b155a4f4f0b17bc16877fa34929064fca8b78f2af154327,51346347,378,0xb92fe925dc43a0ecde6c8b1a2709c170ec4fff4f,75048.445315837508406774,60531.913165284898272948193428819070941894457571092434218261481105,511.21758278083903034063262002558251931508715437973854173124461226,0.20935054761482549399999721046123295713162060755169654977143374404,same_tx_swap_flow_allocation
0x211c8e97a504d2d142bc945334d4a88bd3270b4d,0x64b2c7c92f274c1d0d9a83ada88cecbc595b4ddf03c8947ec79d6a9a7f384a23,51346428,723,0xb92fe925dc43a0ecde6c8b1a2709c170ec4fff4f,24784.440555098221958464,24784.440555098221958464,205.789971142789904134187382,0.0842737898763778,same_tx_swap_flow_allocation
0xfc90fd5e560471fab35e3703bf5ea4c54acee766,0x057cd017be76eef015859bc6c2aaf7a9dedef1ceeba6df92830e86451318e4d2,51346686,676,0xb92fe925dc43a0ecde6c8b1a2709c170ec4fff4f,12968.614718515128019502,9927.5454794560906696730000000000000000000000000,84.346396960914667844028383650000000000000000000000000000000000000,0.034662046800921691000000000000000000000000000000000000000000000000,same_tx_swap_flow_allocation
0x008808d79cc6b3893231d8a25208ffe1718a40e5,0xff0fa76c409e5c13def2d1d8734f92ec0459453b52e84fcb0dd717a517483153,51349289,284,0xb92fe925dc43a0ecde6c8b1a2709c170ec4fff4f,1560999.607503101342851957,1366582.7899786118611599340000000000000000000000,13059.964368570719140625539021580000000000000000000000000000000000,5.3827464939133235740000000000000000000000000000000000000000000000,same_tx_swap_flow_allocation
0x4e3ae00e8323558fa5cac04b152238924aa31b60,0x21451cd6e1c2501b8e51226cbb703c65f3dab75e74b496c6891e5e44589d2af8,51349530,283,0xb2e6cf3e1ff4ce3f4ecb0baebbc06e3f351f027e,5568.243915828437999999,0,0,0,unknown_transfer_or_unpriced_swap
0x211c8e97a504d2d142bc945334d4a88bd3270b4d,0xb4a182e997e75eea1675a81dd69420a71adc82beea5728ae464b06a1faa8b467,51349978,453,0x7273a102a1a20dd0eb01c23ce4b57daf6160bf77,96.029709113143672591,0E-1416,0E-1416,0E-1416,unknown_transfer_or_unpriced_swap
0x25eded2339466d3b7daf552b24d9b6e09b409b4b,0xb4a182e997e75eea1675a81dd69420a71adc82beea5728ae464b06a1faa8b467,51349978,457,0x7273a102a1a20dd0eb01c23ce4b57daf6160bf77,18.220515102138812666,0E-1684,0E-1684,0E-1684,unknown_transfer_or_unpriced_swap
0x461d5072f3eef08dedc4a7d74fb6d79f99e25e73,0xb4a182e997e75eea1675a81dd69420a71adc82beea5728ae464b06a1faa8b467,51349978,479,0x7273a102a1a20dd0eb01c23ce4b57daf6160bf77,89.816590301259143675,0E-3163,0E-3163,0E-3163,unknown_transfer_or_unpriced_swap
0x5c3e5b6780dc15b705f606f19b6a9206fea39cdf,0xb4a182e997e75eea1675a81dd69420a71adc82beea5728ae464b06a1faa8b467,51349978,493,0x7273a102a1a20dd0eb01c23ce4b57daf6160bf77,63.998280214799226508,0E-4107,0E-4107,0E-4107,unknown_transfer_or_unpriced_swap
0x9622a7905307abe9686999c400b85a7b30775345,0xb4a182e997e75eea1675a81dd69420a71adc82beea5728ae464b06a1faa8b467,51349978,539,0x7273a102a1a20dd0eb01c23ce4b57daf6160bf77,124.224270743649694636,0E-7196,0E-7196,0E-7196,unknown_transfer_or_unpriced_swap
0xa122c3ef0ced83be89922d99e8dde8f4e272eaca,0xb4a182e997e75eea1675a81dd69420a71adc82beea5728ae464b06a1faa8b467,51349978,544,0x7273a102a1a20dd0eb01c23ce4b57daf6160bf77,88.960251289189932875,0E-7531,0E-7531,0E-7531,unknown_transfer_or_unpriced_swap
0xd8b7f8ee88f4a19933e21724a3227b04cc31e9fe,0xb4a182e997e75eea1675a81dd69420a71adc82beea5728ae464b06a1faa8b467,51349978,579,0x7273a102a1a20dd0eb01c23ce4b57daf6160bf77,29.635931981722517181,0E-9881,0E-9881,0E-9881,unknown_transfer_or_unpriced_swap
0xfc90fd5e560471fab35e3703bf5ea4c54acee766,0xe620261b0616334549f14bd39dab022ec8567f5f0c034f1570dc34253acb50df,51349980,242,0x7273a102a1a20dd0eb01c23ce4b57daf6160bf77,107.598729232052451224,0E-1455,0E-1455,0E-1455,unknown_transfer_or_unpriced_swap
0x4e3ae00e8323558fa5cac04b152238924aa31b60,0x15294cb11ddab5ff1054d51fba5bfb29b33ef797354b1cb3a54fad2b9499b4ce,51350423,687,0xb2e6cf3e1ff4ce3f4ecb0baebbc06e3f351f027e,10950.521818540113999998,0,0,0,unknown_transfer_or_unpriced_swap
0x4e3ae00e8323558fa5cac04b152238924aa31b60,0xc1c6072c44333e66892626c3beb56c8f69a5bdc2a809f310e15dad4eaee95960,51350423,769,0x5f1c5951c5b1cc112ba9e89b9467edca33063453,7578.298988102482982676,0,0,0,unknown_transfer_or_unpriced_swap
0x977b15009c23651c5357e0e4aa45efa890447f75,0x451d988779aed362f297fbd02b00228349a82c5313a9f21a9a1976b0319b8046,51350760,841,0xb92fe925dc43a0ecde6c8b1a2709c170ec4fff4f,524908.545928855919317739,459564.72648970351761841800000000000000000000000,4348.3442181597792999557088301400000000000000000000000000000000000,1.7964625083033019540000000000000000000000000000000000000000000000,same_tx_swap_flow_allocation
0x0c175c6a0065ee05f871a68783d2de432a1e6cbe,0xffd939faef697090b1b914d47bfed9374cb8820a436c65e3d0aafbbca42d8354,51350993,362,0xb92fe925dc43a0ecde6c8b1a2709c170ec4fff4f,2002.88314082379038199,2002.8831408237903819890000000000000000000004992802523609528862413,19.206616630840325034571432915601553967837140797581550391543584612,0.0079225571298190849999960444236768798606643709102410653038942673607,same_tx_swap_flow_allocation
0x4e3ae00e8323558fa5cac04b152238924aa31b60,0x9d74f24d9208e73807310cfadaacb1b2f8076dd7ecbee0d32d4332fa622d8b13,51354469,144,0xbd46cf0958e4880633d320eed38785ee432269da,11230.730219649752918596,0,0,0,unknown_transfer_or_unpriced_swap
0x4e3ae00e8323558fa5cac04b152238924aa31b60,0xee21a6cd32c03295258edf4fcae729c8a9e72ff0ec788bae94f3660c2116589f,51354469,177,0xaa5e5c97be235c3b7035bb1492fef2b4167edf05,5771.642408509151466505,0,0,0,unknown_transfer_or_unpriced_swap
0x977b15009c23651c5357e0e4aa45efa890447f75,0x8fb214a238d04bbc52cda2a0ecdcb40bdb36435f4a4cdde6523f65900b422c1b,51354668,222,0xb92fe925dc43a0ecde6c8b1a2709c170ec4fff4f,262911.951974594598342457,248636.31106882358266162305429818157202104981878244948832531813143,2159.9125929019396417571917846542286116615921861553361999949306744,0.90154127761162853399999657093840412875097762173609491610106464414,same_tx_swap_flow_allocation
0x4e3ae00e8323558fa5cac04b152238924aa31b60,0x725a028ed7b4b7c049c5c41348c167f03c2955837b4188ef40755514abe14959,51355103,99,0xb2e6cf3e1ff4ce3f4ecb0baebbc06e3f351f027e,45591.255904067130299995,0,0,0,unknown_transfer_or_unpriced_swap
0x2bb2173427bb17b78adaa3d5fad9716328c3d262,0x80ecf2d4f85dcb5fad9534df4fa5b8729a647e683c5471c699dffabf132c4835,51355871,442,0x387abdfedda90c82298f04a1528ee33f6f694e14,149.853674927672897552,0E-1064,0E-1064,0E-1064,unknown_transfer_or_unpriced_swap
0x67505fc71782403718939b4bb3f6ab39be613f4f,0x80ecf2d4f85dcb5fad9534df4fa5b8729a647e683c5471c699dffabf132c4835,51355871,457,0x387abdfedda90c82298f04a1528ee33f6f694e14,120.055273468984732535,0E-2066,0E-2066,0E-2066,unknown_transfer_or_unpriced_swap
0xfc90fd5e560471fab35e3703bf5ea4c54acee766,0x80ecf2d4f85dcb5fad9534df4fa5b8729a647e683c5471c699dffabf132c4835,51355871,512,0x387abdfedda90c82298f04a1528ee33f6f694e14,218.169813746566214272,0E-5705,0E-5705,0E-5705,unknown_transfer_or_unpriced_swap
0x2bb2173427bb17b78adaa3d5fad9716328c3d262,0x15a08e709e9a4cf290efbb155cec976dfb5ab7a463af53faef85572dca91e397,51356351,397,0x387abdfedda90c82298f04a1528ee33f6f694e14,150.472648303324781469,0E-1199,0E-1199,0E-1199,unknown_transfer_or_unpriced_swap
0x8e34c9b87de1489096bc53e90660743bf9e8ac03,0x15a08e709e9a4cf290efbb155cec976dfb5ab7a463af53faef85572dca91e397,51356351,442,0x387abdfedda90c82298f04a1528ee33f6f694e14,195.189454308864809055,0E-4209,0E-4209,0E-4209,unknown_transfer_or_unpriced_swap
0xf0f349d0ed0673a77e0afcdffe00e8c023645a4e,0x15a08e709e9a4cf290efbb155cec976dfb5ab7a463af53faef85572dca91e397,51356351,485,0x387abdfedda90c82298f04a1528ee33f6f694e14,119.73899469157145636,0E-7061,0E-7061,0E-7061,unknown_transfer_or_unpriced_swap
0xfc90fd5e560471fab35e3703bf5ea4c54acee766,0x15a08e709e9a4cf290efbb155cec976dfb5ab7a463af53faef85572dca91e397,51356351,493,0x387abdfedda90c82298f04a1528ee33f6f694e14,219.070968197034197572,0E-7584,0E-7584,0E-7584,unknown_transfer_or_unpriced_swap
0x2bb2173427bb17b78adaa3d5fad9716328c3d262,0xeb596d4d69b518c16b534a7b9b195204f1d95cce14066d28fd81ccc6d91730ec,51356807,379,0x387abdfedda90c82298f04a1528ee33f6f694e14,64.320053509280526724,0E-667,0E-667,0E-667,unknown_transfer_or_unpriced_swap
0x8e34c9b87de1489096bc53e90660743bf9e8ac03,0xeb596d4d69b518c16b534a7b9b195204f1d95cce14066d28fd81ccc6d91730ec,51356807,417,0x387abdfedda90c82298f04a1528ee33f6f694e14,83.434406765312774921,0E-3205,0E-3205,0E-3205,unknown_transfer_or_unpriced_swap
0xf0f349d0ed0673a77e0afcdffe00e8c023645a4e,0xeb596d4d69b518c16b534a7b9b195204f1d95cce14066d28fd81ccc6d91730ec,51356807,450,0x387abdfedda90c82298f04a1528ee33f6f694e14,51.182847065895371968,0E-5393,0E-5393,0E-5393,unknown_transfer_or_unpriced_swap
0xfc90fd5e560471fab35e3703bf5ea4c54acee766,0xeb596d4d69b518c16b534a7b9b195204f1d95cce14066d28fd81ccc6d91730ec,51356807,457,0x387abdfedda90c82298f04a1528ee33f6f694e14,93.642642404744535767,0E-5850,0E-5850,0E-5850,unknown_transfer_or_unpriced_swap
0x4e3ae00e8323558fa5cac04b152238924aa31b60,0x28a94eabb817853253b3585d25928f2edb595bd7837be6844c2dfedd8ec2e0b0,51357146,177,0xb2e6cf3e1ff4ce3f4ecb0baebbc06e3f351f027e,17227.807720199998999999,0,0,0,unknown_transfer_or_unpriced_swap
0x4e3ae00e8323558fa5cac04b152238924aa31b60,0x0937213b41bede14bd253b3457a5f59b48ba8139b435521f0359b1f2f53d974c,51357242,318,0xb2e6cf3e1ff4ce3f4ecb0baebbc06e3f351f027e,46059.673099892146999995,0,0,0,unknown_transfer_or_unpriced_swap
0x4e3ae00e8323558fa5cac04b152238924aa31b60,0x6229a2aaf61523858b7577fc3338e7cdee71cdb9a6b79c178bf0bc728653409d,51357278,341,0x5f1c5951c5b1cc112ba9e89b9467edca33063453,8036.610634089488742112,0,0,0,unknown_transfer_or_unpriced_swap
0x2bb2173427bb17b78adaa3d5fad9716328c3d262,0x7d6532ce6c75abbd0138cb51dca956f45d7d249c5f7c361f0038509f4f8f28c1,51357707,605,0x387abdfedda90c82298f04a1528ee33f6f694e14,99.280242730682308257,0E-533,0E-533,0E-533,unknown_transfer_or_unpriced_swap
0x8e34c9b87de1489096bc53e90660743bf9e8ac03,0x7d6532ce6c75abbd0138cb51dca956f45d7d249c5f7c361f0038509f4f8f28c1,51357707,637,0x387abdfedda90c82298f04a1528ee33f6f694e14,128.783912696147739986,0E-2672,0E-2672,0E-2672,unknown_transfer_or_unpriced_swap
0xd1c77a04b87393e98a1220532e72e8f7d0a31c5a,0x7d6532ce6c75abbd0138cb51dca956f45d7d249c5f7c361f0038509f4f8f28c1,51357707,650,0x387abdfedda90c82298f04a1528ee33f6f694e14,2.691999597691290782,0E-3533,0E-3533,0E-3533,unknown_transfer_or_unpriced_swap
0xfc90fd5e560471fab35e3703bf5ea4c54acee766,0x7d6532ce6c75abbd0138cb51dca956f45d7d249c5f7c361f0038509f4f8f28c1,51357707,662,0x387abdfedda90c82298f04a1528ee33f6f694e14,191.497697855201492621,0E-4320,0E-4320,0E-4320,unknown_transfer_or_unpriced_swap
0x0ca6cadb6a8ca4199788b9a060c3285fe7b897fd,0xe18afd581df51393fa45bba43cc7a158a9891d43ca3fde6cc3dfe0517ab35b4c,51359489,327,0xf01a4dabfd54d1a6a1812a95f7151e8da851de2e,99.36278139242193232,0E-875,0E-875,0E-875,unknown_transfer_or_unpriced_swap
0x25eded2339466d3b7daf552b24d9b6e09b409b4b,0xe18afd581df51393fa45bba43cc7a158a9891d43ca3fde6cc3dfe0517ab35b4c,51359489,349,0xf01a4dabfd54d1a6a1812a95f7151e8da851de2e,8.962902607525423508,0E-2367,0E-2367,0E-2367,unknown_transfer_or_unpriced_swap
0x3fa87fac3430294f5461f9599ed2c9bd7b7eda6d,0xe18afd581df51393fa45bba43cc7a158a9891d43ca3fde6cc3dfe0517ab35b4c,51359489,367,0xf01a4dabfd54d1a6a1812a95f7151e8da851de2e,129.728887772409391821,0E-3580,0E-3580,0E-3580,unknown_transfer_or_unpriced_swap
0x4552df0be3b02bfb80c3444b3f1465ee0bdb224c,0xe18afd581df51393fa45bba43cc7a158a9891d43ca3fde6cc3dfe0517ab35b4c,51359489,374,0xf01a4dabfd54d1a6a1812a95f7151e8da851de2e,31.468619295476298506,0E-4050,0E-4050,0E-4050,unknown_transfer_or_unpriced_swap
0x461d5072f3eef08dedc4a7d74fb6d79f99e25e73,0xe18afd581df51393fa45bba43cc7a158a9891d43ca3fde6cc3dfe0517ab35b4c,51359489,375,0xf01a4dabfd54d1a6a1812a95f7151e8da851de2e,16.693896822779528356,0E-4117,0E-4117,0E-4117,unknown_transfer_or_unpriced_swap
0x68ccd83694d6b664a62982310fcefc9f792f39d6,0xe18afd581df51393fa45bba43cc7a158a9891d43ca3fde6cc3dfe0517ab35b4c,51359489,397,0xf01a4dabfd54d1a6a1812a95f7151e8da851de2e,24.198852996877973484,0E-5601,0E-5601,0E-5601,unknown_transfer_or_unpriced_swap
0x8da2e73785a202263be1b04d3dcc8137181c89c3,0xe18afd581df51393fa45bba43cc7a158a9891d43ca3fde6cc3dfe0517ab35b4c,51359489,420,0xf01a4dabfd54d1a6a1812a95f7151e8da851de2e,124.885231216511066632,0E-7150,0E-7150,0E-7150,unknown_transfer_or_unpriced_swap
0xd8b7f8ee88f4a19933e21724a3227b04cc31e9fe,0x2e8ecba02f10a6f50910dd9187d2ecefa5eaa697e7a9560e8417b91a1c03b0d4,51359490,709,0xf01a4dabfd54d1a6a1812a95f7151e8da851de2e,27.3537710231666357,0E-869,0E-869,0E-869,unknown_transfer_or_unpriced_swap
0xfc90fd5e560471fab35e3703bf5ea4c54acee766,0x2e8ecba02f10a6f50910dd9187d2ecefa5eaa697e7a9560e8417b91a1c03b0d4,51359490,731,0xf01a4dabfd54d1a6a1812a95f7151e8da851de2e,5.553916732845253794,0E-2323,0E-2323,0E-2323,unknown_transfer_or_unpriced_swap
0x4e3ae00e8323558fa5cac04b152238924aa31b60,0xffe187cb944af48bac0753b03d3938e8e3501940ec6cf39f0b8f941577fa303e,51360681,11,0xb2e6cf3e1ff4ce3f4ecb0baebbc06e3f351f027e,41617.558352445149999999,0,0,0,unknown_transfer_or_unpriced_swap
0x4e3ae00e8323558fa5cac04b152238924aa31b60,0x68adb87cf49e1efa5403f97851f8349c4fc96a03e4cad8351aea5c5628670767,51360681,160,0x5f1c5951c5b1cc112ba9e89b9467edca33063453,30107.453950878420313629,0,0,0,unknown_transfer_or_unpriced_swap
0x4e3ae00e8323558fa5cac04b152238924aa31b60,0x953a82668e444ed424063d55e651c25f25f1ec8e046b22dc309dadfde87e430c,51360681,289,0x6f10424b4f5ce3b80a999c6937226c59ddaf9def,16114.570000000001527951,0,0,0,unknown_transfer_or_unpriced_swap
0x2ff852bc2a42c0b75576c47d647ff71b6517a801,0xe85dc88c79720b6ac1344e88be8ccd9b04687e4d3b37161b51346adcf4b771f4,51361618,206,0xb92fe925dc43a0ecde6c8b1a2709c170ec4fff4f,153686.977097361756848022,153686.977097361756848022,1198.63595402949056691627,0.499912813595373283,same_tx_swap_flow_allocation
0xf055acd3193f0bc2a46c06e2b3398c6c9b3c0f97,0xc7e77413a29395c42f888edbfb62d9d2892296d7da5027817a94172a3f532a41,51362026,322,0xb92fe925dc43a0ecde6c8b1a2709c170ec4fff4f,123477.997889956179832098,123477.99788995617983209700000000000000000000000809860879742479992,994.72974938062442884556194407290060590857768026234555030170806307,0.41487004132336725299999664012983355058768134340233539377555399700,same_tx_swap_flow_allocation
0xf055acd3193f0bc2a46c06e2b3398c6c9b3c0f97,0xc20c5172beb4823a500bc85388fd27f9c993d169825a3b44c43e3fb3a2739ff1,51362641,942,0xb92fe925dc43a0ecde6c8b1a2709c170ec4fff4f,73246.067817055607251368,0E-67,0E-67,0E-67,unknown_transfer_or_unpriced_swap
0x4e3ae00e8323558fa5cac04b152238924aa31b60,0xd0e97a7f5279edd334212b4bcc8db6f6de9fdf3d9629369dc147f41857c50671,51362814,795,0x5f1c5951c5b1cc112ba9e89b9467edca33063453,9067.208421364630192706,0,0,0,unknown_transfer_or_unpriced_swap
0x6f43d67ee1a636dae48b3afec63f2d20489482ec,0x5eae3e187cd8cd53ba16d956995ec592403fc7d91988a27d76312d70d7394804,51364027,425,0x7692acc1cdd771d09ebcae3663e1843b2911bec7,421954.631263330845873854,421954.631263330845873854,3361.25631855347904,1.400164,same_tx_swap_flow_allocation
0x6f43d67ee1a636dae48b3afec63f2d20489482ec,0x5eae3e187cd8cd53ba16d956995ec592403fc7d91988a27d76312d70d7394804,51364027,462,0x498581ff718922c3f8e6a244956af099b2652b2b,21063.875376418423198249,0E-67,0E-67,0E-67,unknown_transfer_or_unpriced_swap
0x6f43d67ee1a636dae48b3afec63f2d20489482ec,0x5eae3e187cd8cd53ba16d956995ec592403fc7d91988a27d76312d70d7394804,51364027,464,0x3d3b216a8b176f0cc6cc29f185f6e0708b7482b0,2993.208927646208373478,2993.208927646208373478,23.979511,0.0099888984527824260005441505661300133157660913959500564543430641357,same_tx_swap_flow_allocation
0x6f43d67ee1a636dae48b3afec63f2d20489482ec,0x5eae3e187cd8cd53ba16d956995ec592403fc7d91988a27d76312d70d7394804,51364027,470,0x498581ff718922c3f8e6a244956af099b2652b2b,5945.762327952239641149,0E-134,0E-134,0E-134,unknown_transfer_or_unpriced_swap
0x6f43d67ee1a636dae48b3afec63f2d20489482ec,0x5eae3e187cd8cd53ba16d956995ec592403fc7d91988a27d76312d70d7394804,51364027,473,0xba72e99bc76de8d342da78c0e4fc04d605936e71,144629.078051046421679659,0E-66,0E-66,0E-66,unknown_transfer_or_unpriced_swap
0xf0f349d0ed0673a77e0afcdffe00e8c023645a4e,0x920bbaf524eee189ebb9152eeaafa7a98d1d3c269d710baa1306800cf796fe6d,51365054,152,0x7692acc1cdd771d09ebcae3663e1843b2911bec7,29554.152630325905957157,29554.152630325905957157,237.8927623762376215975521,0.099009900990099009,same_tx_swap_flow_allocation
0x10b321e762b85df47782ac8dff9075b6428d98e6,0x6c4b0372f09d470f48c1e278325e6d77611f5a24083c819e70bf7ea79fec4a16,51366586,703,0xb92fe925dc43a0ecde6c8b1a2709c170ec4fff4f,367332.913658540012929705,351672.00874464303761539504263409112436576134963410617537891303068,2773.6910295159106733890995287683527183245070189954274407043478368,1.1571529787361423619999968498521757519616188348154351181920595801,same_tx_swap_flow_allocation
0x4e3ae00e8323558fa5cac04b152238924aa31b60,0xb43bb9c46486300ca96bcd0220aa897e82cf5e8eaf0d9c0437cfcc6f3855130f,51367557,223,0xb2e6cf3e1ff4ce3f4ecb0baebbc06e3f351f027e,27583.390973727320999996,0,0,0,unknown_transfer_or_unpriced_swap
0xf0f349d0ed0673a77e0afcdffe00e8c023645a4e,0xbd83afec7b6043873d4a1c7e8d41e70eae2937913c07ae66630059853f291b2a,51367591,391,0x7692acc1cdd771d09ebcae3663e1843b2911bec7,14842.091764544282896637,14842.091764544282896637,108.98902970297029570288,0.045544554455445544,same_tx_swap_flow_allocation
0xf0f349d0ed0673a77e0afcdffe00e8c023645a4e,0xcde5eaddf35a0f0c72ca51bad7d32bc084f72748e6c936395df32e816174c864,51367623,155,0x7692acc1cdd771d09ebcae3663e1843b2911bec7,12885.133149029875117107,12885.133149029875117107,94.77306930693069077106,0.039603960396039603,same_tx_swap_flow_allocation
0x10b321e762b85df47782ac8dff9075b6428d98e6,0x17a10ef315d668e0ba4dff3e9b3d306298f5bf8ced72137d5c565befa19259d9,51367745,500,0xb92fe925dc43a0ecde6c8b1a2709c170ec4fff4f,201687.958154745827500023,201687.958154745827500023,1529.30850880483616038824,0.640617830132218026,same_tx_swap_flow_allocation
0x4e3ae00e8323558fa5cac04b152238924aa31b60,0x461ab6fffc41a5555690ab243d37ef594e63138518dece77321b21ec5759e58d,51368219,289,0xb2e6cf3e1ff4ce3f4ecb0baebbc06e3f351f027e,10585.092247941931999999,0,0,0,unknown_transfer_or_unpriced_swap
0x4e3ae00e8323558fa5cac04b152238924aa31b60,0xc24954d76bc6a1499d9f49d7c7d6cb8f129d69ce998dc3a85ec145a01165152a,51368219,362,0x5f1c5951c5b1cc112ba9e89b9467edca33063453,7521.046898855393278322,0,0,0,unknown_transfer_or_unpriced_swap
0x4e3ae00e8323558fa5cac04b152238924aa31b60,0xad22e29cf0fb3c0129e0040c65944c51598b3d2a8c3de49c7ef1c608eb2540f8,51368414,246,0xb2e6cf3e1ff4ce3f4ecb0baebbc06e3f351f027e,15834.991530248664999999,0,0,0,unknown_transfer_or_unpriced_swap
0x4e3ae00e8323558fa5cac04b152238924aa31b60,0xbe900728fb94ece2d8fc30ece442fd33709672bdba0d89536dba620db7ce7212,51373178,7,0x39176583a78443a64cd12ee18f8318dd8ed1268a,8205.209999999999934464,0,0,0,unknown_transfer_or_unpriced_swap
0x4e3ae00e8323558fa5cac04b152238924aa31b60,0x8ee6c9db3f1c2a49cdbb79e012675313f0ff4651c38733fd9012a3b40cf689b7,51373389,342,0x6f10424b4f5ce3b80a999c6937226c59ddaf9def,20000,0,0,0,unknown_transfer_or_unpriced_swap
0x4e3ae00e8323558fa5cac04b152238924aa31b60,0xc5a5e64d0b72fe35ce41a61f37bd4541f9cd814b5ab9f3cdbe599abe567a6a07,51373389,368,0x5f1c5951c5b1cc112ba9e89b9467edca33063453,11105.936201329367381562,0,0,0,unknown_transfer_or_unpriced_swap
0x8da2e73785a202263be1b04d3dcc8137181c89c3,0xca375d8afe651541ac65f9e5e5bab16d7a4c13cf00f1a83e77d0bc8ee7f8ef9e,51375915,16,0xb92fe925dc43a0ecde6c8b1a2709c170ec4fff4f,12919.650557516641091784,12919.650557516641091784,99.35390411473840947531,0.041471590515854761,same_tx_swap_flow_allocation
